# This file uses centimeters as units for non-parametric coordinates.

mtllib Icecream.mtl
g default
v 94.108650 63.011204 -13.599114
v 83.249939 63.011204 -19.232046
v 72.575752 63.011204 -13.599114
v 68.651123 63.011204 -0.000000
v 72.575752 63.011204 13.599114
v 83.249939 63.011204 19.232048
v 94.108650 63.011204 13.599115
v 98.033287 63.011204 -0.000000
v 92.259132 81.934158 -12.167630
v 82.526123 81.841904 -17.207621
v 73.900177 81.841904 -12.167630
v 69.851242 81.841904 -0.000000
v 73.900177 81.841904 12.167629
v 82.526123 81.841904 17.207623
v 92.259132 81.934158 12.167631
v 95.564629 81.934158 0.000000
v 64.855034 134.207520 -9.627369
v 65.522453 125.634590 -13.708875
v 64.503448 120.876228 -9.800289
v 64.505852 117.645508 0.000000
v 64.503448 120.876228 9.800289
v 65.522461 125.634590 13.708875
v 64.856628 134.208435 9.627985
v 64.923340 138.586182 -0.000011
v 36.463531 183.452072 -6.482966
v 31.224543 187.191772 -9.164332
v 25.956738 190.885300 -6.477356
v 23.672026 192.306473 0.003971
v 25.964331 190.886246 6.482975
v 31.235281 187.193085 9.164344
v 36.471130 183.453018 6.477366
v 38.790306 181.911392 -0.003962
v 39.296062 197.868362 -2.069021
v 37.543175 198.937134 -2.926032
v 35.600739 200.016968 -2.069021
v 34.860790 200.449341 0.000005
v 35.600739 200.016968 2.069030
v 37.543175 198.937134 2.926042
v 39.296062 197.868362 2.069031
v 40.033886 197.432358 0.000005
v -0.000000 16.481405 31.265991
v 41.213387 24.079901 29.657206
v -0.000000 187.575638 33.913658
v 25.837919 182.095901 29.818354
v -0.000000 185.874512 -34.987755
v 24.845287 182.555542 -29.430307
v -0.000000 17.085039 -30.781025
v 41.079857 24.863300 -31.154608
v -0.000000 195.278503 -0.000828
v 54.084824 28.545589 -0.000000
v 0.000000 14.167969 0.000000
v -0.000000 130.994812 62.819695
v 48.013718 130.907257 43.825829
v 46.850266 130.994812 -45.466881
v 0.000000 130.921204 -62.559109
v 0.000000 149.135330 -57.193321
v 43.374611 148.945694 -40.775490
v 59.060974 149.909058 -0.001058
v 43.237965 148.989700 41.173260
v 0.000000 149.135330 57.438393
v 0.000000 109.860840 68.364052
v 51.635738 109.732430 46.472610
v 68.435852 109.860840 0.000000
v 48.905296 109.860840 -50.548008
v 0.000000 109.806816 -68.094398
v -0.000000 192.937622 19.208937
v 27.610136 185.045715 19.095964
v 55.007595 145.990173 20.102257
v 59.009563 130.994812 23.913721
v 65.253441 111.436935 24.152054
v 46.875652 24.780798 18.870632
v -0.000000 15.626999 19.565302
v -0.000000 15.626999 -19.565302
v 46.875652 24.780798 -18.870632
v 65.253441 111.436935 -24.152054
v 59.009563 130.994812 -23.913721
v 54.996513 145.993378 -19.843676
v 27.341036 184.627747 -18.963306
v 0.000000 193.057159 -17.117256
v -0.000000 42.628483 68.832909
v 51.407860 49.995094 48.587818
v 67.059608 51.289112 29.367908
v 71.156189 56.380791 0.000000
v 67.059608 51.289120 -29.367908
v 47.422836 48.109505 -53.747208
v 0.000000 42.683300 -68.971458
v -0.000000 63.960941 73.058784
v 53.223454 68.116402 51.441341
v 69.050896 71.268913 30.773848
v 73.111061 72.572144 0.000000
v 69.050896 71.268921 -30.773848
v 51.110821 69.872070 -55.009365
v -0.000000 63.975410 -72.404015
v 0.000000 84.589386 71.994034
v 53.013111 88.384956 50.987679
v 68.559097 90.085144 31.109007
v 72.355209 90.009628 0.000000
v 68.559097 90.085152 -31.109007
v 50.896648 90.532669 -54.271008
v -0.000000 86.554749 -71.642677
v 27.790928 19.908487 31.722935
v 33.242878 44.981308 60.347088
v 34.439495 65.456093 65.560112
v 34.411282 86.702759 63.666916
v 33.413254 109.805534 60.266785
v 31.901043 130.912048 55.695076
v 28.433840 149.135330 51.146065
v 16.680149 185.541031 31.953453
v 16.764418 190.776108 19.601944
v 14.717401 193.529068 -0.000600
v 16.764418 190.895645 -17.510263
v 15.793994 184.678055 -33.044106
v 28.433840 149.135330 -50.900993
v 30.022346 130.994812 -56.594093
v 31.176054 109.860840 -61.349312
v 31.183687 88.551208 -64.951744
v 30.495853 67.923866 -66.021652
v 28.019297 46.815617 -64.868759
v 24.794392 19.784464 -31.627506
v 26.605621 17.233881 -23.839605
v 26.605621 17.233881 23.839605
v 14.280644 17.171082 31.242779
v 18.471165 45.129421 67.096161
v 18.868256 64.667953 70.363533
v 18.051130 85.855095 69.645645
v 17.073946 109.744667 66.241692
v 16.717400 130.931519 60.864056
v 14.565628 149.314896 55.623657
v 8.444355 186.964798 33.244919
v 6.847786 192.400558 19.437462
v 6.580671 194.692688 -0.000785
v 6.847786 192.520096 -17.345781
v 8.220015 185.767227 -34.107258
v 13.598415 149.300064 -55.608887
v 14.586592 131.138977 -61.291679
v 14.715375 110.042633 -66.718163
v 15.211153 87.342979 -70.103493
v 14.680782 65.456551 -71.357437
v 12.660828 44.329250 -68.214462
v 8.792007 17.044643 -30.527592
v 8.519186 15.206070 -18.208664
v 4.304571 14.183532 0.000000
v 8.519186 15.206078 18.208664
v -0.000000 175.228210 -44.459217
v 9.610951 175.066483 -43.100170
v 18.996258 174.879333 -40.770592
v 32.151222 175.581070 -32.503483
v 39.470161 175.903091 -17.380232
v 42.446472 174.670380 -0.014475
v 39.470161 175.903091 17.380232
v 32.151222 175.528015 35.537403
v 19.666454 178.635162 38.795376
v 8.233798 179.705353 39.939762
v 0.000000 180.106064 40.401264
v 0.000000 159.615891 -52.635101
v 11.416656 159.564850 -51.470387
v 25.272074 159.864883 -47.558662
v 38.538532 161.004044 -37.174950
v 48.392818 162.510635 -22.965149
v 50.831013 162.315491 0.000072
v 48.115971 162.793320 23.564894
v 39.074680 161.324905 40.063873
v 25.272074 159.864883 47.390621
v 12.196030 159.536926 51.873581
v 0.000000 159.615891 53.184956
v 42.595798 1.605955 -16.434669
v 26.742289 1.605955 -23.242136
v 10.801416 1.605955 -16.434669
v 3.868956 1.605955 -0.000000
v 10.801416 1.605955 16.434669
v 26.742289 1.605955 23.242136
v 42.595798 1.605955 16.434669
v 49.791874 1.605955 -0.000000
v 41.670601 0.018407 -15.504473
v 26.742289 0.020072 -21.951321
v 11.726605 0.018407 -15.504473
v 5.201735 0.016746 -0.000000
v 11.726605 0.018407 15.504473
v 26.742289 0.020072 21.951323
v 41.670601 0.018407 15.504475
v 48.459103 0.016746 -0.000000
v 38.845093 0.018407 -12.059034
v 26.742289 0.019701 -17.073250
v 15.063422 0.018407 -12.059034
v 10.244829 0.017113 -0.000000
v 15.063422 0.018407 12.059033
v 26.742289 0.019701 17.073250
v 38.845093 0.018407 12.059036
v 43.152382 0.017113 -0.000000
v 33.167713 0.018407 -7.838371
v 26.742289 0.019250 -11.097611
v 19.151030 0.018407 -7.838371
v 16.018942 0.017566 0.000000
v 19.151030 0.018407 7.838371
v 26.742289 0.019250 11.097611
v 33.167713 0.018407 7.838373
v 36.299809 0.017566 0.000000
v 26.742289 0.019250 -0.002220
v 44.311241 22.571831 16.623405
v 49.016876 26.652660 -0.000000
v 44.311241 22.571831 -16.623405
v 26.604446 15.811367 -22.424128
v 8.826563 14.107534 -17.951813
v 5.172226 13.167592 -0.000000
v 8.826563 14.107541 17.951813
v 26.604446 15.811367 22.424128
v 43.048443 10.721791 15.626365
v 49.157562 9.808034 -0.000000
v 43.048443 10.721791 -15.626363
v 26.595919 7.476307 -22.176746
v 9.817640 6.139328 -16.458700
v 4.244554 5.798482 -0.000000
v 9.817640 6.139331 16.458700
v 26.595919 7.476307 22.176746
v -0.000000 25.190081 54.394272
v 17.060562 26.979355 53.096134
v 30.418337 29.961508 49.281685
v 46.786366 34.226566 40.503223
v 59.375389 36.934601 27.037407
v 62.438244 38.363712 0.000000
v 59.375389 36.934608 -27.037407
v 43.946342 33.041248 -41.992813
v 25.690975 29.317783 -53.152451
v 10.604033 26.104988 -54.178753
v 0.000000 25.576017 -54.237717
v 22.358639 189.993683 9.011715
v 19.483435 192.075134 -0.039175
v 28.941299 185.568237 12.413747
v 22.317759 190.026276 -9.243015
v 28.948069 185.583374 -12.412503
v 39.945068 177.794434 0.033893
v 36.037678 180.690720 -8.942211
v 36.034801 180.659042 9.163134
v 39.168663 199.954163 -0.987067
v 38.313782 200.447372 -1.394415
v 37.461723 200.940842 -0.984744
v 37.109749 201.145248 0.000005
v 37.461723 200.940842 0.984754
v 38.313782 200.447372 1.394425
v 39.168667 199.954163 0.987077
v 39.523460 199.750000 0.000005
v 38.655022 201.047211 0.000005
v 37.825729 188.226913 -5.245598
v 39.541512 187.117386 0.000005
v 37.825729 188.226913 5.245609
v 33.695213 190.876892 7.418406
v 29.239685 193.880051 5.245608
v 27.186741 195.269775 0.000005
v 29.239685 193.880051 -5.245598
v 33.695213 190.876892 -7.418395
v 38.900341 193.131409 -3.789948
v 40.167587 192.334457 0.000005
v 38.900341 193.131409 3.789958
v 35.690529 195.189026 5.359803
v 32.310654 197.283051 3.789957
v 30.958803 198.078339 0.000005
v 32.310654 197.283051 -3.789948
v 35.690529 195.189026 -5.359793
v 29.561665 186.073029 -11.687346
v 23.235794 190.353333 -8.622718
v 20.729635 192.189178 -0.029196
v 23.269255 190.328461 8.445833
v 29.559210 186.061691 11.688265
v 36.420063 181.400757 8.561105
v 39.799492 179.021378 0.025084
v 36.420326 181.424911 -8.392301
v 30.652527 186.625214 -9.805413
v 25.166513 190.425354 -7.061139
v 22.545189 191.941757 -0.007872
v 25.183750 190.416992 7.000998
v 30.658916 186.622009 9.805731
v 36.451908 182.628464 7.038857
v 38.996517 180.811829 0.006371
v 36.446861 182.636536 -6.981668
v 81.352524 110.341225 -10.117079
v 83.010262 111.854225 -0.000000
v 81.352524 110.341225 10.117079
v 75.150612 104.615440 14.372331
v 70.171562 99.929153 10.216099
v 68.023552 98.313789 0.000000
v 70.171562 99.929153 -10.216099
v 75.150604 104.615440 -14.372330
v 87.267082 96.414452 -11.345343
v 90.246727 97.171272 -0.000000
v 87.267082 96.414452 11.345343
v 78.838364 93.228668 16.080069
v 72.035873 90.885529 11.399484
v 68.937393 90.077850 -0.000000
v 72.035873 90.885529 -11.399485
v 78.838364 93.228668 -16.080067
v 94.106415 72.472679 -12.883371
v 97.721481 72.472679 0.000000
v 94.106415 72.472679 12.883373
v 82.888031 72.426552 18.219835
v 73.237961 72.426552 12.883371
v 69.251183 72.426552 -0.000000
v 73.237961 72.426552 -12.883371
v 82.888031 72.426552 -18.219833
v 73.630295 121.879181 -9.859663
v 74.716438 124.581757 -0.000000
v 73.630295 121.879181 9.859663
v 70.336533 115.125015 14.040603
v 67.337509 110.402695 10.008194
v 66.264702 107.979645 0.000000
v 67.337509 110.402695 -10.008194
v 70.336533 115.125015 -14.040602
v 82.432457 37.275032 -16.115807
v 77.449707 44.364948 -17.119293
v 69.319069 50.431255 -12.617636
v 66.183678 51.858440 0.000002
v 66.454964 49.852539 15.366719
v 74.402031 42.863644 20.636250
v 82.432457 39.362537 14.760464
v 88.783432 38.093243 0.000002
v 93.676643 54.197269 -14.070627
v 83.396843 55.996937 -19.975519
v 71.961487 57.204494 -13.286221
v 67.782928 57.647923 0.000000
v 71.961487 57.204494 15.567324
v 83.368507 55.996937 20.579216
v 93.676643 54.197269 14.070626
v 97.602234 53.770069 0.000000
v 76.514519 41.468941 -7.900179
v 74.826973 43.169617 -7.518860
v 71.392868 45.585583 -5.740769
v 69.425964 46.386021 -0.635996
v 68.831909 45.485394 5.806923
v 74.151321 42.727520 9.491062
v 76.681839 41.613926 6.761227
v 77.458916 41.835922 -0.199839
v 63.473465 40.625797 14.423121
v 68.003357 37.292976 16.385418
v 65.144836 39.565662 9.067659
v 68.101837 37.469757 10.822265
v 78.696815 31.474113 11.679041
v 80.728287 29.842867 2.409215
v 74.873886 33.845039 7.282453
v 76.071358 32.922279 2.593282
v 79.963593 30.361917 -2.835248
v 77.842369 31.931568 -12.296611
v 75.194763 33.375217 -3.104893
v 74.294350 34.101860 -7.591928
v 75.565613 42.482346 -3.234562
v 74.389183 43.328987 -4.519700
v 72.609489 44.260990 -3.247080
v 71.952843 44.766613 -0.199840
v 72.405624 44.124683 2.847401
v 74.063820 43.210354 4.120023
v 75.398743 42.406033 2.834878
v 75.877045 42.268768 -0.199839
v 74.220200 43.397110 -0.198034
v 64.222504 45.637127 15.271697
v 71.759140 39.558815 19.381241
v 71.854218 39.690582 10.171412
v 66.465492 42.915951 6.679297
v 80.702271 35.044342 14.110877
v 84.336685 33.953773 0.650974
v 77.154945 37.097340 0.583111
v 76.128151 37.919994 7.850361
v 83.827042 33.341702 -1.036714
v 80.254456 34.057987 -14.785206
v 75.542259 37.071808 -7.354148
v 76.785522 36.388588 -1.394834
v 88.740746 45.104168 -14.769509
v 80.500656 48.412140 -20.605938
v 71.444061 53.990852 -14.417193
v 67.323112 55.025326 -0.092019
v 69.860176 53.670811 15.753430
v 80.530235 48.359982 21.071436
v 88.072655 45.169270 14.823160
v 94.335327 43.835690 -0.092019
v 24.233709 172.750488 42.421005
v 20.685278 174.641708 42.097103
v 22.185509 166.209747 46.392887
v 25.916452 170.761581 43.665234
v 8.643388 175.616623 43.604744
v 9.486832 166.757797 49.663437
v -0.000000 166.761429 50.549816
v -0.000000 175.642105 44.024433
v 21.840370 167.073334 33.089264
v 18.004440 168.179520 32.741112
v 19.723637 163.575439 39.178543
v 23.761488 164.976120 36.433884
v 7.748720 169.003540 33.920666
v 8.592168 163.414536 42.505997
v 0.000000 163.339172 43.007717
v 0.000000 169.137482 34.497463
v -94.108650 63.011204 -13.599114
v -83.249939 63.011204 -19.232046
v -72.575752 63.011204 -13.599114
v -68.651123 63.011204 -0.000000
v -72.575752 63.011204 13.599114
v -83.249939 63.011204 19.232048
v -94.108650 63.011204 13.599115
v -98.033287 63.011204 -0.000000
v -92.259132 81.934158 -12.167630
v -82.526123 81.841904 -17.207621
v -73.900177 81.841904 -12.167630
v -69.851242 81.841904 -0.000000
v -73.900177 81.841904 12.167629
v -82.526123 81.841904 17.207623
v -92.259132 81.934158 12.167631
v -95.564629 81.934158 0.000000
v -64.855034 134.207520 -9.627369
v -65.522453 125.634590 -13.708875
v -64.503448 120.876228 -9.800289
v -64.505852 117.645508 0.000000
v -64.503448 120.876228 9.800289
v -65.522461 125.634590 13.708875
v -64.856628 134.208435 9.627985
v -64.923340 138.586182 -0.000011
v -36.463531 183.452072 -6.482966
v -31.224543 187.191772 -9.164332
v -25.956738 190.885300 -6.477356
v -23.672026 192.306473 0.003971
v -25.964331 190.886246 6.482975
v -31.235281 187.193085 9.164344
v -36.471130 183.453018 6.477366
v -38.790306 181.911392 -0.003962
v -39.296062 197.868362 -2.069021
v -37.543175 198.937134 -2.926032
v -35.600739 200.016968 -2.069021
v -34.860790 200.449341 0.000005
v -35.600739 200.016968 2.069030
v -37.543175 198.937134 2.926042
v -39.296062 197.868362 2.069031
v -40.033886 197.432358 0.000005
v -41.213387 24.079901 29.657206
v -25.837919 182.095901 29.818354
v -24.845287 182.555542 -29.430307
v -41.079857 24.863300 -31.154608
v -54.084824 28.545589 -0.000000
v -48.013718 130.907257 43.825829
v -46.850266 130.994812 -45.466881
v -43.374611 148.945694 -40.775490
v -59.060974 149.909058 -0.001058
v -43.237965 148.989700 41.173260
v -51.635738 109.732430 46.472610
v -68.435852 109.860840 0.000000
v -48.905296 109.860840 -50.548008
v -27.610136 185.045715 19.095964
v -55.007595 145.990173 20.102257
v -59.009563 130.994812 23.913721
v -65.253441 111.436935 24.152054
v -46.875652 24.780798 18.870632
v -46.875652 24.780798 -18.870632
v -65.253441 111.436935 -24.152054
v -59.009563 130.994812 -23.913721
v -54.996513 145.993378 -19.843676
v -27.341036 184.627747 -18.963306
v -51.407860 49.995094 48.587818
v -67.059608 51.289112 29.367908
v -71.156189 56.380791 0.000000
v -67.059608 51.289120 -29.367908
v -47.422836 48.109505 -53.747208
v -53.223454 68.116402 51.441341
v -69.050896 71.268913 30.773848
v -73.111061 72.572144 0.000000
v -69.050896 71.268921 -30.773848
v -51.110821 69.872070 -55.009365
v -53.013111 88.384956 50.987679
v -68.559097 90.085144 31.109007
v -72.355209 90.009628 0.000000
v -68.559097 90.085152 -31.109007
v -50.896648 90.532669 -54.271008
v -27.790928 19.908487 31.722935
v -33.242878 44.981308 60.347088
v -34.439495 65.456093 65.560112
v -34.411282 86.702759 63.666916
v -33.413254 109.805534 60.266785
v -31.901043 130.912048 55.695076
v -28.433840 149.135330 51.146065
v -16.680149 185.541031 31.953453
v -16.764418 190.776108 19.601944
v -14.717401 193.529068 -0.000600
v -16.764418 190.895645 -17.510263
v -15.793994 184.678055 -33.044106
v -28.433840 149.135330 -50.900993
v -30.022346 130.994812 -56.594093
v -31.176054 109.860840 -61.349312
v -31.183687 88.551208 -64.951744
v -30.495853 67.923866 -66.021652
v -28.019297 46.815617 -64.868759
v -24.794392 19.784464 -31.627506
v -26.605621 17.233881 -23.839605
v -26.605621 17.233881 23.839605
v -14.280644 17.171082 31.242779
v -18.471165 45.129421 67.096161
v -18.868256 64.667953 70.363533
v -18.051130 85.855095 69.645645
v -17.073946 109.744667 66.241692
v -16.717400 130.931519 60.864056
v -14.565628 149.314896 55.623657
v -8.444355 186.964798 33.244919
v -6.847786 192.400558 19.437462
v -6.580671 194.692688 -0.000785
v -6.847786 192.520096 -17.345781
v -8.220015 185.767227 -34.107258
v -13.598415 149.300064 -55.608887
v -14.586592 131.138977 -61.291679
v -14.715375 110.042633 -66.718163
v -15.211153 87.342979 -70.103493
v -14.680782 65.456551 -71.357437
v -12.660828 44.329250 -68.214462
v -8.792007 17.044643 -30.527592
v -8.519186 15.206070 -18.208664
v -4.304571 14.183532 -0.000000
v -8.519186 15.206078 18.208664
v -9.610951 175.066483 -43.100170
v -18.996258 174.879333 -40.770592
v -32.151222 175.581070 -32.503483
v -39.470161 175.903091 -17.380232
v -42.446472 174.670380 -0.014475
v -39.470161 175.903091 17.380232
v -32.151222 175.528015 35.537403
v -19.666454 178.635162 38.795376
v -8.233798 179.705353 39.939762
v -11.416656 159.564850 -51.470387
v -25.272074 159.864883 -47.558662
v -38.538532 161.004044 -37.174950
v -48.392818 162.510635 -22.965149
v -50.831013 162.315491 0.000072
v -48.115971 162.793320 23.564894
v -39.074680 161.324905 40.063873
v -25.272074 159.864883 47.390621
v -12.196030 159.536926 51.873581
v -42.595798 1.605955 -16.434669
v -26.742289 1.605955 -23.242136
v -10.801416 1.605955 -16.434669
v -3.868956 1.605955 -0.000000
v -10.801416 1.605955 16.434669
v -26.742289 1.605955 23.242136
v -42.595798 1.605955 16.434669
v -49.791874 1.605955 -0.000000
v -41.670601 0.018407 -15.504473
v -26.742289 0.020072 -21.951321
v -11.726605 0.018407 -15.504473
v -5.201735 0.016746 -0.000000
v -11.726605 0.018407 15.504473
v -26.742289 0.020072 21.951323
v -41.670601 0.018407 15.504475
v -48.459103 0.016746 -0.000000
v -38.845093 0.018407 -12.059034
v -26.742289 0.019701 -17.073250
v -15.063422 0.018407 -12.059034
v -10.244829 0.017113 -0.000000
v -15.063422 0.018407 12.059033
v -26.742289 0.019701 17.073250
v -38.845093 0.018407 12.059036
v -43.152382 0.017113 -0.000000
v -33.167713 0.018407 -7.838371
v -26.742289 0.019250 -11.097611
v -19.151030 0.018407 -7.838371
v -16.018942 0.017566 0.000000
v -19.151030 0.018407 7.838371
v -26.742289 0.019250 11.097611
v -33.167713 0.018407 7.838373
v -36.299809 0.017566 0.000000
v -26.742289 0.019250 -0.002220
v -44.311241 22.571831 16.623405
v -49.016876 26.652660 -0.000000
v -44.311241 22.571831 -16.623405
v -26.604446 15.811367 -22.424128
v -8.826563 14.107534 -17.951813
v -5.172226 13.167592 -0.000000
v -8.826563 14.107541 17.951813
v -26.604446 15.811367 22.424128
v -43.048443 10.721791 15.626365
v -49.157562 9.808034 -0.000000
v -43.048443 10.721791 -15.626363
v -26.595919 7.476307 -22.176746
v -9.817640 6.139328 -16.458700
v -4.244554 5.798482 -0.000000
v -9.817640 6.139331 16.458700
v -26.595919 7.476307 22.176746
v -17.060562 26.979355 53.096134
v -30.418337 29.961508 49.281685
v -46.786366 34.226566 40.503223
v -59.375389 36.934601 27.037407
v -62.438244 38.363712 0.000000
v -59.375389 36.934608 -27.037407
v -43.946342 33.041248 -41.992813
v -25.690975 29.317783 -53.152451
v -10.604033 26.104988 -54.178753
v -22.358639 189.993683 9.011715
v -19.483435 192.075134 -0.039175
v -28.941299 185.568237 12.413747
v -22.317759 190.026276 -9.243015
v -28.948069 185.583374 -12.412503
v -39.945068 177.794434 0.033893
v -36.037678 180.690720 -8.942211
v -36.034801 180.659042 9.163134
v -39.168663 199.954163 -0.987067
v -38.313782 200.447372 -1.394415
v -37.461723 200.940842 -0.984744
v -37.109749 201.145248 0.000005
v -37.461723 200.940842 0.984754
v -38.313782 200.447372 1.394425
v -39.168667 199.954163 0.987077
v -39.523460 199.750000 0.000005
v -38.655022 201.047211 0.000005
v -37.825729 188.226913 -5.245598
v -39.541512 187.117386 0.000005
v -37.825729 188.226913 5.245609
v -33.695213 190.876892 7.418406
v -29.239685 193.880051 5.245608
v -27.186741 195.269775 0.000005
v -29.239685 193.880051 -5.245598
v -33.695213 190.876892 -7.418395
v -38.900341 193.131409 -3.789948
v -40.167587 192.334457 0.000005
v -38.900341 193.131409 3.789958
v -35.690529 195.189026 5.359803
v -32.310654 197.283051 3.789957
v -30.958803 198.078339 0.000005
v -32.310654 197.283051 -3.789948
v -35.690529 195.189026 -5.359793
v -29.561665 186.073029 -11.687346
v -23.235794 190.353333 -8.622718
v -20.729635 192.189178 -0.029196
v -23.269255 190.328461 8.445833
v -29.559210 186.061691 11.688265
v -36.420063 181.400757 8.561105
v -39.799492 179.021378 0.025084
v -36.420326 181.424911 -8.392301
v -30.652527 186.625214 -9.805413
v -25.166513 190.425354 -7.061139
v -22.545189 191.941757 -0.007872
v -25.183750 190.416992 7.000998
v -30.658916 186.622009 9.805731
v -36.451908 182.628464 7.038857
v -38.996517 180.811829 0.006371
v -36.446861 182.636536 -6.981668
v -81.352524 110.341225 -10.117079
v -83.010262 111.854225 -0.000000
v -81.352524 110.341225 10.117079
v -75.150612 104.615440 14.372331
v -70.171562 99.929153 10.216099
v -68.023552 98.313789 0.000000
v -70.171562 99.929153 -10.216099
v -75.150604 104.615440 -14.372330
v -87.267082 96.414452 -11.345343
v -90.246727 97.171272 -0.000000
v -87.267082 96.414452 11.345343
v -78.838364 93.228668 16.080069
v -72.035873 90.885529 11.399484
v -68.937393 90.077850 -0.000000
v -72.035873 90.885529 -11.399485
v -78.838364 93.228668 -16.080067
v -94.106415 72.472679 -12.883371
v -97.721481 72.472679 0.000000
v -94.106415 72.472679 12.883373
v -82.888031 72.426552 18.219835
v -73.237961 72.426552 12.883371
v -69.251183 72.426552 -0.000000
v -73.237961 72.426552 -12.883371
v -82.888031 72.426552 -18.219833
v -73.630295 121.879181 -9.859663
v -74.716438 124.581757 -0.000000
v -73.630295 121.879181 9.859663
v -70.336533 115.125015 14.040603
v -67.337509 110.402695 10.008194
v -66.264702 107.979645 0.000000
v -67.337509 110.402695 -10.008194
v -70.336533 115.125015 -14.040602
v -82.432457 37.275032 -16.115807
v -77.449707 44.364948 -17.119293
v -69.319069 50.431255 -12.617636
v -66.183678 51.858440 0.000002
v -66.454964 49.852539 15.366719
v -74.402031 42.863644 20.636250
v -82.432457 39.362537 14.760464
v -88.783432 38.093243 0.000002
v -93.676643 54.197269 -14.070627
v -83.396843 55.996937 -19.975519
v -71.961487 57.204494 -13.286221
v -67.782928 57.647923 0.000000
v -71.961487 57.204494 15.567324
v -83.368507 55.996937 20.579216
v -93.676643 54.197269 14.070626
v -97.602234 53.770069 0.000000
v -76.514519 41.468941 -7.900179
v -74.826973 43.169617 -7.518860
v -71.392868 45.585583 -5.740769
v -69.425964 46.386021 -0.635996
v -68.831909 45.485394 5.806923
v -74.151321 42.727520 9.491062
v -76.681839 41.613926 6.761227
v -77.458916 41.835922 -0.199839
v -63.473465 40.625797 14.423121
v -68.003357 37.292976 16.385418
v -65.144836 39.565662 9.067659
v -68.101837 37.469757 10.822265
v -78.696815 31.474113 11.679041
v -80.728287 29.842867 2.409215
v -74.873886 33.845039 7.282453
v -76.071358 32.922279 2.593282
v -79.963593 30.361917 -2.835248
v -77.842369 31.931568 -12.296611
v -75.194763 33.375217 -3.104893
v -74.294350 34.101860 -7.591928
v -75.565613 42.482346 -3.234562
v -74.389183 43.328987 -4.519700
v -72.609489 44.260990 -3.247080
v -71.952843 44.766613 -0.199840
v -72.405624 44.124683 2.847401
v -74.063820 43.210354 4.120023
v -75.398743 42.406033 2.834878
v -75.877045 42.268768 -0.199839
v -74.220200 43.397110 -0.198034
v -64.222504 45.637127 15.271697
v -71.759140 39.558815 19.381241
v -71.854218 39.690582 10.171412
v -66.465492 42.915951 6.679297
v -80.702271 35.044342 14.110877
v -84.336685 33.953773 0.650974
v -77.154945 37.097340 0.583111
v -76.128151 37.919994 7.850361
v -83.827042 33.341702 -1.036714
v -80.254456 34.057987 -14.785206
v -75.542259 37.071808 -7.354148
v -76.785522 36.388588 -1.394834
v -88.740746 45.104168 -14.769509
v -80.500656 48.412140 -20.605938
v -71.444061 53.990852 -14.417193
v -67.323112 55.025326 -0.092019
v -69.860176 53.670811 15.753430
v -80.530235 48.359982 21.071436
v -88.072655 45.169270 14.823160
v -94.335327 43.835690 -0.092019
v -24.233709 172.750488 42.421005
v -20.685278 174.641708 42.097103
v -22.185509 166.209747 46.392887
v -25.916452 170.761581 43.665234
v -8.643388 175.616623 43.604744
v -9.486832 166.757797 49.663437
v -21.840370 167.073334 33.089264
v -18.004440 168.179520 32.741112
v -19.723637 163.575439 39.178543
v -23.761488 164.976120 36.433884
v -7.748720 169.003540 33.920666
v -8.592168 163.414536 42.505997
v 23.257858 168.827972 36.162163
v 25.178978 167.345398 39.486237
v 20.862986 165.392899 42.310936
v 8.950033 166.355347 45.820827
v -0.000000 166.169800 46.328293
v -8.950033 166.355347 45.820827
v -20.862986 165.392899 42.310936
v -25.178978 167.345398 39.486237
v -23.257858 168.827972 36.162163
v -18.993172 170.551453 35.894051
v -8.106587 171.444519 37.256039
v -0.000000 171.621170 38.016457
v 8.106587 171.444519 37.256039
v 18.993172 170.551453 35.894051
v 22.154299 167.461945 33.769817
v 24.075418 165.500839 37.109886
v 19.975967 163.977951 39.872269
v 8.671424 164.065826 43.240128
v -0.000000 163.966064 43.743122
v -8.671424 164.065826 43.240128
v -19.975967 163.977951 39.872269
v -24.075418 165.500839 37.109886
v -22.154299 167.461945 33.769817
v -18.223413 168.704834 33.439392
v -7.827977 169.544128 34.659348
v -0.000000 169.687531 35.276810
v 7.827977 169.544128 34.659348
v 18.223413 168.704834 33.439392
vt 0.375000 0.312500
vt 0.406250 0.312500
vt 0.437500 0.312500
vt 0.468750 0.312500
vt 0.500000 0.312500
vt 0.531250 0.312500
vt 0.562500 0.312500
vt 0.593750 0.312500
vt 0.625000 0.312500
vt 0.375000 0.688440
vt 0.406250 0.688440
vt 0.437500 0.688440
vt 0.468750 0.688440
vt 0.500000 0.688440
vt 0.531250 0.688440
vt 0.562500 0.688440
vt 0.593750 0.688440
vt 0.625000 0.688440
vt 0.000000 0.000000
vt 1.000000 0.000000
vt 1.000000 1.000000
vt 0.000000 1.000000
vt 0.000000 0.000000
vt 1.000000 0.000000
vt 1.000000 1.000000
vt 0.000000 1.000000
vt 0.000000 0.000000
vt 1.000000 0.000000
vt 1.000000 1.000000
vt 0.000000 1.000000
vt 0.000000 0.000000
vt 1.000000 0.000000
vt 1.000000 1.000000
vt 0.000000 1.000000
vt 0.000000 0.000000
vt 1.000000 0.000000
vt 1.000000 1.000000
vt 0.000000 1.000000
vt 0.000000 0.000000
vt 1.000000 0.000000
vt 1.000000 1.000000
vt 0.000000 1.000000
vt 0.000000 0.000000
vt 1.000000 0.000000
vt 1.000000 1.000000
vt 0.000000 1.000000
vt 0.000000 0.000000
vt 1.000000 0.000000
vt 1.000000 1.000000
vt 0.000000 1.000000
vt 0.375000 0.312500
vt 0.406250 0.312500
vt 0.406250 0.437813
vt 0.375000 0.437813
vt 0.437500 0.312500
vt 0.437500 0.437813
vt 0.468750 0.312500
vt 0.468750 0.437813
vt 0.500000 0.312500
vt 0.500000 0.437813
vt 0.531250 0.312500
vt 0.531250 0.437813
vt 0.562500 0.312500
vt 0.562500 0.437813
vt 0.593750 0.312500
vt 0.593750 0.437813
vt 0.625000 0.312500
vt 0.625000 0.437813
vt 0.375000 0.162713
vt 0.406401 0.162713
vt 0.406401 0.197548
vt 0.375000 0.197548
vt 0.375000 0.375000
vt 0.406401 0.375000
vt 0.406401 0.437500
vt 0.375000 0.437500
vt 0.375000 0.552452
vt 0.406401 0.552452
vt 0.406401 0.587287
vt 0.375000 0.587287
vt 0.375000 0.812500
vt 0.406401 0.812500
vt 0.406401 0.875000
vt 0.375000 0.875000
vt 0.375000 0.312500
vt 0.406401 0.312500
vt 0.406401 0.937500
vt 0.375000 0.937500
vt 0.375000 0.124493
vt 0.406401 0.124493
vt 0.406401 0.625507
vt 0.375000 0.625507
vt 0.375000 0.542765
vt 0.406401 0.542765
vt 0.812500 0.207235
vt 0.750000 0.207235
vt 0.750000 0.197548
vt 0.812500 0.197548
vt 0.687500 0.207235
vt 0.687500 0.197548
vt 0.406401 0.207235
vt 0.375000 0.207235
vt 0.375000 0.093370
vt 0.406401 0.093370
vt 0.687500 0.124493
vt 0.687500 0.093370
vt 0.750000 0.093370
vt 0.750000 0.124493
vt 0.812500 0.093370
vt 0.812500 0.124493
vt 0.406401 0.656630
vt 0.375000 0.656630
vt 0.375000 0.250000
vt 0.406401 0.250000
vt 0.625000 0.197548
vt 0.625000 0.207235
vt 0.625000 0.162713
vt 0.687500 0.162713
vt 0.625000 0.124493
vt 0.625000 0.093370
vt 0.406401 1.000000
vt 0.375000 1.000000
vt 0.375000 0.750000
vt 0.406401 0.750000
vt 0.875000 0.124493
vt 0.875000 0.093370
vt 0.875000 0.162713
vt 0.812500 0.162713
vt 0.875000 0.197548
vt 0.875000 0.207235
vt 0.406401 0.500000
vt 0.375000 0.500000
vt 0.375000 0.015562
vt 0.406401 0.015562
vt 0.406401 0.031123
vt 0.375000 0.031123
vt 0.625000 0.015562
vt 0.687500 0.015562
vt 0.687500 0.031123
vt 0.625000 0.031123
vt 0.750000 0.031123
vt 0.750000 0.015562
vt 0.812500 0.015562
vt 0.812500 0.031123
vt 0.875000 0.031123
vt 0.875000 0.015562
vt 0.375000 0.718877
vt 0.406401 0.718877
vt 0.406401 0.734438
vt 0.375000 0.734438
vt 0.406401 0.062247
vt 0.375000 0.062247
vt 0.687500 0.062247
vt 0.625000 0.062247
vt 0.750000 0.062247
vt 0.812500 0.062247
vt 0.875000 0.062247
vt 0.375000 0.687753
vt 0.406401 0.687753
vt 0.500000 0.031123
vt 0.500000 0.015562
vt 0.500000 0.062247
vt 0.500000 0.093370
vt 0.500000 0.124493
vt 0.500000 0.162713
vt 0.500000 0.197548
vt 0.500000 0.207235
vt 0.500000 0.312500
vt 0.500000 0.250000
vt 0.625000 0.250000
vt 0.625000 0.312500
vt 0.500000 0.500000
vt 0.500000 0.437500
vt 0.625000 0.437500
vt 0.625000 0.500000
vt 0.500000 0.552452
vt 0.500000 0.542765
vt 0.625000 0.542765
vt 0.625000 0.552452
vt 0.500000 0.587287
vt 0.625000 0.587287
vt 0.500000 0.625507
vt 0.625000 0.625507
vt 0.500000 0.656630
vt 0.625000 0.656630
vt 0.500000 0.687753
vt 0.625000 0.687753
vt 0.500000 0.718877
vt 0.625000 0.718877
vt 0.625000 0.734438
vt 0.500000 0.734438
vt 0.500000 0.812500
vt 0.500000 0.750000
vt 0.625000 0.750000
vt 0.625000 0.812500
vt 0.500000 1.000000
vt 0.500000 0.937500
vt 0.625000 0.937500
vt 0.625000 1.000000
vt 0.500000 0.375000
vt 0.406401 0.518809
vt 0.375000 0.518809
vt 0.500000 0.518809
vt 0.625000 0.518809
vt 0.812500 0.250000
vt 0.812500 0.231191
vt 0.875000 0.231191
vt 0.875000 0.250000
vt 0.625000 0.231191
vt 0.687500 0.231191
vt 0.687500 0.250000
vt 0.500000 0.231191
vt 0.406401 0.231191
vt 0.375000 0.231191
vt 0.750000 0.231191
vt 0.000000 0.000000
vt 1.000000 0.000000
vt 1.000000 1.000000
vt 0.000000 1.000000
vt 0.000000 0.000000
vt 1.000000 0.000000
vt 1.000000 1.000000
vt 0.000000 1.000000
vt 0.000000 0.000000
vt 1.000000 0.000000
vt 1.000000 1.000000
vt 0.000000 1.000000
vt 0.000000 0.000000
vt 1.000000 0.000000
vt 1.000000 1.000000
vt 0.000000 1.000000
vt 0.000000 0.000000
vt 1.000000 0.000000
vt 1.000000 1.000000
vt 0.000000 1.000000
vt 0.000000 0.000000
vt 1.000000 0.000000
vt 1.000000 1.000000
vt 0.000000 1.000000
vt 0.000000 0.000000
vt 1.000000 0.000000
vt 1.000000 1.000000
vt 0.000000 1.000000
vt 0.000000 0.000000
vt 1.000000 0.000000
vt 1.000000 1.000000
vt 0.000000 1.000000
vt 0.000000 0.000000
vt 1.000000 0.000000
vt 1.000000 1.000000
vt 0.000000 1.000000
vt 0.000000 0.000000
vt 1.000000 0.000000
vt 1.000000 1.000000
vt 0.000000 1.000000
vt 0.000000 0.000000
vt 1.000000 0.000000
vt 1.000000 1.000000
vt 0.000000 1.000000
vt 0.000000 0.000000
vt 1.000000 0.000000
vt 1.000000 1.000000
vt 0.000000 1.000000
vt 0.000000 0.000000
vt 1.000000 0.000000
vt 1.000000 1.000000
vt 0.000000 1.000000
vt 0.000000 0.000000
vt 1.000000 0.000000
vt 1.000000 1.000000
vt 0.000000 1.000000
vt 0.000000 0.000000
vt 1.000000 0.000000
vt 1.000000 1.000000
vt 0.000000 1.000000
vt 0.000000 0.000000
vt 1.000000 0.000000
vt 1.000000 1.000000
vt 0.000000 1.000000
vt 0.000000 0.000000
vt 1.000000 0.000000
vt 1.000000 1.000000
vt 0.000000 1.000000
vt 0.000000 0.000000
vt 1.000000 0.000000
vt 1.000000 1.000000
vt 0.000000 1.000000
vt 0.000000 0.000000
vt 1.000000 0.000000
vt 1.000000 1.000000
vt 0.000000 1.000000
vt 0.000000 0.000000
vt 1.000000 0.000000
vt 1.000000 1.000000
vt 0.000000 1.000000
vt 0.000000 0.000000
vt 1.000000 0.000000
vt 1.000000 1.000000
vt 0.000000 1.000000
vt 0.000000 0.000000
vt 1.000000 0.000000
vt 1.000000 1.000000
vt 0.000000 1.000000
vt 0.000000 0.000000
vt 1.000000 0.000000
vt 1.000000 1.000000
vt 0.000000 1.000000
vt 0.000000 0.000000
vt 1.000000 0.000000
vt 1.000000 1.000000
vt 0.000000 1.000000
vt 0.000000 1.000000
vt 0.510417 0.729167
vt 0.604167 0.729167
vt 0.437601 0.729167
vt 0.427184 0.687500
vt 0.416767 0.645833
vt 0.468750 0.645833
vt 0.541667 0.645833
vt 0.697917 0.104167
vt 0.750000 0.104167
vt 0.812500 0.000000
vt 0.750000 0.000000
vt 0.645833 0.104167
vt 0.687500 0.000000
vt 0.604167 0.208333
vt 0.645833 0.208333
vt 0.687500 0.208333
vt 0.458333 0.479167
vt 0.437500 0.479167
vt 0.427134 0.479167
vt 0.447967 0.500000
vt 0.468800 0.520833
vt 0.520833 0.520833
vt 0.583333 0.520833
vt 0.593750 0.312500
vt 0.562500 0.312500
vt 0.625000 0.312500
vt 0.406250 0.312500
vt 0.375000 0.312500
vt 0.437500 0.312500
vt 0.468750 0.312500
vt 0.500000 0.312500
vt 0.531250 0.312500
vt 0.375000 0.000000
vt 0.406401 0.000000
vt 0.500000 0.000000
vt 0.625000 0.000000
vt 0.875000 0.000000
vt 0.500000 0.312500
vt 0.500000 0.375000
vt 0.625000 0.312500
vt 0.500000 0.437500
vt 0.625000 0.437500
vt 0.812500 0.231191
vt 0.750000 0.231191
vt 0.812500 0.250000
vt 0.687500 0.231191
vt 0.687500 0.250000
vt 0.486377 0.291801
vt 0.509672 0.296589
vt 0.633528 0.291801
vt 0.672733 0.291801
vt 0.594322 0.291801
vt 0.571028 0.296589
vt 0.500000 0.312500
vt 0.555117 0.312500
vt 0.476705 0.328411
vt 0.453411 0.344322
vt 0.461939 0.344322
vt 0.000000 0.000000
vt 1.000000 0.000000
vt 1.000000 1.000000
vt 0.000000 1.000000
vt 0.000000 0.000000
vt 1.000000 0.000000
vt 1.000000 1.000000
vt 0.000000 1.000000
vt 0.000000 0.000000
vt 1.000000 0.000000
vt 1.000000 1.000000
vt 0.000000 1.000000
vt 0.000000 0.000000
vt 1.000000 0.000000
vt 1.000000 1.000000
vt 0.000000 1.000000
vt 0.000000 0.000000
vt 1.000000 0.000000
vt 1.000000 1.000000
vt 0.000000 1.000000
vt 0.000000 0.000000
vt 1.000000 0.000000
vt 1.000000 1.000000
vt 0.000000 1.000000
vt 0.000000 0.000000
vt 1.000000 0.000000
vt 1.000000 1.000000
vt 0.000000 1.000000
vt 0.000000 0.000000
vt 1.000000 0.000000
vt 1.000000 1.000000
vt 0.000000 1.000000
vt 0.000000 1.000000
vt 0.625000 0.563127
vt 0.593750 0.563127
vt 0.562500 0.563127
vt 0.531250 0.563127
vt 0.500000 0.563127
vt 0.468750 0.563127
vt 0.437500 0.563127
vt 0.406250 0.563127
vt 0.375000 0.563127
vt 0.625000 0.688440
vt 0.593750 0.688440
vt 0.562500 0.688440
vt 0.531250 0.688440
vt 0.500000 0.688440
vt 0.468750 0.688440
vt 0.437500 0.688440
vt 0.406250 0.688440
vt 0.375000 0.688440
vt 0.483681 0.404863
vt 0.567885 0.404863
vt 0.491841 0.358681
vt 0.500000 0.312500
vt 0.600522 0.312500
vt 0.654863 0.252421
vt 0.646703 0.266319
vt 0.709203 0.252421
vt 0.763544 0.252421
vt 0.706429 0.266319
vt 0.698270 0.252421
vt 1.000000 0.500000
vt 0.000000 0.500000
vt 1.000000 0.500000
vt 0.000000 0.500000
vt 1.000000 0.500000
vt 0.000000 0.500000
vt 1.000000 0.500000
vt 0.000000 0.500000
vt 1.000000 0.500000
vt 0.000000 0.500000
vt 1.000000 0.500000
vt 0.000000 0.500000
vt 1.000000 0.500000
vt 0.000000 0.500000
vt 1.000000 0.500000
vt 0.000000 0.500000
vt 1.000000 0.250000
vt 0.000000 0.250000
vt 1.000000 0.250000
vt 0.000000 0.250000
vt 1.000000 0.250000
vt 0.000000 0.250000
vt 1.000000 0.250000
vt 0.000000 0.250000
vt 1.000000 0.250000
vt 0.000000 0.250000
vt 1.000000 0.250000
vt 0.000000 0.250000
vt 1.000000 0.250000
vt 0.000000 0.250000
vt 1.000000 0.250000
vt 0.000000 0.250000
vt 0.625000 0.500470
vt 0.375000 0.500470
vt 0.593750 0.500470
vt 0.562500 0.500470
vt 0.531250 0.500470
vt 0.500000 0.500470
vt 0.468750 0.500470
vt 0.437500 0.500470
vt 0.406250 0.500470
vt 1.000000 0.750000
vt 0.000000 0.750000
vt 1.000000 0.750000
vt 0.000000 0.750000
vt 1.000000 0.750000
vt 0.000000 0.750000
vt 1.000000 0.750000
vt 0.000000 0.750000
vt 1.000000 0.750000
vt 0.000000 0.750000
vt 1.000000 0.750000
vt 0.000000 0.750000
vt 1.000000 0.750000
vt 0.000000 0.750000
vt 1.000000 0.750000
vt 0.000000 0.750000
vt 0.000000 0.000000
vt 1.000000 0.000000
vt 1.000000 1.000000
vt 0.000000 1.000000
vt 0.000000 0.000000
vt 1.000000 0.000000
vt 1.000000 1.000000
vt 0.000000 1.000000
vt 0.000000 0.000000
vt 1.000000 0.000000
vt 1.000000 1.000000
vt 0.000000 1.000000
vt 0.000000 0.000000
vt 1.000000 0.000000
vt 1.000000 1.000000
vt 0.000000 1.000000
vt 0.000000 0.000000
vt 1.000000 0.000000
vt 1.000000 1.000000
vt 0.000000 1.000000
vt 0.000000 0.000000
vt 1.000000 0.000000
vt 1.000000 1.000000
vt 0.000000 1.000000
vt 0.000000 0.000000
vt 1.000000 0.000000
vt 1.000000 1.000000
vt 0.000000 1.000000
vt 0.000000 0.000000
vt 1.000000 0.000000
vt 1.000000 1.000000
vt 0.000000 1.000000
vt 1.000000 0.500000
vt 0.000000 0.500000
vt 1.000000 0.500000
vt 0.000000 0.500000
vt 1.000000 0.500000
vt 0.000000 0.500000
vt 1.000000 0.500000
vt 0.000000 0.500000
vt 1.000000 0.500000
vt 0.000000 0.500000
vt 1.000000 0.500000
vt 0.000000 0.500000
vt 1.000000 0.500000
vt 0.000000 0.500000
vt 1.000000 0.500000
vt 0.000000 0.500000
vt 0.000000 0.000000
vt 1.000000 0.000000
vt 1.000000 1.000000
vt 0.000000 1.000000
vt 0.000000 0.000000
vt 1.000000 0.000000
vt 1.000000 1.000000
vt 0.000000 1.000000
vt 0.000000 0.000000
vt 1.000000 0.000000
vt 1.000000 1.000000
vt 0.000000 1.000000
vt 0.000000 0.000000
vt 1.000000 0.000000
vt 1.000000 1.000000
vt 0.000000 1.000000
vt 0.000000 0.000000
vt 1.000000 0.000000
vt 1.000000 1.000000
vt 0.000000 1.000000
vt 0.000000 0.000000
vt 1.000000 0.000000
vt 1.000000 1.000000
vt 0.000000 1.000000
vt 0.000000 0.000000
vt 1.000000 0.000000
vt 1.000000 1.000000
vt 0.000000 1.000000
vt 0.000000 0.000000
vt 1.000000 0.000000
vt 1.000000 1.000000
vt 0.000000 1.000000
vt 0.000000 0.000000
vt 1.000000 0.000000
vt 1.000000 1.000000
vt 0.000000 1.000000
vt 0.000000 0.000000
vt 1.000000 0.000000
vt 1.000000 1.000000
vt 0.000000 1.000000
vt 0.000000 0.000000
vt 1.000000 0.000000
vt 1.000000 1.000000
vt 0.000000 1.000000
vt 0.000000 0.000000
vt 1.000000 0.000000
vt 1.000000 1.000000
vt 0.000000 1.000000
vt 0.000000 0.000000
vt 1.000000 0.000000
vt 1.000000 1.000000
vt 0.000000 1.000000
vt 0.000000 0.000000
vt 1.000000 0.000000
vt 1.000000 1.000000
vt 0.000000 1.000000
vt 0.000000 0.000000
vt 1.000000 0.000000
vt 1.000000 1.000000
vt 0.000000 1.000000
vt 0.000000 0.000000
vt 1.000000 0.000000
vt 1.000000 1.000000
vt 0.000000 1.000000
vt 0.000000 0.000000
vt 1.000000 0.000000
vt 1.000000 1.000000
vt 0.000000 1.000000
vt 0.000000 0.000000
vt 1.000000 0.000000
vt 1.000000 1.000000
vt 0.000000 1.000000
vt 0.000000 0.000000
vt 1.000000 0.000000
vt 1.000000 1.000000
vt 0.000000 1.000000
vt 0.000000 1.000000
vt 1.000000 0.000000
vt 0.000000 0.000000
vt 0.000000 1.000000
vt 1.000000 1.000000
vt 1.000000 0.000000
vt 0.000000 0.000000
vt 0.000000 1.000000
vt 1.000000 1.000000
vt 1.000000 0.000000
vt 0.000000 0.000000
vt 0.000000 1.000000
vt 1.000000 1.000000
vt 1.000000 0.750000
vt 0.000000 0.750000
vt 1.000000 0.750000
vt 0.000000 0.750000
vt 1.000000 0.750000
vt 0.000000 0.750000
vt 1.000000 0.750000
vt 0.000000 0.750000
vt 1.000000 0.750000
vt 0.000000 0.750000
vt 1.000000 0.750000
vt 0.000000 0.750000
vt 1.000000 0.750000
vt 0.000000 0.750000
vt 1.000000 0.750000
vt 0.000000 0.750000
vt 0.625000 0.231191
vt 0.500000 0.231191
vt 0.500000 0.207235
vt 0.625000 0.207235
vt 0.406401 0.231191
vt 0.406401 0.207235
vt 0.375000 0.207235
vt 0.375000 0.231191
vt 0.625000 0.231191
vt 0.500000 0.231191
vt 0.500000 0.207235
vt 0.625000 0.207235
vt 0.406401 0.231191
vt 0.406401 0.207235
vt 0.375000 0.207235
vt 0.375000 0.231191
vt 0.375000 0.312500
vt 0.406250 0.312500
vt 0.406250 0.500470
vt 0.375000 0.500470
vt 0.437500 0.312500
vt 0.437500 0.500470
vt 0.468750 0.312500
vt 0.468750 0.500470
vt 0.500000 0.312500
vt 0.500000 0.500470
vt 0.531250 0.312500
vt 0.531250 0.500470
vt 0.562500 0.312500
vt 0.562500 0.500470
vt 0.593750 0.312500
vt 0.593750 0.500470
vt 0.625000 0.312500
vt 0.625000 0.500470
vt 0.000000 0.000000
vt 1.000000 0.000000
vt 1.000000 0.250000
vt 0.000000 0.250000
vt 0.000000 0.000000
vt 1.000000 0.000000
vt 1.000000 0.250000
vt 0.000000 0.250000
vt 0.000000 0.000000
vt 1.000000 0.000000
vt 1.000000 0.250000
vt 0.000000 0.250000
vt 0.000000 0.000000
vt 1.000000 0.000000
vt 1.000000 0.250000
vt 0.000000 0.250000
vt 0.000000 0.000000
vt 1.000000 0.000000
vt 1.000000 0.250000
vt 0.000000 0.250000
vt 0.000000 0.000000
vt 1.000000 0.000000
vt 1.000000 0.250000
vt 0.000000 0.250000
vt 0.000000 0.000000
vt 1.000000 0.000000
vt 1.000000 0.250000
vt 0.000000 0.250000
vt 0.000000 0.000000
vt 1.000000 0.000000
vt 1.000000 0.250000
vt 0.000000 0.250000
vt 0.375000 0.312500
vt 0.406250 0.312500
vt 0.406250 0.437813
vt 0.375000 0.437813
vt 0.437500 0.312500
vt 0.437500 0.437813
vt 0.468750 0.312500
vt 0.468750 0.437813
vt 0.500000 0.312500
vt 0.500000 0.437813
vt 0.531250 0.312500
vt 0.531250 0.437813
vt 0.562500 0.312500
vt 0.562500 0.437813
vt 0.593750 0.312500
vt 0.593750 0.437813
vt 0.625000 0.312500
vt 0.625000 0.437813
vt 0.375000 0.162713
vt 0.406401 0.162713
vt 0.406401 0.197548
vt 0.375000 0.197548
vt 0.375000 0.375000
vt 0.406401 0.375000
vt 0.406401 0.437500
vt 0.375000 0.437500
vt 0.375000 0.552452
vt 0.406401 0.552452
vt 0.406401 0.587287
vt 0.375000 0.587287
vt 0.375000 0.812500
vt 0.406401 0.812500
vt 0.406401 0.875000
vt 0.375000 0.875000
vt 0.375000 0.312500
vt 0.406401 0.312500
vt 0.406401 0.937500
vt 0.375000 0.937500
vt 0.375000 0.124493
vt 0.406401 0.124493
vt 0.406401 0.625507
vt 0.375000 0.625507
vt 0.375000 0.542765
vt 0.406401 0.542765
vt 0.812500 0.207235
vt 0.750000 0.207235
vt 0.750000 0.197548
vt 0.812500 0.197548
vt 0.687500 0.207235
vt 0.687500 0.197548
vt 0.406401 0.207235
vt 0.375000 0.207235
vt 0.375000 0.093370
vt 0.406401 0.093370
vt 0.687500 0.124493
vt 0.687500 0.093370
vt 0.750000 0.093370
vt 0.750000 0.124493
vt 0.812500 0.093370
vt 0.812500 0.124493
vt 0.406401 0.656630
vt 0.375000 0.656630
vt 0.375000 0.250000
vt 0.406401 0.250000
vt 0.625000 0.197548
vt 0.625000 0.207235
vt 0.625000 0.162713
vt 0.687500 0.162713
vt 0.625000 0.124493
vt 0.625000 0.093370
vt 0.406401 1.000000
vt 0.375000 1.000000
vt 0.375000 0.750000
vt 0.406401 0.750000
vt 0.875000 0.124493
vt 0.875000 0.093370
vt 0.875000 0.162713
vt 0.812500 0.162713
vt 0.875000 0.197548
vt 0.875000 0.207235
vt 0.406401 0.500000
vt 0.375000 0.500000
vt 0.375000 0.015562
vt 0.406401 0.015562
vt 0.406401 0.031123
vt 0.375000 0.031123
vt 0.625000 0.015562
vt 0.687500 0.015562
vt 0.687500 0.031123
vt 0.625000 0.031123
vt 0.750000 0.031123
vt 0.750000 0.015562
vt 0.812500 0.015562
vt 0.812500 0.031123
vt 0.875000 0.031123
vt 0.875000 0.015562
vt 0.375000 0.718877
vt 0.406401 0.718877
vt 0.406401 0.734438
vt 0.375000 0.734438
vt 0.406401 0.062247
vt 0.375000 0.062247
vt 0.687500 0.062247
vt 0.625000 0.062247
vt 0.750000 0.062247
vt 0.812500 0.062247
vt 0.875000 0.062247
vt 0.375000 0.687753
vt 0.406401 0.687753
vt 0.500000 0.031123
vt 0.500000 0.015562
vt 0.500000 0.062247
vt 0.500000 0.093370
vt 0.500000 0.124493
vt 0.500000 0.162713
vt 0.500000 0.197548
vt 0.500000 0.207235
vt 0.500000 0.312500
vt 0.500000 0.250000
vt 0.625000 0.250000
vt 0.625000 0.312500
vt 0.500000 0.500000
vt 0.500000 0.437500
vt 0.625000 0.437500
vt 0.625000 0.500000
vt 0.500000 0.552452
vt 0.500000 0.542765
vt 0.625000 0.542765
vt 0.625000 0.552452
vt 0.500000 0.587287
vt 0.625000 0.587287
vt 0.500000 0.625507
vt 0.625000 0.625507
vt 0.500000 0.656630
vt 0.625000 0.656630
vt 0.500000 0.687753
vt 0.625000 0.687753
vt 0.500000 0.718877
vt 0.625000 0.718877
vt 0.625000 0.734438
vt 0.500000 0.734438
vt 0.500000 0.812500
vt 0.500000 0.750000
vt 0.625000 0.750000
vt 0.625000 0.812500
vt 0.500000 1.000000
vt 0.500000 0.937500
vt 0.625000 0.937500
vt 0.625000 1.000000
vt 0.500000 0.375000
vt 0.406401 0.518809
vt 0.375000 0.518809
vt 0.500000 0.518809
vt 0.625000 0.518809
vt 0.812500 0.250000
vt 0.812500 0.231191
vt 0.875000 0.231191
vt 0.875000 0.250000
vt 0.625000 0.231191
vt 0.687500 0.231191
vt 0.687500 0.250000
vt 0.500000 0.231191
vt 0.406401 0.231191
vt 0.375000 0.231191
vt 0.750000 0.231191
vt 0.625000 0.231191
vt 0.500000 0.231191
vt 0.500000 0.207235
vt 0.625000 0.207235
vt 0.406401 0.231191
vt 0.406401 0.207235
vt 0.375000 0.207235
vt 0.375000 0.231191
vt 0.000000 0.000000
vt 1.000000 0.000000
vt 1.000000 1.000000
vt 0.000000 1.000000
vt 0.000000 0.000000
vt 1.000000 0.000000
vt 1.000000 1.000000
vt 0.000000 1.000000
vt 0.000000 0.000000
vt 1.000000 0.000000
vt 1.000000 1.000000
vt 0.000000 1.000000
vt 0.000000 0.000000
vt 1.000000 0.000000
vt 1.000000 1.000000
vt 0.000000 1.000000
vt 0.000000 0.000000
vt 1.000000 0.000000
vt 1.000000 1.000000
vt 0.000000 1.000000
vt 0.000000 0.000000
vt 1.000000 0.000000
vt 1.000000 1.000000
vt 0.000000 1.000000
vt 0.000000 0.000000
vt 1.000000 0.000000
vt 1.000000 1.000000
vt 0.000000 1.000000
vt 0.000000 0.000000
vt 1.000000 0.000000
vt 1.000000 1.000000
vt 0.000000 1.000000
vt 0.000000 0.000000
vt 1.000000 0.000000
vt 1.000000 1.000000
vt 0.000000 1.000000
vt 0.000000 0.000000
vt 1.000000 0.000000
vt 1.000000 1.000000
vt 0.000000 1.000000
vt 0.000000 0.000000
vt 1.000000 0.000000
vt 1.000000 1.000000
vt 0.000000 1.000000
vt 0.000000 0.000000
vt 1.000000 0.000000
vt 1.000000 1.000000
vt 0.000000 1.000000
vt 0.000000 0.000000
vt 1.000000 0.000000
vt 1.000000 1.000000
vt 0.000000 1.000000
vt 0.000000 0.000000
vt 1.000000 0.000000
vt 1.000000 1.000000
vt 0.000000 1.000000
vt 0.000000 0.000000
vt 1.000000 0.000000
vt 1.000000 1.000000
vt 0.000000 1.000000
vt 0.000000 0.000000
vt 1.000000 0.000000
vt 1.000000 1.000000
vt 0.000000 1.000000
vt 0.000000 0.000000
vt 1.000000 0.000000
vt 1.000000 1.000000
vt 0.000000 1.000000
vt 0.000000 0.000000
vt 1.000000 0.000000
vt 1.000000 1.000000
vt 0.000000 1.000000
vt 0.000000 0.000000
vt 1.000000 0.000000
vt 1.000000 1.000000
vt 0.000000 1.000000
vt 0.000000 0.000000
vt 1.000000 0.000000
vt 1.000000 1.000000
vt 0.000000 1.000000
vt 0.000000 0.000000
vt 1.000000 0.000000
vt 1.000000 1.000000
vt 0.000000 1.000000
vt 0.000000 0.000000
vt 1.000000 0.000000
vt 1.000000 1.000000
vt 0.000000 1.000000
vt 0.000000 0.000000
vt 1.000000 0.000000
vt 1.000000 1.000000
vt 0.000000 1.000000
vt 0.000000 0.000000
vt 1.000000 0.000000
vt 1.000000 1.000000
vt 0.000000 1.000000
vt 0.000000 1.000000
vt 0.510417 0.729167
vt 0.604167 0.729167
vt 0.437601 0.729167
vt 0.427184 0.687500
vt 0.416767 0.645833
vt 0.468750 0.645833
vt 0.541667 0.645833
vt 0.697917 0.104167
vt 0.750000 0.104167
vt 0.812500 0.000000
vt 0.750000 0.000000
vt 0.645833 0.104167
vt 0.687500 0.000000
vt 0.604167 0.208333
vt 0.645833 0.208333
vt 0.687500 0.208333
vt 0.458333 0.479167
vt 0.437500 0.479167
vt 0.427134 0.479167
vt 0.447967 0.500000
vt 0.468800 0.520833
vt 0.520833 0.520833
vt 0.583333 0.520833
vt 0.593750 0.312500
vt 0.562500 0.312500
vt 0.625000 0.312500
vt 0.406250 0.312500
vt 0.375000 0.312500
vt 0.437500 0.312500
vt 0.468750 0.312500
vt 0.500000 0.312500
vt 0.531250 0.312500
vt 0.375000 0.000000
vt 0.406401 0.000000
vt 0.500000 0.000000
vt 0.625000 0.000000
vt 0.875000 0.000000
vt 0.500000 0.312500
vt 0.500000 0.375000
vt 0.625000 0.312500
vt 0.500000 0.437500
vt 0.625000 0.437500
vt 0.812500 0.231191
vt 0.750000 0.231191
vt 0.812500 0.250000
vt 0.687500 0.231191
vt 0.687500 0.250000
vt 0.486377 0.291801
vt 0.509672 0.296589
vt 0.633528 0.291801
vt 0.672733 0.291801
vt 0.594322 0.291801
vt 0.571028 0.296589
vt 0.500000 0.312500
vt 0.555117 0.312500
vt 0.476705 0.328411
vt 0.453411 0.344322
vt 0.461939 0.344322
vt 0.000000 0.000000
vt 1.000000 0.000000
vt 1.000000 1.000000
vt 0.000000 1.000000
vt 0.000000 0.000000
vt 1.000000 0.000000
vt 1.000000 1.000000
vt 0.000000 1.000000
vt 0.000000 0.000000
vt 1.000000 0.000000
vt 1.000000 1.000000
vt 0.000000 1.000000
vt 0.000000 0.000000
vt 1.000000 0.000000
vt 1.000000 1.000000
vt 0.000000 1.000000
vt 0.000000 0.000000
vt 1.000000 0.000000
vt 1.000000 1.000000
vt 0.000000 1.000000
vt 0.000000 0.000000
vt 1.000000 0.000000
vt 1.000000 1.000000
vt 0.000000 1.000000
vt 0.000000 0.000000
vt 1.000000 0.000000
vt 1.000000 1.000000
vt 0.000000 1.000000
vt 0.000000 0.000000
vt 1.000000 0.000000
vt 1.000000 1.000000
vt 0.000000 1.000000
vt 0.000000 1.000000
vt 0.625000 0.563127
vt 0.593750 0.563127
vt 0.562500 0.563127
vt 0.531250 0.563127
vt 0.500000 0.563127
vt 0.468750 0.563127
vt 0.437500 0.563127
vt 0.406250 0.563127
vt 0.375000 0.563127
vt 0.625000 0.688440
vt 0.593750 0.688440
vt 0.562500 0.688440
vt 0.531250 0.688440
vt 0.500000 0.688440
vt 0.468750 0.688440
vt 0.437500 0.688440
vt 0.406250 0.688440
vt 0.375000 0.688440
vt 0.483681 0.404863
vt 0.567885 0.404863
vt 0.491841 0.358681
vt 0.500000 0.312500
vt 0.600522 0.312500
vt 0.654863 0.252421
vt 0.646703 0.266319
vt 0.709203 0.252421
vt 0.763544 0.252421
vt 0.706429 0.266319
vt 0.698270 0.252421
vt 0.000000 1.000000
vt 1.000000 1.000000
vt 0.000000 1.000000
vt 1.000000 1.000000
vt 0.000000 1.000000
vt 1.000000 1.000000
vt 0.000000 1.000000
vt 1.000000 1.000000
vt 0.000000 1.000000
vt 1.000000 1.000000
vt 0.000000 1.000000
vt 1.000000 1.000000
vt 0.000000 1.000000
vt 1.000000 1.000000
vt 1.000000 1.000000
vt 0.000000 1.000000
vt 0.000000 0.500000
vt 1.000000 0.500000
vt 1.000000 0.750000
vt 0.000000 0.750000
vt 0.000000 0.500000
vt 1.000000 0.500000
vt 1.000000 0.750000
vt 0.000000 0.750000
vt 0.000000 0.500000
vt 1.000000 0.500000
vt 1.000000 0.750000
vt 0.000000 0.750000
vt 0.000000 0.500000
vt 1.000000 0.500000
vt 1.000000 0.750000
vt 0.000000 0.750000
vt 0.000000 0.500000
vt 1.000000 0.500000
vt 1.000000 0.750000
vt 0.000000 0.750000
vt 0.000000 0.500000
vt 1.000000 0.500000
vt 1.000000 0.750000
vt 0.000000 0.750000
vt 0.000000 0.500000
vt 1.000000 0.500000
vt 1.000000 0.750000
vt 0.000000 0.750000
vt 0.000000 0.500000
vt 1.000000 0.500000
vt 1.000000 0.750000
vt 0.000000 0.750000
vt 0.625000 0.688440
vt 0.593750 0.688440
vt 0.562500 0.688440
vt 0.531250 0.688440
vt 0.500000 0.688440
vt 0.468750 0.688440
vt 0.437500 0.688440
vt 0.406250 0.688440
vt 0.375000 0.688440
vt 0.000000 0.000000
vt 1.000000 0.000000
vt 1.000000 0.500000
vt 0.000000 0.500000
vt 0.000000 0.000000
vt 1.000000 0.000000
vt 1.000000 0.500000
vt 0.000000 0.500000
vt 0.000000 0.000000
vt 1.000000 0.000000
vt 1.000000 0.500000
vt 0.000000 0.500000
vt 0.000000 0.000000
vt 1.000000 0.000000
vt 1.000000 0.500000
vt 0.000000 0.500000
vt 0.000000 0.000000
vt 1.000000 0.000000
vt 1.000000 0.500000
vt 0.000000 0.500000
vt 0.000000 0.000000
vt 1.000000 0.000000
vt 1.000000 0.500000
vt 0.000000 0.500000
vt 0.000000 0.000000
vt 1.000000 0.000000
vt 1.000000 0.500000
vt 0.000000 0.500000
vt 0.000000 0.000000
vt 1.000000 0.000000
vt 1.000000 0.500000
vt 0.000000 0.500000
vt 1.000000 0.750000
vt 0.000000 0.750000
vt 1.000000 0.750000
vt 0.000000 0.750000
vt 1.000000 0.750000
vt 0.000000 0.750000
vt 1.000000 0.750000
vt 0.000000 0.750000
vt 1.000000 0.750000
vt 0.000000 0.750000
vt 1.000000 0.750000
vt 0.000000 0.750000
vt 1.000000 0.750000
vt 0.000000 0.750000
vt 1.000000 0.750000
vt 0.000000 0.750000
vt 0.000000 0.000000
vt 1.000000 0.000000
vt 1.000000 1.000000
vt 0.000000 1.000000
vt 0.000000 0.000000
vt 1.000000 0.000000
vt 1.000000 1.000000
vt 0.000000 1.000000
vt 0.000000 0.000000
vt 1.000000 0.000000
vt 1.000000 1.000000
vt 0.000000 1.000000
vt 0.000000 0.000000
vt 1.000000 0.000000
vt 1.000000 1.000000
vt 0.000000 1.000000
vt 0.000000 0.000000
vt 1.000000 0.000000
vt 1.000000 1.000000
vt 0.000000 1.000000
vt 0.000000 0.000000
vt 1.000000 0.000000
vt 1.000000 1.000000
vt 0.000000 1.000000
vt 0.000000 0.000000
vt 1.000000 0.000000
vt 1.000000 1.000000
vt 0.000000 1.000000
vt 0.000000 0.000000
vt 1.000000 0.000000
vt 1.000000 1.000000
vt 0.000000 1.000000
vt 0.000000 0.000000
vt 1.000000 0.000000
vt 1.000000 0.000000
vt 0.000000 0.000000
vt 1.000000 1.000000
vt 1.000000 1.000000
vt 0.000000 1.000000
vt 0.000000 1.000000
vt 0.000000 0.000000
vt 1.000000 0.000000
vt 1.000000 0.000000
vt 0.000000 0.000000
vt 1.000000 1.000000
vt 1.000000 1.000000
vt 0.000000 1.000000
vt 0.000000 1.000000
vt 0.000000 0.000000
vt 1.000000 0.000000
vt 1.000000 0.000000
vt 0.000000 0.000000
vt 1.000000 1.000000
vt 1.000000 1.000000
vt 0.000000 1.000000
vt 0.000000 1.000000
vt 0.000000 0.000000
vt 1.000000 0.000000
vt 1.000000 1.000000
vt 0.000000 1.000000
vt 0.000000 0.000000
vt 1.000000 0.000000
vt 1.000000 1.000000
vt 0.000000 1.000000
vt 0.000000 0.000000
vt 1.000000 0.000000
vt 1.000000 1.000000
vt 0.000000 1.000000
vt 0.000000 0.000000
vt 1.000000 0.000000
vt 1.000000 1.000000
vt 0.000000 1.000000
vt 0.000000 0.000000
vt 1.000000 0.000000
vt 1.000000 1.000000
vt 0.000000 1.000000
vt 0.000000 0.000000
vt 1.000000 0.000000
vt 1.000000 1.000000
vt 0.000000 1.000000
vt 0.000000 0.000000
vt 1.000000 0.000000
vt 1.000000 1.000000
vt 0.000000 1.000000
vt 0.000000 0.000000
vt 1.000000 0.000000
vt 1.000000 1.000000
vt 0.000000 1.000000
vt 0.000000 1.000000
vt 1.000000 1.000000
vt 0.000000 1.000000
vt 1.000000 1.000000
vt 0.000000 1.000000
vt 1.000000 1.000000
vt 0.000000 1.000000
vt 1.000000 1.000000
vt 0.000000 1.000000
vt 1.000000 1.000000
vt 0.000000 1.000000
vt 1.000000 1.000000
vt 0.000000 1.000000
vt 1.000000 1.000000
vt 0.000000 1.000000
vt 1.000000 1.000000
vt 0.000000 1.000000
vt 0.500000 0.231191
vt 0.625000 0.231191
vt 0.625000 0.207235
vt 0.500000 0.207235
vt 0.406401 0.231191
vt 0.406401 0.207235
vt 0.375000 0.207235
vt 0.375000 0.231191
vt 0.625000 0.231191
vt 0.625000 0.207235
vt 0.500000 0.207235
vt 0.406401 0.207235
vt 0.375000 0.207235
vt 0.375000 0.207235
vt 0.406401 0.207235
vt 0.500000 0.207235
vt 0.625000 0.207235
vt 0.625000 0.231191
vt 0.500000 0.231191
vt 0.406401 0.231191
vt 0.375000 0.231191
vt 0.375000 0.231191
vt 0.406401 0.231191
vt 0.500000 0.231191
vt 0.625000 0.231191
vt 0.625000 0.207235
vt 0.500000 0.207235
vt 0.406401 0.207235
vt 0.375000 0.207235
vt 0.375000 0.207235
vt 0.406401 0.207235
vt 0.500000 0.207235
vt 0.625000 0.207235
vt 0.625000 0.231191
vt 0.500000 0.231191
vt 0.406401 0.231191
vt 0.375000 0.231191
vt 0.375000 0.231191
vt 0.406401 0.231191
vt 0.500000 0.231191
vn 0.460152 0.076418 -0.884545
vn 0.461069 0.075674 -0.884132
vn 0.441258 0.110778 -0.890516
vn 0.441305 0.110255 -0.890558
vn -0.478276 0.069526 -0.875453
vn -0.478255 0.069601 -0.875458
vn -0.481921 0.087686 -0.871816
vn -0.481562 0.087698 -0.872014
vn -0.953723 0.091007 -0.286584
vn -0.953655 0.091590 -0.286625
vn -0.952646 0.075059 -0.294672
vn -0.952708 0.075056 -0.294473
vn -0.953726 0.114733 0.277927
vn -0.953473 0.118591 0.277174
vn -0.952708 0.075056 0.294473
vn -0.952646 0.075059 0.294672
vn -0.448332 0.153609 0.880569
vn -0.446182 0.159006 0.880703
vn -0.481562 0.087698 0.872013
vn -0.481921 0.087686 0.871816
vn 0.470558 0.089670 0.877801
vn 0.468811 0.089706 0.878731
vn 0.441305 0.110255 0.890558
vn 0.441258 0.110778 0.890516
vn 0.961801 -0.007641 0.273644
vn 0.961808 -0.006174 0.273654
vn 0.956446 0.114615 0.268468
vn 0.956506 0.114012 0.268511
vn 0.961808 -0.006174 -0.273654
vn 0.961801 -0.007642 -0.273644
vn 0.956506 0.114012 -0.268511
vn 0.956446 0.114615 -0.268468
vn 0.436632 0.171947 -0.883055
vn 0.436076 0.179281 -0.881871
vn 0.414769 0.229144 -0.880602
vn 0.413102 0.230712 -0.880976
vn -0.507412 0.023278 -0.861389
vn -0.510710 0.008384 -0.859712
vn -0.551655 -0.054659 -0.832279
vn -0.551655 -0.054659 -0.832279
vn -0.953542 -0.017771 -0.300736
vn -0.953509 -0.025005 -0.300327
vn -0.952429 -0.138287 -0.271580
vn -0.952229 -0.138318 -0.272264
vn -0.953509 -0.025005 0.300327
vn -0.953542 -0.017770 0.300736
vn -0.952229 -0.138318 0.272264
vn -0.952429 -0.138287 0.271580
vn -0.510711 0.008384 0.859712
vn -0.507413 0.023278 0.861389
vn -0.551656 -0.054659 0.832279
vn -0.551656 -0.054659 0.832279
vn 0.436076 0.179281 0.881871
vn 0.436632 0.171947 0.883055
vn 0.413102 0.230712 0.880976
vn 0.414769 0.229144 0.880602
vn 0.925333 0.278772 0.256992
vn 0.926117 0.276006 0.257154
vn 0.897816 0.365921 0.245005
vn 0.897770 0.366055 0.244975
vn 0.926117 0.276006 -0.257154
vn 0.925333 0.278772 -0.256992
vn 0.897770 0.366055 -0.244975
vn 0.897816 0.365921 -0.245005
vn 0.499888 0.077706 -0.862597
vn 0.499888 0.077706 -0.862597
vn 0.509549 0.106368 -0.853842
vn 0.509019 0.104759 -0.854356
vn -0.105438 0.479232 -0.871332
vn -0.105438 0.479232 -0.871332
vn -0.107928 0.475868 -0.872869
vn -0.107634 0.476266 -0.872689
vn -0.568197 0.727512 -0.384550
vn -0.568197 0.727512 -0.384550
vn -0.569735 0.725134 -0.386759
vn -0.569669 0.725237 -0.386664
vn -0.567943 0.727552 0.384850
vn -0.567943 0.727552 0.384850
vn -0.569512 0.725262 0.386848
vn -0.569584 0.725156 0.386940
vn -0.104852 0.479339 0.871344
vn -0.104852 0.479339 0.871344
vn -0.107274 0.476332 0.872697
vn -0.107601 0.475925 0.872879
vn 0.500484 0.077843 0.862239
vn 0.500484 0.077843 0.862239
vn 0.509379 0.104845 0.854132
vn 0.509904 0.106481 0.853616
vn 0.923622 -0.151576 0.352062
vn 0.923622 -0.151576 0.352062
vn 0.928964 -0.135353 0.344537
vn 0.929073 -0.135013 0.344378
vn 0.923381 -0.151662 -0.352656
vn 0.923381 -0.151662 -0.352656
vn 0.928927 -0.135078 -0.344745
vn 0.928822 -0.135403 -0.344901
vn -0.000000 0.266033 0.963964
vn 0.218090 0.261530 0.940233
vn 0.207093 0.320207 0.924435
vn 0.000000 0.313088 0.949724
vn -0.000000 0.999995 0.003297
vn 0.121334 0.992606 0.003249
vn 0.114791 0.960828 -0.252256
vn -0.000000 0.966092 -0.258198
vn -0.000000 0.327264 -0.944933
vn 0.196115 0.331352 -0.922900
vn 0.197614 0.268344 -0.942836
vn -0.000000 0.270030 -0.962852
vn -0.000000 -0.994560 -0.104166
vn 0.025423 -0.988673 -0.147916
vn -0.024365 -0.999703 0.000000
vn -0.000000 -1.000000 0.000000
vn 0.000000 0.974213 0.225632
vn 0.124633 0.966492 0.224410
vn 0.026581 -0.993296 0.112504
vn -0.000000 -0.995728 0.092333
vn -0.000000 0.192635 0.981271
vn 0.222457 0.189913 0.956267
vn 0.198082 0.195908 -0.960408
vn -0.000000 0.197874 -0.980227
vn 0.000000 0.439787 -0.898102
vn 0.177161 0.437852 -0.881419
vn 0.822723 0.470920 -0.318373
vn 0.864914 0.501917 0.001710
vn 0.896818 0.442395 0.002269
vn 0.859063 0.364187 -0.359691
vn 0.835083 0.461834 0.298907
vn 0.867031 0.355571 0.349036
vn 0.199504 0.364058 0.909758
vn -0.000000 0.359033 0.933325
vn -0.000000 0.095135 0.995464
vn 0.223193 0.103752 0.969237
vn 0.902017 0.224008 0.369032
vn 0.916908 0.129280 0.377580
vn 0.993521 0.113647 0.000000
vn 0.981386 0.192044 0.000000
vn 0.912922 0.130486 -0.386712
vn 0.896899 0.227704 -0.379108
vn 0.202053 0.098888 -0.974369
vn -0.000000 0.096524 -0.995331
vn 0.000000 0.936667 0.350221
vn 0.132191 0.924678 0.357067
vn 0.842102 0.296886 0.450247
vn 0.709809 0.408824 0.573615
vn 0.838077 0.269412 0.474388
vn 0.838072 0.269352 0.474431
vn 0.810099 0.238182 0.535732
vn 0.794994 0.124102 0.593787
vn 0.080764 -0.984497 0.155699
vn -0.000000 -0.994037 0.109040
vn -0.000000 -0.990310 -0.138874
vn 0.055564 -0.979937 -0.191407
vn 0.811651 0.243069 -0.531169
vn 0.803058 0.136590 -0.580036
vn 0.835371 0.263759 -0.482273
vn 0.835646 0.266520 -0.480274
vn 0.826975 0.319622 -0.462552
vn 0.768996 0.433617 -0.469703
vn 0.110546 0.922878 -0.368886
vn -0.000000 0.928474 -0.371398
vn -0.000000 -0.798198 0.602395
vn 0.196479 -0.773737 0.602268
vn 0.233959 -0.397199 0.887410
vn 0.000000 -0.433877 0.900972
vn 0.660131 -0.587608 0.467915
vn 0.777399 -0.573448 0.258473
vn 0.899957 -0.295069 0.320954
vn 0.758979 -0.282107 0.586828
vn 0.965240 -0.261365 -0.000000
vn 0.830358 -0.557230 -0.000000
vn 0.767275 -0.579699 -0.274297
vn 0.889072 -0.296123 -0.349088
vn 0.762370 -0.293599 -0.576708
vn 0.657412 -0.589462 -0.469408
vn -0.000000 -0.411960 -0.911202
vn 0.179100 -0.382636 -0.906373
vn 0.142772 -0.802653 -0.579107
vn -0.000000 -0.810068 -0.586336
vn 0.230093 -0.068085 0.970784
vn -0.000000 -0.070718 0.997496
vn 0.929401 -0.050032 0.365664
vn 0.789607 -0.069143 0.609706
vn 0.999311 -0.037112 -0.000000
vn 0.920532 -0.054615 -0.386830
vn 0.796502 -0.071293 -0.600417
vn 0.000000 -0.056292 -0.998414
vn 0.197084 -0.045823 -0.979315
vn 0.475487 -0.394865 0.786126
vn 0.390491 -0.705503 0.591424
vn 0.486506 -0.647142 0.586958
vn 0.576023 -0.344389 0.741346
vn 0.481797 -0.075416 0.873032
vn 0.588336 -0.067911 0.805760
vn 0.471128 0.111180 0.875030
vn 0.574666 0.117955 0.809843
vn 0.472373 0.189477 0.860792
vn 0.577806 0.188550 0.794097
vn 0.466928 0.248059 0.848790
vn 0.573863 0.236234 0.784140
vn 0.428084 0.310676 0.848661
vn 0.531511 0.294844 0.794080
vn 0.381131 0.335813 0.861376
vn 0.278262 0.929311 0.242800
vn 0.302074 0.886215 0.351247
vn 0.429125 0.839843 0.332440
vn 0.533872 0.805756 0.256393
vn 0.262372 0.898316 -0.352404
vn 0.265108 0.928682 -0.259360
vn 0.517961 0.807254 -0.282943
vn 0.401694 0.855649 -0.326354
vn 0.427449 0.341702 -0.836975
vn 0.396717 0.448975 -0.800648
vn 0.502424 0.453033 -0.736432
vn 0.530595 0.340930 -0.776039
vn 0.423241 0.265357 -0.866287
vn 0.526242 0.263438 -0.808499
vn 0.412231 0.199764 -0.888909
vn 0.502607 0.205110 -0.839831
vn 0.401850 0.100520 -0.910172
vn 0.478226 0.108170 -0.871550
vn 0.408316 -0.042202 -0.911864
vn 0.480192 -0.037023 -0.876382
vn 0.394439 -0.345477 -0.851506
vn 0.496282 -0.338546 -0.799432
vn 0.426401 -0.706182 -0.565234
vn 0.322267 -0.732523 -0.599628
vn 0.234698 -0.942352 -0.238514
vn 0.217231 -0.947069 -0.236371
vn 0.349174 -0.902879 -0.250775
vn 0.349174 -0.902878 -0.250775
vn 0.251803 -0.950417 0.182491
vn 0.221616 -0.957978 0.182113
vn 0.356748 -0.916220 0.182406
vn 0.356748 -0.916220 0.182406
vn 0.199829 0.979826 0.003161
vn -0.000000 0.658080 -0.752948
vn 0.145762 0.651274 -0.744711
vn 0.162707 0.544700 -0.822695
vn 0.000000 0.548364 -0.836240
vn 0.344046 0.544163 -0.765192
vn 0.288880 0.655443 -0.697813
vn 0.458799 0.533366 -0.710650
vn 0.387431 0.658281 -0.645417
vn 0.743637 0.621370 -0.246786
vn 0.668273 0.629920 -0.395741
vn 0.586502 0.754120 -0.295498
vn 0.635087 0.638397 0.434873
vn 0.749456 0.624726 0.219166
vn 0.593705 0.756596 0.274002
vn 0.254553 0.727810 0.636786
vn 0.265456 0.714687 0.647113
vn 0.364341 0.757058 0.542328
vn 0.136515 0.683146 0.717409
vn 0.123164 0.672868 0.729438
vn -0.000000 0.660366 0.750944
vn -0.000000 0.666181 0.745790
vn 0.809482 0.587145 0.000170
vn 0.129079 0.839823 0.527292
vn 0.137983 0.831673 0.537848
vn 0.137864 0.831784 0.537707
vn 0.129079 0.839823 0.527292
vn 0.092998 0.832390 0.546331
vn 0.091547 0.832426 0.546522
vn 0.000000 0.833168 0.553020
vn 0.000000 0.833168 0.553020
vn 0.376116 -0.021860 -0.926315
vn 0.375970 -0.014350 -0.926521
vn 0.315127 -0.604134 -0.731927
vn 0.315127 -0.604134 -0.731927
vn -0.364099 -0.091907 -0.926814
vn -0.364203 -0.112859 -0.924456
vn -0.313622 -0.604141 -0.732567
vn -0.313622 -0.604141 -0.732567
vn -0.907558 -0.225484 -0.354254
vn -0.906587 -0.229585 -0.354105
vn -0.730609 -0.609449 -0.307869
vn -0.730609 -0.609449 -0.307869
vn -0.906587 -0.229585 0.354105
vn -0.907558 -0.225484 0.354254
vn -0.730609 -0.609449 0.307869
vn -0.730609 -0.609449 0.307869
vn -0.364203 -0.112859 0.924456
vn -0.364099 -0.091906 0.926814
vn -0.313623 -0.604141 0.732567
vn -0.313623 -0.604141 0.732567
vn 0.375970 -0.014350 0.926521
vn 0.376116 -0.021860 0.926315
vn 0.315127 -0.604133 0.731928
vn 0.315127 -0.604133 0.731928
vn 0.919900 -0.079984 0.383909
vn 0.919366 -0.086151 0.383856
vn 0.726304 -0.609369 0.318045
vn 0.726304 -0.609369 0.318045
vn 0.919365 -0.086151 -0.383856
vn 0.919900 -0.079984 -0.383909
vn 0.726304 -0.609369 -0.318044
vn 0.726304 -0.609369 -0.318044
vn 0.000000 -1.000000 -0.000074
vn -0.000078 -1.000000 -0.000074
vn -0.000075 -1.000000 -0.000078
vn 0.000000 -1.000000 -0.000076
vn 0.000077 -1.000000 -0.000076
vn 0.000077 -1.000000 -0.000076
vn 0.000075 -1.000000 -0.000000
vn 0.000076 -1.000000 -0.000000
vn 0.000077 -1.000000 0.000076
vn 0.000077 -1.000000 0.000076
vn 0.000000 -1.000000 0.000074
vn 0.000000 -1.000000 0.000076
vn -0.000078 -1.000000 0.000074
vn -0.000075 -1.000000 0.000078
vn -0.000077 -1.000000 0.000000
vn -0.000072 -1.000000 0.000000
vn -0.000070 -1.000000 -0.000085
vn -0.000001 -1.000000 -0.000081
vn 0.000078 -1.000000 -0.000076
vn 0.000078 -1.000000 -0.000000
vn 0.000078 -1.000000 0.000076
vn -0.000001 -1.000000 0.000081
vn -0.000070 -1.000000 0.000085
vn -0.000064 -1.000000 0.000000
vn 0.000004 -1.000000 -0.000021
vn -0.000154 -1.000000 -0.000019
vn -0.000154 -1.000000 0.000000
vn -0.000000 -1.000000 -0.000000
vn 0.000134 -1.000000 0.000000
vn 0.000134 -1.000000 -0.000022
vn -0.000154 -1.000000 0.000019
vn 0.000004 -1.000000 0.000021
vn 0.000134 -1.000000 0.000022
vn 0.394028 -0.225834 0.890921
vn 0.418246 -0.360939 0.833542
vn 0.424770 -0.773887 0.469754
vn 0.424770 -0.773887 0.469754
vn -0.258432 -0.195422 0.946057
vn -0.256603 -0.205589 0.944398
vn -0.170436 -0.558986 0.811471
vn -0.170436 -0.558986 0.811471
vn -0.961642 -0.097154 0.256527
vn -0.960081 -0.113841 0.255508
vn -0.843466 -0.494276 0.210374
vn -0.843466 -0.494276 0.210374
vn -0.960081 -0.113841 -0.255508
vn -0.961642 -0.097154 -0.256527
vn -0.843466 -0.494276 -0.210373
vn -0.843466 -0.494276 -0.210373
vn -0.256603 -0.205589 -0.944398
vn -0.258432 -0.195422 -0.946057
vn -0.170436 -0.558987 -0.811471
vn -0.170436 -0.558987 -0.811471
vn 0.418246 -0.360939 -0.833542
vn 0.394028 -0.225835 -0.890921
vn 0.424770 -0.773887 -0.469754
vn 0.424770 -0.773887 -0.469754
vn 0.902792 -0.365614 -0.226480
vn 0.922027 -0.296857 -0.248479
vn 0.480536 -0.876376 0.032406
vn 0.480536 -0.876376 0.032406
vn 0.922027 -0.296857 0.248479
vn 0.902792 -0.365614 0.226480
vn 0.480536 -0.876376 -0.032406
vn 0.480536 -0.876376 -0.032406
vn 0.940348 -0.019759 0.339640
vn 0.939688 -0.017657 0.341577
vn 0.939688 -0.017657 -0.341577
vn 0.940348 -0.019759 -0.339640
vn 0.364800 -0.015893 -0.930950
vn 0.366490 0.010105 -0.930367
vn -0.305127 -0.054569 -0.950747
vn -0.304651 -0.055489 -0.950846
vn -0.955110 -0.042036 -0.293256
vn -0.954138 -0.043180 -0.296236
vn -0.954138 -0.043180 0.296236
vn -0.955110 -0.042036 0.293256
vn -0.304651 -0.055489 0.950846
vn -0.305127 -0.054569 0.950747
vn 0.366490 0.010105 0.930367
vn 0.364800 -0.015893 0.930950
vn -0.000000 -0.926641 0.375948
vn 0.147026 -0.909138 0.389682
vn 0.305302 -0.848874 0.431513
vn 0.392099 -0.799370 0.455264
vn 0.576724 -0.747804 0.328905
vn 0.661955 -0.727312 0.181198
vn 0.710441 -0.703757 -0.000000
vn 0.659958 -0.728063 -0.185419
vn 0.570050 -0.748183 -0.339509
vn 0.252276 -0.885719 -0.389690
vn 0.353798 -0.837203 -0.417035
vn 0.112601 -0.926449 -0.359184
vn -0.000000 -0.937441 -0.348145
vn 0.380541 0.914756 0.135683
vn 0.308985 0.951063 0.002849
vn 0.551280 0.814342 0.181485
vn 0.378127 0.910854 -0.165421
vn 0.545467 0.807060 -0.226097
vn 0.677691 0.718159 -0.158059
vn 0.750077 0.661351 0.000311
vn 0.683607 0.716355 0.139702
vn 0.600007 0.341163 -0.723602
vn 0.600007 0.341163 -0.723602
vn 0.634137 0.511260 -0.580072
vn 0.635719 0.526171 -0.564806
vn 0.939503 0.168967 -0.297968
vn 0.939503 0.168967 -0.297968
vn 0.914712 0.306198 -0.263715
vn 0.914060 0.308738 -0.263013
vn 0.939101 0.178524 0.293631
vn 0.939101 0.178524 0.293631
vn 0.912375 0.317776 0.258053
vn 0.913712 0.312740 0.259468
vn 0.603159 0.357245 0.713145
vn 0.603159 0.357245 0.713145
vn 0.632644 0.537474 0.557569
vn 0.631438 0.521997 0.573416
vn 0.101404 0.678540 0.727531
vn 0.101404 0.678540 0.727531
vn 0.278654 0.800739 0.530254
vn 0.271395 0.796822 0.539833
vn -0.310687 0.898613 0.309786
vn -0.310687 0.898613 0.309787
vn 0.009958 0.977093 0.212580
vn 0.006395 0.976856 0.213800
vn -0.295326 0.905856 -0.303656
vn -0.295326 0.905856 -0.303656
vn 0.021896 0.978415 -0.205488
vn 0.018777 0.978251 -0.206573
vn 0.120955 0.690469 -0.713178
vn 0.120955 0.690469 -0.713178
vn 0.286115 0.798869 -0.529099
vn 0.292818 0.802259 -0.520228
vn 0.799133 0.316414 -0.511145
vn 0.342538 0.576005 -0.742217
vn 0.330705 0.582581 -0.742451
vn 0.792974 0.319966 -0.518473
vn -0.115755 0.844101 -0.523541
vn -0.109517 0.840219 -0.531072
vn -0.295986 0.955192 -0.000000
vn -0.295986 0.955192 -0.000000
vn -0.115755 0.844101 0.523540
vn -0.109517 0.840220 0.531072
vn 0.342537 0.576006 0.742216
vn 0.330703 0.582583 0.742450
vn 0.799132 0.316414 0.511146
vn 0.792974 0.319966 0.518473
vn 0.976377 0.216074 -0.000000
vn 0.976377 0.216074 -0.000000
vn 0.473334 0.816558 0.330436
vn 0.500015 0.866017 -0.000001
vn 0.185822 0.982583 0.000001
vn 0.176393 0.932725 0.314499
vn 0.473334 0.816557 -0.330438
vn 0.176393 0.932725 -0.314499
vn 0.756915 0.653514 -0.000002
vn 0.718832 0.620635 0.313198
vn 0.718832 0.620632 -0.313203
vn 0.942576 -0.062001 -0.328186
vn 0.942439 -0.063378 -0.328318
vn 0.942439 -0.063378 0.328317
vn 0.942576 -0.062001 0.328185
vn 0.530640 0.178136 0.828667
vn 0.531949 0.183295 0.826701
vn -0.089739 0.500348 0.861161
vn -0.086459 0.504687 0.858962
vn -0.546272 0.748682 0.375582
vn -0.545071 0.749896 0.374905
vn -0.545071 0.749896 -0.374905
vn -0.546272 0.748682 -0.375582
vn -0.086459 0.504686 -0.858963
vn -0.089739 0.500347 -0.861162
vn 0.531949 0.183295 -0.826700
vn 0.530641 0.178136 -0.828666
vn 0.947635 0.030383 -0.317908
vn 0.947635 0.030383 -0.317908
vn 0.947635 0.030382 0.317907
vn 0.947635 0.030382 0.317907
vn 0.546767 0.246866 0.800065
vn 0.546767 0.246866 0.800065
vn -0.041354 0.562213 0.825958
vn -0.041354 0.562213 0.825958
vn -0.487951 0.802893 0.342443
vn -0.487951 0.802893 0.342443
vn -0.487951 0.802893 -0.342443
vn -0.487951 0.802893 -0.342443
vn -0.041354 0.562212 -0.825959
vn -0.041354 0.562212 -0.825959
vn 0.546767 0.246868 -0.800064
vn 0.546767 0.246868 -0.800064
vn 0.274182 0.792785 -0.544350
vn 0.287229 0.799572 -0.527431
vn 0.181174 0.735587 -0.652754
vn 0.181174 0.735587 -0.652754
vn 0.002781 0.977949 -0.208824
vn -0.005576 0.977372 -0.211454
vn -0.123954 0.961063 -0.246968
vn -0.123954 0.961063 -0.246968
vn -0.011444 0.975771 0.218494
vn -0.008541 0.976013 0.217544
vn -0.133116 0.957344 0.256461
vn -0.133116 0.957344 0.256461
vn 0.268874 0.799744 0.536764
vn 0.255590 0.793266 0.552633
vn 0.157283 0.736146 0.658294
vn 0.157283 0.736146 0.658294
vn 0.620961 0.499711 0.603901
vn 0.610168 0.455230 0.648429
vn 0.572857 0.337517 0.746938
vn 0.572857 0.337517 0.746938
vn 0.930063 0.177521 0.321667
vn 0.931283 0.151326 0.331381
vn 0.924934 0.005325 0.380090
vn 0.924934 0.005325 0.380090
vn 0.930215 0.147247 -0.336181
vn 0.929573 0.166125 -0.329085
vn 0.921839 -0.004505 -0.387548
vn 0.921839 -0.004505 -0.387548
vn 0.615626 0.435239 -0.656941
vn 0.626337 0.483638 -0.611389
vn 0.579142 0.312874 -0.752797
vn 0.579142 0.312874 -0.752797
vn 0.953370 0.166898 -0.251458
vn 0.953370 0.166898 -0.251458
vn 0.953370 0.166898 -0.251458
vn 0.953370 0.166898 -0.251458
vn 0.953293 0.298339 -0.047184
vn 0.953293 0.298339 -0.047184
vn 0.953293 0.298339 -0.047184
vn 0.953293 0.298339 -0.047184
vn 0.953293 0.298339 0.047184
vn 0.953293 0.298339 0.047184
vn 0.953293 0.298339 0.047184
vn 0.953293 0.298339 0.047184
vn 0.953370 0.166897 0.251458
vn 0.953370 0.166897 0.251458
vn 0.953370 0.166897 0.251458
vn 0.953370 0.166897 0.251458
vn 0.853661 0.309368 0.418992
vn 0.853661 0.309368 0.418992
vn 0.853661 0.309368 0.418992
vn 0.853661 0.309368 0.418992
vn 0.849677 0.465529 0.247654
vn 0.849677 0.465529 0.247654
vn 0.849677 0.465529 0.247654
vn 0.849677 0.465529 0.247654
vn 0.848378 0.466498 -0.250270
vn 0.848378 0.466498 -0.250270
vn 0.848378 0.466498 -0.250270
vn 0.848378 0.466498 -0.250270
vn 0.851838 0.314106 -0.419178
vn 0.851838 0.314106 -0.419178
vn 0.851838 0.314106 -0.419178
vn 0.851838 0.314106 -0.419178
vn 0.849507 0.474665 -0.230287
vn 0.852582 0.468925 -0.230679
vn 0.802057 0.548290 -0.236816
vn 0.799746 0.550515 -0.239454
vn 0.852582 0.468925 0.230680
vn 0.849506 0.474665 0.230288
vn 0.799778 0.550496 0.239392
vn 0.802083 0.548274 0.236765
vn 0.402172 0.255469 0.879201
vn 0.408385 0.257939 0.875608
vn 0.485583 0.305306 0.819144
vn 0.451375 0.282521 0.846429
vn -0.584395 -0.094933 0.805897
vn -0.584650 -0.126852 0.801307
vn -0.663946 -0.223651 0.713552
vn -0.621648 -0.207158 0.755406
vn -0.958898 -0.175448 0.223009
vn -0.958781 -0.179252 0.220473
vn -0.964065 -0.218297 0.151413
vn -0.962526 -0.217842 0.161517
vn -0.958781 -0.179252 -0.220472
vn -0.958898 -0.175448 -0.223009
vn -0.962526 -0.217842 -0.161517
vn -0.964065 -0.218297 -0.151413
vn -0.584650 -0.126852 -0.801307
vn -0.584394 -0.094933 -0.805898
vn -0.621648 -0.207157 -0.755407
vn -0.663946 -0.223651 -0.713552
vn 0.408385 0.257939 -0.875608
vn 0.402171 0.255469 -0.879201
vn 0.451380 0.282542 -0.846420
vn 0.485592 0.305353 -0.819122
vn 0.790239 0.559438 -0.250105
vn 0.790239 0.559438 -0.250106
vn 0.790296 0.559404 0.249997
vn 0.790296 0.559404 0.249997
vn 0.525638 0.332045 0.783231
vn 0.525638 0.332044 0.783231
vn -0.716104 -0.244197 0.653883
vn -0.716104 -0.244197 0.653883
vn -0.968749 -0.219741 0.115068
vn -0.968749 -0.219741 0.115068
vn -0.968748 -0.219741 -0.115068
vn -0.968748 -0.219741 -0.115068
vn -0.716104 -0.244197 -0.653883
vn -0.716104 -0.244197 -0.653883
vn 0.525654 0.332124 -0.783187
vn 0.525654 0.332124 -0.783187
vn 0.491477 -0.047534 -0.869592
vn 0.492214 -0.059972 -0.868406
vn -0.468396 0.155972 -0.869643
vn -0.468873 0.153218 -0.869875
vn -0.944188 0.156314 -0.289957
vn -0.944760 0.153046 -0.289836
vn -0.934803 0.255217 0.246998
vn -0.933320 0.262213 0.245273
vn -0.384926 0.228486 0.894218
vn -0.386738 0.229528 0.893169
vn 0.522406 -0.069689 0.849844
vn 0.520318 -0.048179 0.852612
vn 0.917725 -0.249049 0.309444
vn 0.921936 -0.235526 0.307508
vn 0.929308 -0.217563 -0.298419
vn 0.925793 -0.230213 -0.299848
vn 0.406732 -0.223435 -0.885803
vn 0.391290 -0.233079 -0.890262
vn -0.520105 0.099834 -0.848248
vn -0.518614 0.103839 -0.848679
vn -0.914099 0.290618 -0.282782
vn -0.913008 0.294527 -0.282259
vn -0.868337 0.465531 0.171090
vn -0.868436 0.465302 0.171209
vn -0.348187 0.243547 0.905235
vn -0.350394 0.238729 0.905667
vn 0.477445 -0.334788 0.812381
vn 0.491138 -0.304077 0.816285
vn 0.776462 -0.530773 0.339687
vn 0.796110 -0.502241 0.337584
vn 0.822103 -0.479515 -0.306940
vn 0.806792 -0.506043 -0.304971
vn -0.759302 -0.594834 -0.263880
vn -0.759302 -0.594834 -0.263880
vn -0.759302 -0.594834 -0.263880
vn -0.759302 -0.594834 -0.263880
vn -0.661609 -0.696634 -0.277445
vn -0.661609 -0.696634 -0.277445
vn -0.661609 -0.696634 -0.277445
vn -0.661609 -0.696634 -0.277445
vn -0.829473 -0.531401 -0.172011
vn -0.829473 -0.531401 -0.172011
vn -0.829473 -0.531401 -0.172011
vn -0.829473 -0.531401 -0.172011
vn -0.896281 -0.437669 -0.071592
vn -0.896281 -0.437669 -0.071592
vn -0.896281 -0.437669 -0.071592
vn -0.896281 -0.437669 -0.071592
vn -0.577760 -0.815739 -0.027655
vn -0.577759 -0.815738 -0.027655
vn -0.577760 -0.815739 -0.027655
vn -0.577759 -0.815739 -0.027655
vn -0.386977 -0.921884 0.019450
vn -0.386977 -0.921884 0.019450
vn -0.386977 -0.921884 0.019450
vn -0.386977 -0.921884 0.019450
vn -0.549507 -0.835094 0.025684
vn -0.549507 -0.835094 0.025684
vn -0.549507 -0.835094 0.025684
vn -0.549507 -0.835094 0.025684
vn -0.537373 -0.843048 -0.022378
vn -0.537373 -0.843048 -0.022378
vn -0.537373 -0.843048 -0.022378
vn -0.537373 -0.843048 -0.022378
vn -0.373918 0.216067 0.901943
vn -0.374501 0.215238 0.901899
vn -0.468704 0.039836 0.882457
vn -0.467692 0.042586 0.882865
vn -0.782671 0.485941 -0.388956
vn -0.782671 0.485941 -0.388956
vn -0.849014 0.380942 -0.366139
vn -0.847611 0.383478 -0.366742
vn 0.292383 -0.473345 -0.830937
vn 0.292383 -0.473345 -0.830937
vn 0.233783 -0.514586 -0.824953
vn 0.233848 -0.514542 -0.824962
vn 0.789145 -0.614179 -0.005903
vn 0.789145 -0.614179 -0.005903
vn 0.717488 -0.696530 -0.007575
vn 0.694168 -0.719768 -0.008062
vn 0.702953 -0.626390 0.336888
vn 0.713255 -0.616173 0.334064
vn 0.766858 -0.567585 0.299628
vn 0.766833 -0.567373 0.300093
vn -0.741107 0.245535 0.624878
vn -0.741107 0.245535 0.624878
vn -0.752838 0.181248 0.632759
vn -0.753171 0.179104 0.632973
vn -0.989094 0.072085 -0.128441
vn -0.989094 0.072085 -0.128441
vn -0.977530 0.135613 -0.161380
vn -0.974878 0.147078 -0.167273
vn -0.037656 -0.139664 -0.989483
vn -0.037656 -0.139664 -0.989483
vn -0.081522 -0.197042 -0.977000
vn -0.085763 -0.202564 -0.975506
vn 0.727750 -0.630689 -0.269464
vn 0.729920 -0.624089 -0.278800
vn 0.691477 -0.683461 -0.233970
vn 0.690075 -0.684928 -0.233819
vn -0.090764 -0.164809 0.982140
vn -0.090764 -0.164809 0.982140
vn -0.131554 -0.218564 0.966914
vn -0.118969 -0.202003 0.972132
vn -0.975309 0.152506 0.159731
vn -0.975309 0.152506 0.159731
vn -0.958047 0.219106 0.184768
vn -0.962104 0.205195 0.179584
vn -0.776312 0.171703 -0.606512
vn -0.776313 0.171703 -0.606512
vn -0.769486 0.191505 -0.609276
vn -0.766059 0.201055 -0.610516
vn -0.663595 -0.748071 -0.005595
vn -0.663595 -0.748071 -0.005595
vn -0.663595 -0.748071 -0.005595
vn -0.663595 -0.748071 -0.005595
vn -0.575205 -0.812944 -0.090894
vn -0.575205 -0.812944 -0.090894
vn -0.575205 -0.812944 -0.090894
vn -0.575205 -0.812944 -0.090894
vn -0.587693 -0.806866 -0.059865
vn -0.587693 -0.806866 -0.059865
vn -0.587693 -0.806866 -0.059865
vn -0.587693 -0.806866 -0.059865
vn -0.482714 -0.863267 -0.147504
vn -0.482714 -0.863267 -0.147504
vn -0.482714 -0.863267 -0.147504
vn -0.482714 -0.863267 -0.147504
vn -0.419090 -0.904407 -0.080077
vn -0.419090 -0.904407 -0.080077
vn -0.419090 -0.904407 -0.080077
vn -0.419090 -0.904407 -0.080077
vn -0.483903 -0.873778 -0.048485
vn -0.483903 -0.873778 -0.048485
vn -0.483903 -0.873778 -0.048485
vn -0.483903 -0.873778 -0.048485
vn -0.334017 -0.941244 -0.049929
vn -0.334017 -0.941244 -0.049929
vn -0.334017 -0.941244 -0.049929
vn -0.334017 -0.941244 -0.049929
vn -0.408404 -0.910775 0.060792
vn -0.408404 -0.910775 0.060792
vn -0.408404 -0.910775 0.060792
vn -0.408404 -0.910775 0.060792
vn -0.524358 -0.851481 0.005376
vn -0.570252 -0.821454 -0.005200
vn -0.564346 -0.825014 -0.029412
vn -0.520903 -0.853043 -0.031256
vn -0.487158 -0.872677 -0.033356
vn -0.491268 -0.870915 0.012767
vn -0.558047 -0.828067 -0.053743
vn -0.513610 -0.855275 -0.068627
vn -0.482080 -0.872578 -0.078776
vn -0.521214 -0.123458 0.844449
vn -0.521214 -0.123458 0.844449
vn 0.515492 -0.856822 -0.011141
vn 0.515492 -0.856822 -0.011141
vn 0.143556 -0.571487 -0.807957
vn 0.143556 -0.571487 -0.807957
vn -0.934745 0.174359 -0.309598
vn -0.934745 0.174359 -0.309598
vn 0.768203 -0.584378 0.261469
vn 0.768203 -0.584378 0.261469
vn -0.178332 -0.321899 -0.929827
vn -0.178332 -0.321899 -0.929827
vn -0.949585 0.232278 -0.210560
vn -0.949585 0.232278 -0.210560
vn -0.764934 0.075145 0.639710
vn -0.764934 0.075145 0.639710
vn 0.600390 -0.768008 -0.222928
vn 0.600390 -0.768008 -0.222928
vn -0.742583 0.260852 -0.616869
vn -0.742583 0.260852 -0.616869
vn -0.905734 0.353665 0.233595
vn -0.905734 0.353665 0.233595
vn -0.220736 -0.335305 0.915886
vn -0.220736 -0.335305 0.915885
vn 0.212961 -0.333346 -0.918438
vn 0.212961 -0.333346 -0.918438
vn -0.592440 -0.147292 -0.792035
vn -0.592440 -0.147292 -0.792035
vn -0.893367 0.356732 -0.273198
vn -0.893367 0.356732 -0.273198
vn -0.833339 0.536585 0.132751
vn -0.833339 0.536585 0.132751
vn 0.411812 -0.463330 0.784689
vn 0.411812 -0.463330 0.784689
vn 0.249959 0.667853 0.701066
vn 0.438531 0.580562 0.686031
vn 0.469751 0.418218 0.777450
vn 0.344883 0.301600 0.888872
vn 0.105832 0.656447 0.746911
vn 0.175214 0.334135 0.926096
vn -0.000000 0.335913 0.941893
vn -0.000000 0.650152 0.759804
vn -0.383293 -0.737390 0.556186
vn -0.108703 -0.820985 0.560506
vn -0.095555 -0.814586 0.572117
vn -0.364279 -0.736833 0.569542
vn -0.691845 0.697917 -0.185101
vn -0.691845 0.697917 -0.185101
vn -0.637178 0.734640 -0.233042
vn -0.640702 0.732498 -0.230105
vn -0.845757 -0.361161 0.392756
vn -0.845757 -0.361161 0.392756
vn -0.874324 -0.212015 0.436586
vn -0.858652 -0.307717 0.409911
vn 0.012588 -0.834713 0.550541
vn 0.013875 -0.827438 0.561386
vn 0.001928 0.989992 -0.141112
vn 0.017611 0.987587 -0.156084
vn -0.045969 0.940190 -0.337536
vn -0.036400 0.940996 -0.336454
vn -0.000000 0.992640 -0.121103
vn -0.000000 0.930016 -0.367520
vn 0.000000 -0.834016 0.551741
vn 0.000000 -0.828369 0.560182
vn -0.460152 0.076418 -0.884545
vn -0.441305 0.110255 -0.890558
vn -0.441258 0.110778 -0.890516
vn -0.461069 0.075674 -0.884132
vn 0.478276 0.069526 -0.875453
vn 0.481562 0.087698 -0.872014
vn 0.481921 0.087686 -0.871816
vn 0.478255 0.069600 -0.875458
vn 0.953723 0.091007 -0.286584
vn 0.952708 0.075056 -0.294473
vn 0.952646 0.075059 -0.294672
vn 0.953655 0.091589 -0.286624
vn 0.953726 0.114733 0.277927
vn 0.952646 0.075059 0.294672
vn 0.952708 0.075056 0.294473
vn 0.953473 0.118591 0.277174
vn 0.448333 0.153609 0.880569
vn 0.481921 0.087686 0.871816
vn 0.481562 0.087698 0.872013
vn 0.446182 0.159006 0.880703
vn -0.470558 0.089670 0.877801
vn -0.441258 0.110778 0.890516
vn -0.441305 0.110255 0.890558
vn -0.468811 0.089706 0.878731
vn -0.961801 -0.007641 0.273644
vn -0.956506 0.114012 0.268511
vn -0.956446 0.114615 0.268468
vn -0.961808 -0.006174 0.273654
vn -0.961808 -0.006175 -0.273654
vn -0.956446 0.114615 -0.268468
vn -0.956506 0.114012 -0.268511
vn -0.961801 -0.007642 -0.273644
vn -0.436632 0.171946 -0.883056
vn -0.413102 0.230712 -0.880976
vn -0.414769 0.229145 -0.880602
vn -0.436076 0.179280 -0.881871
vn 0.507412 0.023278 -0.861389
vn 0.551655 -0.054660 -0.832279
vn 0.551655 -0.054660 -0.832279
vn 0.510710 0.008384 -0.859712
vn 0.953542 -0.017770 -0.300736
vn 0.952229 -0.138318 -0.272264
vn 0.952429 -0.138287 -0.271580
vn 0.953509 -0.025005 -0.300327
vn 0.953508 -0.025005 0.300327
vn 0.952429 -0.138287 0.271580
vn 0.952229 -0.138318 0.272264
vn 0.953542 -0.017770 0.300736
vn 0.510711 0.008384 0.859712
vn 0.551656 -0.054659 0.832279
vn 0.551656 -0.054659 0.832279
vn 0.507413 0.023278 0.861389
vn -0.436076 0.179281 0.881871
vn -0.414769 0.229144 0.880602
vn -0.413102 0.230712 0.880976
vn -0.436632 0.171946 0.883056
vn -0.925333 0.278772 0.256992
vn -0.897770 0.366055 0.244975
vn -0.897816 0.365921 0.245005
vn -0.926117 0.276006 0.257154
vn -0.926117 0.276006 -0.257154
vn -0.897816 0.365921 -0.245005
vn -0.897770 0.366055 -0.244975
vn -0.925333 0.278772 -0.256992
vn -0.499888 0.077706 -0.862597
vn -0.509020 0.104759 -0.854356
vn -0.509550 0.106368 -0.853841
vn -0.499888 0.077706 -0.862597
vn 0.105438 0.479232 -0.871332
vn 0.107634 0.476266 -0.872689
vn 0.107928 0.475868 -0.872869
vn 0.105438 0.479233 -0.871332
vn 0.568196 0.727512 -0.384551
vn 0.569669 0.725237 -0.386664
vn 0.569735 0.725134 -0.386759
vn 0.568196 0.727512 -0.384551
vn 0.567942 0.727551 0.384852
vn 0.569584 0.725155 0.386941
vn 0.569512 0.725262 0.386849
vn 0.567942 0.727551 0.384852
vn 0.104852 0.479339 0.871344
vn 0.107601 0.475925 0.872879
vn 0.107274 0.476332 0.872697
vn 0.104852 0.479339 0.871344
vn -0.500484 0.077843 0.862239
vn -0.509904 0.106481 0.853616
vn -0.509379 0.104845 0.854132
vn -0.500484 0.077843 0.862239
vn -0.923621 -0.151575 0.352063
vn -0.929072 -0.135013 0.344378
vn -0.928964 -0.135353 0.344537
vn -0.923621 -0.151575 0.352063
vn -0.923381 -0.151662 -0.352656
vn -0.928822 -0.135404 -0.344900
vn -0.928927 -0.135078 -0.344744
vn -0.923381 -0.151662 -0.352656
vn -0.207093 0.320207 0.924435
vn -0.218090 0.261530 0.940233
vn -0.114791 0.960828 -0.252256
vn -0.121334 0.992606 0.003249
vn -0.197614 0.268344 -0.942836
vn -0.196115 0.331352 -0.922900
vn 0.024365 -0.999703 0.000000
vn -0.025423 -0.988673 -0.147916
vn -0.124633 0.966492 0.224410
vn -0.026581 -0.993296 0.112504
vn -0.222457 0.189913 0.956267
vn -0.198082 0.195908 -0.960408
vn -0.177161 0.437851 -0.881419
vn -0.822723 0.470920 -0.318374
vn -0.859063 0.364187 -0.359691
vn -0.896818 0.442395 0.002269
vn -0.864914 0.501917 0.001710
vn -0.867031 0.355571 0.349036
vn -0.835083 0.461834 0.298907
vn -0.199504 0.364059 0.909758
vn -0.223193 0.103752 0.969237
vn -0.902017 0.224008 0.369032
vn -0.981386 0.192044 0.000000
vn -0.993521 0.113646 0.000000
vn -0.916908 0.129280 0.377580
vn -0.896899 0.227704 -0.379108
vn -0.912922 0.130486 -0.386712
vn -0.202053 0.098888 -0.974369
vn -0.132191 0.924678 0.357067
vn -0.842102 0.296886 0.450247
vn -0.709809 0.408824 0.573615
vn -0.838077 0.269412 0.474388
vn -0.838072 0.269352 0.474431
vn -0.810099 0.238182 0.535731
vn -0.794994 0.124102 0.593787
vn -0.080764 -0.984497 0.155699
vn -0.055564 -0.979937 -0.191407
vn -0.811651 0.243069 -0.531169
vn -0.803057 0.136590 -0.580036
vn -0.835371 0.263759 -0.482273
vn -0.835646 0.266520 -0.480274
vn -0.826975 0.319622 -0.462552
vn -0.768997 0.433617 -0.469703
vn -0.110546 0.922877 -0.368886
vn -0.233959 -0.397199 0.887410
vn -0.196479 -0.773737 0.602268
vn -0.660131 -0.587608 0.467915
vn -0.758979 -0.282107 0.586828
vn -0.899957 -0.295069 0.320954
vn -0.777399 -0.573448 0.258473
vn -0.965240 -0.261365 -0.000000
vn -0.830358 -0.557230 -0.000000
vn -0.889072 -0.296123 -0.349088
vn -0.767275 -0.579699 -0.274297
vn -0.762370 -0.293599 -0.576708
vn -0.657412 -0.589462 -0.469408
vn -0.142772 -0.802653 -0.579107
vn -0.179100 -0.382636 -0.906373
vn -0.230093 -0.068085 0.970784
vn -0.789607 -0.069143 0.609706
vn -0.929401 -0.050033 0.365664
vn -0.999311 -0.037112 -0.000000
vn -0.920532 -0.054615 -0.386830
vn -0.796502 -0.071293 -0.600418
vn -0.197084 -0.045823 -0.979315
vn -0.475487 -0.394865 0.786126
vn -0.576023 -0.344389 0.741346
vn -0.486506 -0.647142 0.586958
vn -0.390491 -0.705503 0.591424
vn -0.481797 -0.075416 0.873032
vn -0.588335 -0.067910 0.805760
vn -0.471128 0.111180 0.875030
vn -0.574666 0.117955 0.809843
vn -0.472373 0.189477 0.860792
vn -0.577806 0.188550 0.794097
vn -0.466928 0.248059 0.848791
vn -0.573863 0.236234 0.784140
vn -0.428084 0.310676 0.848661
vn -0.531511 0.294844 0.794080
vn -0.381131 0.335813 0.861376
vn -0.278262 0.929311 0.242800
vn -0.533872 0.805756 0.256393
vn -0.429125 0.839843 0.332440
vn -0.302074 0.886215 0.351248
vn -0.262372 0.898316 -0.352404
vn -0.401694 0.855649 -0.326355
vn -0.517961 0.807254 -0.282944
vn -0.265108 0.928682 -0.259360
vn -0.427449 0.341702 -0.836975
vn -0.530595 0.340930 -0.776039
vn -0.502424 0.453033 -0.736432
vn -0.396717 0.448975 -0.800648
vn -0.423241 0.265357 -0.866287
vn -0.526242 0.263438 -0.808499
vn -0.412231 0.199764 -0.888909
vn -0.502607 0.205110 -0.839831
vn -0.401850 0.100520 -0.910172
vn -0.478226 0.108170 -0.871550
vn -0.408316 -0.042202 -0.911864
vn -0.480192 -0.037023 -0.876382
vn -0.394439 -0.345477 -0.851506
vn -0.496282 -0.338546 -0.799432
vn -0.426400 -0.706182 -0.565234
vn -0.322267 -0.732523 -0.599628
vn -0.234698 -0.942352 -0.238514
vn -0.349174 -0.902879 -0.250775
vn -0.349174 -0.902879 -0.250775
vn -0.217231 -0.947069 -0.236371
vn -0.251803 -0.950417 0.182492
vn -0.356748 -0.916220 0.182406
vn -0.356748 -0.916220 0.182406
vn -0.221616 -0.957978 0.182113
vn -0.199829 0.979826 0.003161
vn -0.162707 0.544700 -0.822695
vn -0.145762 0.651274 -0.744712
vn -0.344046 0.544163 -0.765192
vn -0.288880 0.655442 -0.697814
vn -0.458799 0.533366 -0.710650
vn -0.387431 0.658281 -0.645417
vn -0.586502 0.754120 -0.295498
vn -0.668274 0.629920 -0.395741
vn -0.743637 0.621370 -0.246786
vn -0.635087 0.638397 0.434873
vn -0.593705 0.756596 0.274002
vn -0.749456 0.624726 0.219166
vn -0.254553 0.727809 0.636786
vn -0.364341 0.757057 0.542328
vn -0.265456 0.714687 0.647113
vn -0.136515 0.683146 0.717409
vn -0.123164 0.672868 0.729438
vn -0.809482 0.587145 0.000170
vn -0.129079 0.839823 0.527292
vn -0.129079 0.839823 0.527292
vn -0.137864 0.831784 0.537707
vn -0.137983 0.831673 0.537848
vn -0.091547 0.832426 0.546522
vn -0.092998 0.832391 0.546331
vn -0.376116 -0.021860 -0.926315
vn -0.315127 -0.604134 -0.731927
vn -0.315127 -0.604134 -0.731927
vn -0.375970 -0.014350 -0.926521
vn 0.364099 -0.091907 -0.926814
vn 0.313622 -0.604141 -0.732567
vn 0.313622 -0.604141 -0.732567
vn 0.364203 -0.112859 -0.924456
vn 0.907558 -0.225484 -0.354254
vn 0.730609 -0.609449 -0.307869
vn 0.730609 -0.609449 -0.307869
vn 0.906587 -0.229585 -0.354105
vn 0.906587 -0.229585 0.354105
vn 0.730609 -0.609449 0.307869
vn 0.730609 -0.609449 0.307869
vn 0.907558 -0.225484 0.354254
vn 0.364203 -0.112859 0.924456
vn 0.313622 -0.604141 0.732567
vn 0.313622 -0.604141 0.732567
vn 0.364099 -0.091907 0.926814
vn -0.375970 -0.014350 0.926521
vn -0.315127 -0.604133 0.731928
vn -0.315127 -0.604133 0.731928
vn -0.376116 -0.021860 0.926315
vn -0.919900 -0.079984 0.383909
vn -0.726304 -0.609369 0.318044
vn -0.726304 -0.609369 0.318045
vn -0.919365 -0.086151 0.383856
vn -0.919365 -0.086151 -0.383856
vn -0.726304 -0.609369 -0.318044
vn -0.726304 -0.609369 -0.318044
vn -0.919900 -0.079984 -0.383909
vn -0.000000 -1.000000 -0.000074
vn -0.000000 -1.000000 -0.000076
vn 0.000075 -1.000000 -0.000078
vn 0.000078 -1.000000 -0.000074
vn -0.000077 -1.000000 -0.000076
vn -0.000077 -1.000000 -0.000076
vn -0.000075 -1.000000 -0.000000
vn -0.000076 -1.000000 -0.000000
vn -0.000077 -1.000000 0.000076
vn -0.000077 -1.000000 0.000076
vn -0.000000 -1.000000 0.000074
vn -0.000000 -1.000000 0.000076
vn 0.000078 -1.000000 0.000074
vn 0.000075 -1.000000 0.000078
vn 0.000077 -1.000000 -0.000000
vn 0.000072 -1.000000 -0.000000
vn 0.000001 -1.000000 -0.000081
vn 0.000070 -1.000000 -0.000085
vn -0.000078 -1.000000 -0.000076
vn -0.000078 -1.000000 -0.000000
vn -0.000078 -1.000000 0.000076
vn 0.000001 -1.000000 0.000081
vn 0.000070 -1.000000 0.000085
vn 0.000064 -1.000000 0.000000
vn -0.000004 -1.000000 -0.000021
vn 0.000000 -1.000000 -0.000000
vn 0.000154 -1.000000 0.000000
vn 0.000154 -1.000000 -0.000019
vn -0.000134 -1.000000 -0.000022
vn -0.000134 -1.000000 0.000000
vn -0.000004 -1.000000 0.000021
vn 0.000154 -1.000000 0.000019
vn -0.000134 -1.000000 0.000022
vn -0.394028 -0.225834 0.890921
vn -0.424770 -0.773887 0.469754
vn -0.424770 -0.773887 0.469754
vn -0.418246 -0.360939 0.833542
vn 0.258432 -0.195422 0.946057
vn 0.170436 -0.558986 0.811471
vn 0.170436 -0.558986 0.811471
vn 0.256603 -0.205589 0.944398
vn 0.961642 -0.097154 0.256527
vn 0.843466 -0.494276 0.210374
vn 0.843466 -0.494276 0.210374
vn 0.960081 -0.113841 0.255508
vn 0.960081 -0.113841 -0.255508
vn 0.843466 -0.494276 -0.210373
vn 0.843466 -0.494276 -0.210373
vn 0.961642 -0.097154 -0.256527
vn 0.256603 -0.205589 -0.944398
vn 0.170436 -0.558987 -0.811471
vn 0.170436 -0.558987 -0.811471
vn 0.258432 -0.195422 -0.946057
vn -0.418246 -0.360939 -0.833542
vn -0.424770 -0.773888 -0.469754
vn -0.424770 -0.773887 -0.469754
vn -0.394028 -0.225835 -0.890921
vn -0.902792 -0.365614 -0.226480
vn -0.480536 -0.876376 0.032406
vn -0.480536 -0.876376 0.032406
vn -0.922027 -0.296857 -0.248479
vn -0.922027 -0.296857 0.248479
vn -0.480536 -0.876376 -0.032406
vn -0.480536 -0.876376 -0.032406
vn -0.902792 -0.365614 0.226480
vn -0.940348 -0.019759 0.339640
vn -0.939688 -0.017657 0.341577
vn -0.939688 -0.017657 -0.341577
vn -0.940348 -0.019759 -0.339640
vn -0.364800 -0.015893 -0.930950
vn -0.366490 0.010105 -0.930367
vn 0.305127 -0.054569 -0.950747
vn 0.304651 -0.055489 -0.950846
vn 0.955110 -0.042036 -0.293256
vn 0.954138 -0.043180 -0.296236
vn 0.954138 -0.043180 0.296236
vn 0.955110 -0.042036 0.293256
vn 0.304651 -0.055489 0.950846
vn 0.305127 -0.054569 0.950747
vn -0.366490 0.010105 0.930367
vn -0.364800 -0.015893 0.930950
vn -0.147026 -0.909138 0.389682
vn -0.305302 -0.848874 0.431513
vn -0.392099 -0.799370 0.455264
vn -0.576724 -0.747804 0.328905
vn -0.661955 -0.727312 0.181198
vn -0.710441 -0.703757 -0.000000
vn -0.659958 -0.728063 -0.185419
vn -0.570050 -0.748183 -0.339509
vn -0.252276 -0.885719 -0.389690
vn -0.353798 -0.837203 -0.417035
vn -0.112601 -0.926449 -0.359185
vn -0.308985 0.951063 0.002849
vn -0.380541 0.914756 0.135684
vn -0.551280 0.814342 0.181485
vn -0.378127 0.910854 -0.165421
vn -0.545467 0.807060 -0.226097
vn -0.750077 0.661351 0.000311
vn -0.677691 0.718159 -0.158059
vn -0.683607 0.716355 0.139702
vn -0.600006 0.341163 -0.723603
vn -0.635718 0.526171 -0.564807
vn -0.634137 0.511260 -0.580073
vn -0.600006 0.341163 -0.723603
vn -0.939503 0.168966 -0.297968
vn -0.914059 0.308738 -0.263014
vn -0.914711 0.306198 -0.263715
vn -0.939503 0.168966 -0.297968
vn -0.939100 0.178526 0.293631
vn -0.913712 0.312740 0.259468
vn -0.912375 0.317775 0.258053
vn -0.939100 0.178526 0.293631
vn -0.603161 0.357246 0.713142
vn -0.631438 0.521997 0.573416
vn -0.632644 0.537474 0.557569
vn -0.603161 0.357246 0.713142
vn -0.101405 0.678543 0.727527
vn -0.271395 0.796820 0.539836
vn -0.278653 0.800737 0.530257
vn -0.101405 0.678543 0.727527
vn 0.310687 0.898613 0.309786
vn -0.006395 0.976857 0.213799
vn -0.009958 0.977093 0.212578
vn 0.310687 0.898613 0.309786
vn 0.295325 0.905856 -0.303656
vn -0.018777 0.978251 -0.206573
vn -0.021896 0.978415 -0.205488
vn 0.295325 0.905856 -0.303656
vn -0.120955 0.690471 -0.713176
vn -0.292819 0.802260 -0.520227
vn -0.286116 0.798870 -0.529098
vn -0.120955 0.690471 -0.713176
vn -0.799132 0.316413 -0.511147
vn -0.792973 0.319965 -0.518475
vn -0.330703 0.582582 -0.742451
vn -0.342537 0.576005 -0.742217
vn 0.109517 0.840220 -0.531071
vn 0.115755 0.844101 -0.523540
vn 0.295986 0.955192 -0.000004
vn 0.295986 0.955192 -0.000004
vn 0.109517 0.840220 0.531071
vn 0.115755 0.844102 0.523539
vn -0.330704 0.582582 0.742451
vn -0.342538 0.576005 0.742217
vn -0.792974 0.319968 0.518472
vn -0.799132 0.316416 0.511145
vn -0.976377 0.216075 -0.000000
vn -0.976377 0.216074 -0.000000
vn -0.473335 0.816558 0.330434
vn -0.176393 0.932725 0.314499
vn -0.185822 0.982583 -0.000000
vn -0.500015 0.866017 -0.000000
vn -0.473335 0.816559 -0.330434
vn -0.176393 0.932725 -0.314498
vn -0.756915 0.653514 0.000001
vn -0.718833 0.620636 0.313193
vn -0.718834 0.620634 -0.313194
vn -0.942439 -0.063379 -0.328317
vn -0.942576 -0.062001 -0.328185
vn -0.942577 -0.062001 0.328185
vn -0.942439 -0.063378 0.328317
vn -0.531949 0.183295 0.826700
vn -0.530641 0.178137 0.828666
vn 0.086459 0.504685 0.858963
vn 0.089739 0.500347 0.861162
vn 0.545071 0.749896 0.374904
vn 0.546273 0.748682 0.375582
vn 0.546272 0.748682 -0.375581
vn 0.545071 0.749896 -0.374904
vn 0.089739 0.500346 -0.861162
vn 0.086459 0.504685 -0.858963
vn -0.530641 0.178137 -0.828666
vn -0.531950 0.183295 -0.826700
vn -0.947635 0.030382 -0.317907
vn -0.947635 0.030382 -0.317907
vn -0.947635 0.030382 0.317907
vn -0.947635 0.030382 0.317907
vn -0.546768 0.246867 0.800063
vn -0.546768 0.246867 0.800063
vn 0.041354 0.562211 0.825959
vn 0.041354 0.562211 0.825959
vn 0.487951 0.802893 0.342443
vn 0.487951 0.802893 0.342443
vn 0.487951 0.802893 -0.342443
vn 0.487951 0.802893 -0.342443
vn 0.041354 0.562211 -0.825959
vn 0.041354 0.562211 -0.825959
vn -0.546768 0.246868 -0.800063
vn -0.546768 0.246868 -0.800063
vn -0.274182 0.792786 -0.544348
vn -0.181174 0.735590 -0.652751
vn -0.181174 0.735590 -0.652751
vn -0.287230 0.799573 -0.527430
vn -0.002781 0.977949 -0.208823
vn 0.123954 0.961063 -0.246967
vn 0.123954 0.961063 -0.246967
vn 0.005576 0.977372 -0.211454
vn 0.011444 0.975771 0.218493
vn 0.133116 0.957344 0.256461
vn 0.133116 0.957344 0.256461
vn 0.008541 0.976013 0.217543
vn -0.268873 0.799743 0.536767
vn -0.157283 0.736147 0.658293
vn -0.157283 0.736147 0.658293
vn -0.255590 0.793264 0.552635
vn -0.620962 0.499711 0.603900
vn -0.572859 0.337518 0.746936
vn -0.572859 0.337518 0.746936
vn -0.610169 0.455230 0.648428
vn -0.930063 0.177520 0.321667
vn -0.924934 0.005324 0.380090
vn -0.924934 0.005324 0.380090
vn -0.931283 0.151325 0.331381
vn -0.930215 0.147247 -0.336181
vn -0.921839 -0.004504 -0.387548
vn -0.921839 -0.004504 -0.387548
vn -0.929573 0.166126 -0.329086
vn -0.615625 0.435239 -0.656942
vn -0.579142 0.312874 -0.752797
vn -0.579143 0.312874 -0.752798
vn -0.626336 0.483638 -0.611389
vn -0.953370 0.166898 -0.251458
vn -0.953370 0.166898 -0.251458
vn -0.953370 0.166898 -0.251458
vn -0.953370 0.166898 -0.251458
vn -0.953293 0.298339 -0.047184
vn -0.953293 0.298339 -0.047184
vn -0.953293 0.298339 -0.047184
vn -0.953293 0.298339 -0.047184
vn -0.953293 0.298339 0.047184
vn -0.953293 0.298339 0.047184
vn -0.953293 0.298339 0.047184
vn -0.953293 0.298339 0.047184
vn -0.953370 0.166898 0.251458
vn -0.953370 0.166898 0.251458
vn -0.953370 0.166898 0.251458
vn -0.953370 0.166898 0.251458
vn -0.853661 0.309368 0.418992
vn -0.853661 0.309368 0.418992
vn -0.853661 0.309368 0.418992
vn -0.853661 0.309368 0.418992
vn -0.849677 0.465529 0.247654
vn -0.849677 0.465529 0.247654
vn -0.849677 0.465529 0.247654
vn -0.849677 0.465529 0.247654
vn -0.848378 0.466498 -0.250270
vn -0.848378 0.466498 -0.250270
vn -0.848378 0.466498 -0.250270
vn -0.848378 0.466498 -0.250270
vn -0.851838 0.314106 -0.419178
vn -0.851838 0.314106 -0.419178
vn -0.851838 0.314106 -0.419178
vn -0.851838 0.314106 -0.419178
vn -0.849506 0.474665 -0.230288
vn -0.799746 0.550516 -0.239454
vn -0.802057 0.548290 -0.236816
vn -0.852582 0.468925 -0.230680
vn -0.852582 0.468925 0.230680
vn -0.802083 0.548274 0.236765
vn -0.799779 0.550496 0.239392
vn -0.849506 0.474665 0.230288
vn -0.402172 0.255469 0.879201
vn -0.451375 0.282521 0.846429
vn -0.485583 0.305306 0.819144
vn -0.408385 0.257939 0.875608
vn 0.584395 -0.094933 0.805897
vn 0.621649 -0.207158 0.755406
vn 0.663946 -0.223651 0.713552
vn 0.584650 -0.126852 0.801307
vn 0.958898 -0.175448 0.223009
vn 0.962526 -0.217842 0.161517
vn 0.964065 -0.218297 0.151413
vn 0.958781 -0.179252 0.220472
vn 0.958781 -0.179252 -0.220472
vn 0.964065 -0.218297 -0.151413
vn 0.962526 -0.217842 -0.161517
vn 0.958898 -0.175448 -0.223009
vn 0.584650 -0.126852 -0.801307
vn 0.663946 -0.223651 -0.713552
vn 0.621648 -0.207157 -0.755407
vn 0.584394 -0.094933 -0.805898
vn -0.408385 0.257939 -0.875608
vn -0.485592 0.305352 -0.819122
vn -0.451380 0.282542 -0.846420
vn -0.402172 0.255469 -0.879201
vn -0.790239 0.559438 -0.250105
vn -0.790239 0.559438 -0.250105
vn -0.790296 0.559404 0.249997
vn -0.790296 0.559404 0.249997
vn -0.525638 0.332044 0.783231
vn -0.525638 0.332044 0.783231
vn 0.716104 -0.244197 0.653883
vn 0.716104 -0.244197 0.653883
vn 0.968749 -0.219741 0.115068
vn 0.968749 -0.219741 0.115068
vn 0.968749 -0.219741 -0.115068
vn 0.968748 -0.219741 -0.115068
vn 0.716104 -0.244197 -0.653883
vn 0.716104 -0.244197 -0.653883
vn -0.525654 0.332124 -0.783187
vn -0.525654 0.332124 -0.783187
vn -0.492214 -0.059972 -0.868406
vn -0.491477 -0.047534 -0.869592
vn 0.468873 0.153218 -0.869875
vn 0.468396 0.155971 -0.869643
vn 0.944760 0.153046 -0.289836
vn 0.944188 0.156314 -0.289957
vn 0.933320 0.262213 0.245273
vn 0.934803 0.255217 0.246999
vn 0.386738 0.229528 0.893169
vn 0.384926 0.228486 0.894218
vn -0.520319 -0.048179 0.852612
vn -0.522406 -0.069689 0.849845
vn -0.921936 -0.235526 0.307508
vn -0.917725 -0.249049 0.309444
vn -0.925793 -0.230213 -0.299848
vn -0.929308 -0.217563 -0.298419
vn -0.391290 -0.233079 -0.890262
vn -0.406732 -0.223435 -0.885803
vn 0.518614 0.103839 -0.848680
vn 0.520105 0.099834 -0.848248
vn 0.913008 0.294527 -0.282259
vn 0.914099 0.290618 -0.282782
vn 0.868436 0.465302 0.171209
vn 0.868337 0.465531 0.171090
vn 0.350394 0.238729 0.905667
vn 0.348187 0.243547 0.905235
vn -0.491138 -0.304077 0.816285
vn -0.477445 -0.334788 0.812381
vn -0.796109 -0.502242 0.337584
vn -0.776462 -0.530773 0.339687
vn -0.806792 -0.506043 -0.304971
vn -0.822103 -0.479515 -0.306940
vn 0.759302 -0.594835 -0.263880
vn 0.759302 -0.594835 -0.263880
vn 0.759302 -0.594835 -0.263880
vn 0.759302 -0.594835 -0.263880
vn 0.661608 -0.696634 -0.277445
vn 0.661608 -0.696634 -0.277445
vn 0.661608 -0.696634 -0.277445
vn 0.661608 -0.696634 -0.277445
vn 0.829473 -0.531401 -0.172011
vn 0.829473 -0.531401 -0.172011
vn 0.829473 -0.531401 -0.172011
vn 0.829473 -0.531401 -0.172011
vn 0.896281 -0.437669 -0.071592
vn 0.896281 -0.437669 -0.071592
vn 0.896281 -0.437669 -0.071592
vn 0.896281 -0.437669 -0.071592
vn 0.577760 -0.815738 -0.027655
vn 0.577760 -0.815738 -0.027655
vn 0.577760 -0.815738 -0.027655
vn 0.577760 -0.815738 -0.027655
vn 0.386977 -0.921884 0.019449
vn 0.386977 -0.921884 0.019449
vn 0.386977 -0.921884 0.019449
vn 0.386977 -0.921884 0.019449
vn 0.549507 -0.835094 0.025683
vn 0.549507 -0.835094 0.025683
vn 0.549507 -0.835094 0.025683
vn 0.549507 -0.835094 0.025683
vn 0.537373 -0.843048 -0.022378
vn 0.537373 -0.843048 -0.022378
vn 0.537373 -0.843048 -0.022378
vn 0.537373 -0.843048 -0.022378
vn 0.373918 0.216067 0.901943
vn 0.467692 0.042586 0.882865
vn 0.468704 0.039836 0.882457
vn 0.374501 0.215238 0.901899
vn 0.782671 0.485942 -0.388956
vn 0.847611 0.383478 -0.366742
vn 0.849014 0.380942 -0.366139
vn 0.782671 0.485941 -0.388956
vn -0.292383 -0.473346 -0.830937
vn -0.233848 -0.514542 -0.824962
vn -0.233783 -0.514586 -0.824953
vn -0.292383 -0.473346 -0.830937
vn -0.789145 -0.614178 -0.005903
vn -0.694168 -0.719768 -0.008062
vn -0.717488 -0.696530 -0.007575
vn -0.789145 -0.614178 -0.005903
vn -0.702953 -0.626390 0.336888
vn -0.766833 -0.567373 0.300093
vn -0.766858 -0.567585 0.299628
vn -0.713255 -0.616173 0.334064
vn 0.741107 0.245535 0.624878
vn 0.753171 0.179104 0.632973
vn 0.752838 0.181248 0.632759
vn 0.741107 0.245535 0.624878
vn 0.989094 0.072084 -0.128441
vn 0.974878 0.147078 -0.167273
vn 0.977530 0.135612 -0.161380
vn 0.989094 0.072084 -0.128441
vn 0.037656 -0.139664 -0.989483
vn 0.085763 -0.202564 -0.975506
vn 0.081522 -0.197043 -0.977000
vn 0.037656 -0.139664 -0.989483
vn -0.727751 -0.630689 -0.269464
vn -0.690075 -0.684927 -0.233819
vn -0.691477 -0.683460 -0.233970
vn -0.729920 -0.624089 -0.278800
vn 0.090764 -0.164809 0.982140
vn 0.118969 -0.202003 0.972132
vn 0.131554 -0.218565 0.966914
vn 0.090764 -0.164809 0.982140
vn 0.975309 0.152506 0.159731
vn 0.962104 0.205195 0.179585
vn 0.958047 0.219106 0.184768
vn 0.975309 0.152506 0.159731
vn 0.776312 0.171703 -0.606512
vn 0.766059 0.201055 -0.610516
vn 0.769486 0.191504 -0.609276
vn 0.776312 0.171703 -0.606512
vn 0.663594 -0.748072 -0.005595
vn 0.663594 -0.748072 -0.005595
vn 0.663594 -0.748072 -0.005595
vn 0.663594 -0.748072 -0.005595
vn 0.575205 -0.812944 -0.090894
vn 0.575205 -0.812944 -0.090894
vn 0.575205 -0.812944 -0.090894
vn 0.575205 -0.812943 -0.090894
vn 0.587693 -0.806866 -0.059866
vn 0.587693 -0.806866 -0.059866
vn 0.587693 -0.806866 -0.059866
vn 0.587693 -0.806866 -0.059866
vn 0.482714 -0.863267 -0.147503
vn 0.482714 -0.863267 -0.147503
vn 0.482714 -0.863267 -0.147503
vn 0.482714 -0.863267 -0.147503
vn 0.419089 -0.904407 -0.080077
vn 0.419089 -0.904407 -0.080076
vn 0.419089 -0.904407 -0.080076
vn 0.419089 -0.904407 -0.080076
vn 0.483902 -0.873778 -0.048485
vn 0.483902 -0.873778 -0.048485
vn 0.483902 -0.873778 -0.048485
vn 0.483902 -0.873778 -0.048485
vn 0.334018 -0.941243 -0.049929
vn 0.334018 -0.941243 -0.049929
vn 0.334018 -0.941243 -0.049929
vn 0.334018 -0.941243 -0.049929
vn 0.408405 -0.910774 0.060792
vn 0.408405 -0.910774 0.060792
vn 0.408405 -0.910774 0.060792
vn 0.408405 -0.910774 0.060792
vn 0.524357 -0.851481 0.005376
vn 0.520903 -0.853044 -0.031256
vn 0.564346 -0.825014 -0.029412
vn 0.570251 -0.821454 -0.005199
vn 0.491268 -0.870915 0.012767
vn 0.487158 -0.872677 -0.033356
vn 0.513610 -0.855275 -0.068627
vn 0.558047 -0.828067 -0.053744
vn 0.482079 -0.872579 -0.078776
vn 0.521214 -0.123458 0.844449
vn 0.521214 -0.123458 0.844449
vn -0.515492 -0.856822 -0.011141
vn -0.515492 -0.856822 -0.011141
vn -0.143556 -0.571487 -0.807957
vn -0.143556 -0.571487 -0.807957
vn 0.934745 0.174359 -0.309598
vn 0.934745 0.174359 -0.309598
vn -0.768203 -0.584378 0.261469
vn -0.768203 -0.584378 0.261469
vn 0.178332 -0.321899 -0.929827
vn 0.178332 -0.321899 -0.929827
vn 0.949585 0.232279 -0.210560
vn 0.949585 0.232279 -0.210560
vn 0.764934 0.075145 0.639710
vn 0.764934 0.075145 0.639710
vn -0.600389 -0.768008 -0.222927
vn -0.600389 -0.768008 -0.222927
vn 0.742583 0.260852 -0.616869
vn 0.742583 0.260852 -0.616869
vn 0.905734 0.353665 0.233595
vn 0.905734 0.353665 0.233595
vn 0.220736 -0.335305 0.915885
vn 0.220736 -0.335305 0.915885
vn -0.212961 -0.333346 -0.918438
vn -0.212961 -0.333346 -0.918438
vn 0.592440 -0.147292 -0.792035
vn 0.592440 -0.147292 -0.792035
vn 0.893367 0.356732 -0.273198
vn 0.893367 0.356732 -0.273198
vn 0.833339 0.536585 0.132751
vn 0.833339 0.536585 0.132751
vn -0.411813 -0.463330 0.784688
vn -0.411813 -0.463330 0.784688
vn -0.438531 0.580562 0.686031
vn -0.249959 0.667853 0.701066
vn -0.344882 0.301600 0.888872
vn -0.469751 0.418218 0.777450
vn -0.105832 0.656448 0.746911
vn -0.175214 0.334135 0.926096
vn 0.383293 -0.737389 0.556187
vn 0.364279 -0.736833 0.569542
vn 0.095555 -0.814586 0.572117
vn 0.108703 -0.820985 0.560506
vn 0.691845 0.697917 -0.185101
vn 0.640702 0.732497 -0.230106
vn 0.637178 0.734640 -0.233043
vn 0.691845 0.697917 -0.185101
vn 0.845757 -0.361162 0.392756
vn 0.858652 -0.307718 0.409911
vn 0.874324 -0.212015 0.436586
vn 0.845757 -0.361162 0.392756
vn -0.013875 -0.827438 0.561385
vn -0.012588 -0.834713 0.550541
vn -0.001928 0.989992 -0.141113
vn 0.036400 0.940996 -0.336454
vn 0.045969 0.940190 -0.337536
vn -0.017610 0.987587 -0.156085
vn -0.882495 -0.081368 0.463231
vn -0.881812 -0.083266 0.464193
vn -0.527496 0.788677 -0.315812
vn -0.527573 0.788646 -0.315760
vn -0.139524 0.811935 -0.566829
vn -0.100089 0.789071 -0.606094
vn 0.000000 0.755827 -0.654771
vn 0.100089 0.789071 -0.606094
vn 0.139524 0.811934 -0.566830
vn 0.527572 0.788646 -0.315763
vn 0.527496 0.788676 -0.315814
vn 0.881812 -0.083266 0.464193
vn 0.882495 -0.081368 0.463230
vn 0.304836 -0.735372 0.605230
vn 0.074503 -0.793979 0.603363
vn -0.017858 -0.807619 0.589434
vn -0.000000 -0.812946 0.582340
vn 0.017858 -0.807619 0.589434
vn -0.074503 -0.793979 0.603362
vn -0.304836 -0.735372 0.605230
vn -0.883946 -0.077290 0.461156
vn -0.883947 -0.077290 0.461156
vn -0.508388 0.795956 -0.328627
vn -0.508388 0.795956 -0.328627
vn -0.169584 0.811360 -0.559407
vn -0.116555 0.789700 -0.602319
vn -0.000000 0.755749 -0.654861
vn 0.116555 0.789699 -0.602321
vn 0.169584 0.811358 -0.559410
vn 0.508385 0.795955 -0.328634
vn 0.508385 0.795955 -0.328634
vn 0.883948 -0.077290 0.461153
vn 0.883948 -0.077290 0.461153
vn 0.278736 -0.747370 0.603113
vn 0.063465 -0.796246 0.601636
vn -0.015505 -0.807509 0.589652
vn 0.000000 -0.812872 0.582443
vn 0.015505 -0.807512 0.589647
vn -0.063465 -0.796249 0.601631
vn -0.278736 -0.747370 0.603112
s 1
g Cuerpo Icecream
usemtl initialShadingGroup
f 1/1/1 2/2/2 298/473/3 291/466/4
s 2
f 2/2/5 3/3/6 297/472/7 298/473/8
s 3
f 3/3/9 4/4/10 296/471/11 297/472/12
s 4
f 4/4/13 5/5/14 295/470/15 296/471/16
s 5
f 5/5/17 6/6/18 294/469/19 295/470/20
s 6
f 6/6/21 7/7/22 293/468/23 294/469/24
s 7
f 7/7/25 8/8/26 292/467/27 293/468/28
s 8
f 8/8/29 1/9/30 291/465/31 292/467/32
s 1
f 9/19/33 10/20/34 290/463/35 283/450/36
s 2
f 10/23/37 11/24/38 289/461/39 290/464/40
s 3
f 11/27/41 12/28/42 288/459/43 289/462/44
s 4
f 12/31/45 13/32/46 287/457/47 288/460/48
s 5
f 13/35/49 14/36/50 286/455/51 287/458/52
s 6
f 14/39/53 15/40/54 285/453/55 286/456/56
s 7
f 15/43/57 16/44/58 284/451/59 285/454/60
s 8
f 16/47/61 9/48/62 283/449/63 284/452/64
s 9
f 25/51/65 26/52/66 250/53/67 243/54/68
s 10
f 26/52/69 27/55/70 249/56/71 250/53/72
s 11
f 27/55/73 28/57/74 248/58/75 249/56/76
s 12
f 28/57/77 29/59/78 247/60/79 248/58/80
s 13
f 29/59/81 30/61/82 246/62/83 247/60/84
s 14
f 30/61/85 31/63/86 245/64/87 246/62/88
s 15
f 31/63/89 32/65/90 244/66/91 245/64/92
s 16
f 32/65/93 25/67/94 243/68/95 244/66/96
s 17
f 52/69/97 127/70/98 128/71/99 60/72/100
f 49/73/101 131/74/102 132/75/103 79/76/104
s 19
f 56/77/105 134/78/106 135/79/107 55/80/108
s 20
f 73/81/109 141/82/110 142/83/111 51/84/112
s 17
f 66/85/113 130/86/114 131/74/102 49/73/101
s 20
f 51/84/112 142/83/111 143/87/115 72/88/116
s 17
f 61/89/117 126/90/118 127/70/98 52/69/97
s 19
f 55/80/108 135/79/107 136/91/119 65/92/120
f 155/93/121 156/94/122 134/78/106 56/77/105
s 17
f 159/95/123 160/96/124 58/97/125 77/98/126
f 160/96/124 161/99/127 68/100/128 58/97/125
f 60/72/100 128/71/99 164/101/129 165/102/130
f 94/103/131 125/104/132 126/90/118 61/89/117
f 70/105/133 96/106/134 97/107/135 63/108/136
f 97/107/135 98/109/137 75/110/138 63/108/136
s 19
f 65/92/120 136/91/119 137/111/139 100/112/140
s 17
f 43/113/141 129/114/142 130/86/114 66/85/113
f 59/115/143 68/100/128 161/99/127 162/116/144
f 53/117/145 69/118/146 68/100/128 59/115/143
f 62/119/147 70/105/133 69/118/146 53/117/145
f 95/120/148 96/106/134 70/105/133 62/119/147
s 20
f 72/88/116 143/87/115 122/121/149 41/122/150
f 47/123/151 140/124/152 141/82/110 73/81/109
s 17
f 64/125/153 75/110/138 98/109/137 99/126/154
f 54/127/155 76/128/156 75/110/138 64/125/153
f 57/129/157 77/98/126 76/128/156 54/127/155
f 158/130/158 159/95/123 77/98/126 57/129/157
f 79/76/104 132/75/103 133/131/159 45/132/160
f 215/133/161 216/134/162 123/135/163 80/136/164
f 218/137/165 219/138/166 82/139/167 81/140/168
f 83/141/169 82/139/167 219/138/166 220/142/170
f 220/142/170 221/143/171 84/144/172 83/141/169
f 85/145/173 84/144/172 221/143/171 222/146/174
s 19
f 86/147/175 139/148/176 224/149/177 225/150/178
s 17
f 80/136/164 123/135/163 124/151/179 87/152/180
f 81/140/168 82/139/167 89/153/181 88/154/182
f 90/155/183 89/153/181 82/139/167 83/141/169
f 83/141/169 84/144/172 91/156/184 90/155/183
f 92/157/185 91/156/184 84/144/172 85/145/173
s 19
f 93/158/186 138/159/187 139/148/176 86/147/175
s 17
f 87/152/180 124/151/179 125/104/132 94/103/131
f 88/154/182 89/153/181 96/106/134 95/120/148
f 97/107/135 96/106/134 89/153/181 90/155/183
f 90/155/183 91/156/184 98/109/137 97/107/135
f 99/126/154 98/109/137 91/156/184 92/157/185
s 19
f 100/112/140 137/111/139 138/159/187 93/158/186
s 17
f 102/160/188 217/161/189 218/137/190 81/140/191
f 103/162/192 102/160/188 81/140/191 88/154/193
f 104/163/194 103/162/192 88/154/193 95/120/195
f 105/164/196 104/163/194 95/120/195 62/119/197
f 106/165/198 105/164/196 62/119/197 53/117/199
f 107/166/200 106/165/198 53/117/199 59/115/201
f 162/116/144 163/167/202 107/166/200 59/115/201
f 109/168/203 108/169/204 44/170/205 67/171/206
f 112/172/207 111/173/208 78/174/209 46/175/210
s 19
f 113/176/211 157/177/212 158/178/213 57/179/214
f 114/180/215 113/176/211 57/179/214 54/181/216
f 115/182/217 114/180/215 54/181/216 64/183/218
f 116/184/219 115/182/217 64/183/218 99/185/220
f 117/186/221 116/184/219 99/185/220 92/187/222
f 118/188/223 117/186/221 92/187/222 85/189/224
f 222/190/225 223/191/226 118/188/223 85/189/224
s 20
f 120/192/227 119/193/228 48/194/229 74/195/230
f 101/196/231 121/197/232 71/198/233 42/199/234
s 17
f 123/135/163 216/134/162 217/161/189 102/160/188
f 124/151/179 123/135/163 102/160/188 103/162/192
f 125/104/132 124/151/179 103/162/192 104/163/194
f 126/90/118 125/104/132 104/163/194 105/164/196
f 127/70/98 126/90/118 105/164/196 106/165/198
f 128/71/99 127/70/98 106/165/198 107/166/200
f 163/167/202 164/101/129 128/71/99 107/166/200
f 130/86/114 129/114/142 108/169/204 109/168/203
f 131/74/102 130/86/114 109/168/203 110/200/235
f 132/75/103 131/74/102 110/200/235 111/173/208
f 133/131/159 132/75/103 111/173/208 112/172/207
s 19
f 134/78/106 156/94/122 157/177/212 113/176/211
f 135/79/107 134/78/106 113/176/211 114/180/215
f 136/91/119 135/79/107 114/180/215 115/182/217
f 137/111/139 136/91/119 115/182/217 116/184/219
f 138/159/187 137/111/139 116/184/219 117/186/221
f 139/148/176 138/159/187 117/186/221 118/188/223
f 223/191/226 224/149/177 139/148/176 118/188/223
s 20
f 141/82/110 140/124/152 119/193/228 120/192/227
f 122/121/149 143/87/115 121/197/232 101/196/231
s 19
f 45/132/236 133/131/237 145/201/238 144/202/239
f 146/203/240 145/201/238 133/131/237 112/172/241
f 147/204/242 146/203/240 112/172/241 46/175/243
s 17
f 78/205/209 148/206/244 147/207/245 46/208/246
f 151/209/247 150/210/248 67/211/206 44/170/249
f 108/169/250 152/212/251 151/209/247 44/170/252
f 129/114/253 153/213/254 152/212/251 108/169/250
f 154/214/255 153/213/254 129/114/253 43/113/256
s 19
f 144/202/239 145/201/238 156/94/122 155/93/121
f 157/177/212 156/94/122 145/201/238 146/203/240
f 158/178/213 157/177/212 146/203/240 147/204/242
s 17
f 147/207/245 148/206/244 159/95/123 158/130/158
f 148/206/244 149/215/257 160/96/124 159/95/123
f 149/215/257 150/210/248 161/99/127 160/96/124
f 162/116/144 161/99/127 150/210/248 151/209/247
s 29
f 380/651/258 381/652/259 382/653/260 383/654/261
f 381/652/259 384/655/262 385/656/263 382/653/260
f 386/657/264 385/656/263 384/655/262 387/658/265
s 30
f 167/216/266 166/217/267 174/218/268 175/219/269
s 31
f 168/220/270 167/221/271 175/222/272 176/223/273
s 32
f 169/224/274 168/225/275 176/226/276 177/227/277
s 33
f 170/228/278 169/229/279 177/230/280 178/231/281
s 34
f 171/232/282 170/233/283 178/234/284 179/235/285
s 35
f 172/236/286 171/237/287 179/238/288 180/239/289
s 36
f 173/240/290 172/241/291 180/242/292 181/243/293
s 37
f 166/244/294 173/245/295 181/246/296 174/247/297
s 38
f 175/248/298 174/249/299 182/250/300 183/251/301
f 176/252/302 175/253/298 183/254/301 184/255/303
f 177/256/304 176/257/302 184/258/303 185/259/305
f 178/260/306 177/261/304 185/262/305 186/263/307
f 179/264/308 178/265/306 186/266/307 187/267/309
f 180/268/310 179/269/308 187/270/309 188/271/311
f 181/272/312 180/273/310 188/274/311 189/275/313
f 174/276/299 181/277/312 189/278/313 182/279/300
f 183/280/301 182/281/300 190/282/314 191/283/315
f 184/284/303 183/285/301 191/286/315 192/287/316
f 185/288/305 184/289/303 192/290/316 193/291/317
f 186/292/307 185/293/305 193/294/317 194/295/318
f 187/296/309 186/297/307 194/298/318 195/299/319
f 188/300/311 187/301/309 195/302/319 196/303/320
f 189/304/313 188/305/311 196/306/320 197/307/321
f 182/308/300 189/309/313 197/310/321 190/311/314
s 39
f 191/283/322 190/311/323 197/307/324 198/312/325
f 191/283/322 198/312/325 193/291/326 192/287/327
f 198/312/325 197/307/324 196/303/328 195/299/329
f 193/291/326 198/312/325 195/299/329 194/295/330
s 35
f 206/313/331 199/314/332 71/198/333 121/197/334
s 34
f 205/315/335 206/313/336 121/197/337 143/87/338
s 33
f 204/316/339 205/315/340 143/87/341 142/83/342
s 32
f 203/317/343 204/316/344 142/83/345 141/82/346
s 31
f 202/318/347 203/317/348 141/82/349 120/192/350
s 30
f 201/319/351 202/318/352 120/192/353 74/195/354
s 37
f 200/320/355 201/321/356 74/322/357 50/323/358
s 36
f 199/324/359 200/320/360 50/323/361 71/325/362
f 207/326/363 208/327/364 200/320/360 199/324/359
s 37
f 208/327/365 209/328/366 201/321/356 200/320/355
s 30
f 209/329/367 210/330/368 202/318/352 201/319/351
s 31
f 210/330/369 211/331/370 203/317/348 202/318/347
s 32
f 211/331/371 212/332/372 204/316/344 203/317/343
s 33
f 212/332/373 213/333/374 205/315/340 204/316/339
s 34
f 213/333/375 214/334/376 206/313/336 205/315/335
s 35
f 214/334/377 207/335/378 199/314/332 206/313/331
s 36
f 173/336/290 208/327/364 207/326/363 172/337/291
s 37
f 166/338/294 209/328/366 208/327/365 173/336/295
s 30
f 167/339/266 210/330/368 209/329/367 166/340/267
s 31
f 168/341/270 211/331/370 210/330/369 167/339/271
s 32
f 169/342/274 212/332/372 211/331/371 168/341/275
s 33
f 170/343/278 213/333/374 212/332/373 169/342/279
s 34
f 171/344/282 214/334/376 213/333/375 170/343/283
s 35
f 172/337/286 207/335/378 214/334/377 171/344/287
s 17
f 41/345/379 122/346/380 216/134/162 215/133/161
f 217/161/189 216/134/162 122/346/380 101/347/381
f 218/137/190 217/161/189 101/347/381 42/348/382
f 42/348/383 71/325/384 219/138/166 218/137/165
f 220/142/170 219/138/166 71/325/384 50/323/385
f 74/322/386 221/143/171 220/142/170 50/323/385
f 222/146/174 221/143/171 74/322/386 48/349/387
s 19
f 119/193/388 223/191/226 222/190/225 48/194/389
f 140/124/390 224/149/177 223/191/226 119/193/388
f 225/150/178 224/149/177 140/124/390 47/123/391
s 17
f 110/200/235 109/168/203 226/350/392 227/351/393
f 109/168/203 67/171/206 228/352/394 226/350/392
f 111/173/208 110/200/235 227/351/393 229/353/395
f 78/174/209 111/173/208 229/353/395 230/354/396
f 149/215/257 148/206/244 232/355/397 231/356/398
f 148/206/244 78/205/209 230/357/396 232/355/397
f 67/211/206 150/210/248 233/358/399 228/359/394
f 150/210/248 149/215/257 231/356/398 233/358/399
s 48
f 26/52/400 25/51/401 274/360/402 267/361/403
s 49
f 25/67/404 32/65/405 273/362/406 274/363/407
s 50
f 32/65/408 31/63/409 272/364/410 273/362/411
s 51
f 31/63/412 30/61/413 271/365/414 272/364/415
s 52
f 30/61/416 29/59/417 270/366/418 271/367/419
s 53
f 29/59/420 28/57/421 269/368/422 270/366/423
s 54
f 28/57/424 27/55/425 268/369/426 269/368/427
s 55
f 27/55/428 26/52/429 267/370/430 268/369/431
s 56
f 33/371/432 34/372/433 235/373/434 234/374/435
f 34/375/433 35/376/436 236/377/437 235/378/434
f 35/379/436 36/380/438 237/381/439 236/382/437
f 36/383/438 37/384/440 238/385/441 237/386/439
f 37/387/440 38/388/442 239/389/443 238/390/441
f 38/391/442 39/392/444 240/393/445 239/394/443
f 39/395/444 40/396/446 241/397/447 240/398/445
f 40/399/446 33/400/432 234/401/435 241/402/447
s 57
f 239/394/448 242/403/449 237/386/450 238/390/451
f 235/378/452 236/382/453 237/386/450 242/403/449
f 241/402/454 242/403/449 239/394/448 240/398/455
f 235/378/452 242/403/449 241/402/454 234/374/456
s 16
f 244/66/96 243/68/95 251/404/457 252/405/458
s 15
f 245/64/92 244/66/91 252/405/459 253/406/460
s 14
f 246/62/88 245/64/87 253/406/461 254/407/462
s 13
f 247/60/84 246/62/83 254/407/463 255/408/464
s 12
f 248/58/80 247/60/79 255/408/465 256/409/466
s 11
f 249/56/76 248/58/75 256/409/467 257/410/468
s 10
f 250/53/72 249/56/71 257/410/469 258/411/470
s 9
f 243/54/68 250/53/67 258/411/471 251/412/472
s 16
f 252/405/458 251/404/457 33/413/473 40/414/474
s 15
f 253/406/460 252/405/459 40/414/475 39/415/476
s 14
f 254/407/462 253/406/461 39/415/477 38/416/478
s 13
f 255/408/464 254/407/463 38/416/479 37/417/480
s 12
f 256/409/466 255/408/465 37/417/481 36/418/482
s 11
f 257/410/468 256/409/467 36/418/483 35/419/484
s 10
f 258/411/470 257/410/469 35/419/485 34/420/486
s 9
f 251/412/472 258/411/471 34/420/487 33/421/488
s 55
f 260/422/489 259/423/490 230/354/491 229/353/492
s 54
f 261/424/493 260/422/494 229/353/495 227/351/496
s 53
f 262/425/497 261/424/498 227/351/499 226/350/500
s 52
f 263/426/501 262/425/502 226/350/503 228/352/504
s 51
f 264/427/505 263/428/506 228/359/507 233/358/508
s 50
f 265/429/509 264/427/510 233/358/511 231/356/512
s 49
f 266/430/513 265/429/514 231/356/515 232/355/516
s 48
f 259/431/517 266/432/518 232/355/519 230/357/520
s 55
f 268/369/431 267/370/430 259/423/490 260/422/489
s 54
f 269/368/427 268/369/426 260/422/494 261/424/493
s 53
f 270/366/423 269/368/422 261/424/498 262/425/497
s 52
f 271/367/419 270/366/418 262/425/502 263/426/501
s 51
f 272/364/415 271/365/414 263/428/506 264/427/505
s 50
f 273/362/411 272/364/410 264/427/510 265/429/509
s 49
f 274/363/407 273/362/406 265/429/514 266/430/513
s 48
f 267/361/403 274/360/402 266/432/518 259/431/517
s off
f 75/110/521 76/128/522 18/26/523 19/25/524
f 63/108/525 75/110/526 19/30/527 20/29/528
f 70/105/529 63/108/530 20/34/531 21/33/532
f 69/118/533 70/105/534 21/38/535 22/37/536
f 68/100/537 69/118/538 22/42/539 23/41/540
f 58/97/541 68/100/542 23/46/543 24/45/544
f 77/98/545 58/97/546 24/50/547 17/49/548
f 18/21/549 76/128/550 77/98/551 17/22/552
s 8
f 276/436/553 275/433/554 299/474/555 300/477/556
s 7
f 277/438/557 276/435/558 300/476/559 301/479/560
s 6
f 278/440/561 277/437/562 301/478/563 302/481/564
s 5
f 279/442/565 278/439/566 302/480/567 303/483/568
s 4
f 280/444/569 279/441/570 303/482/571 304/485/572
s 3
f 281/446/573 280/443/574 304/484/575 305/487/576
s 2
f 282/448/577 281/445/578 305/486/579 306/489/580
s 1
f 275/434/581 282/447/582 306/488/583 299/475/584
s 8
f 284/452/64 283/449/63 275/433/554 276/436/553
s 7
f 285/454/60 284/451/59 276/435/558 277/438/557
s 6
f 286/456/56 285/453/55 277/437/562 278/440/561
s 5
f 287/458/52 286/455/51 278/439/566 279/442/565
s 4
f 288/460/48 287/457/47 279/441/570 280/444/569
s 3
f 289/462/44 288/459/43 280/443/574 281/446/573
s 2
f 290/464/40 289/461/39 281/445/578 282/448/577
s 1
f 283/450/36 290/463/35 282/447/582 275/434/581
s 8
f 292/467/32 291/465/31 9/18/62 16/17/61
s 7
f 293/468/28 292/467/27 16/17/58 15/16/57
s 6
f 294/469/24 293/468/23 15/16/54 14/15/53
s 5
f 295/470/20 294/469/19 14/15/50 13/14/49
s 4
f 296/471/16 295/470/15 13/14/46 12/13/45
s 3
f 297/472/12 296/471/11 12/13/42 11/12/41
s 2
f 298/473/8 297/472/7 11/12/38 10/11/37
s 1
f 291/466/4 298/473/3 10/11/34 9/10/33
s 8
f 300/477/556 299/474/555 17/49/585 24/50/586
s 7
f 301/479/560 300/476/559 24/45/587 23/46/588
s 6
f 302/481/564 301/478/563 23/41/589 22/42/590
s 5
f 303/483/568 302/480/567 22/37/591 21/38/592
s 4
f 304/485/572 303/482/571 21/33/593 20/34/594
s 3
f 305/487/576 304/484/575 20/29/595 19/30/596
s 2
f 306/489/580 305/486/579 19/25/597 18/26/598
s 1
f 299/475/584 306/488/583 18/21/599 17/22/600
f 2/490/2 1/491/1 315/522/601 316/525/602
s 2
f 3/494/6 2/495/5 316/524/603 317/527/604
s 3
f 4/498/10 3/499/9 317/526/605 318/529/606
s 4
f 5/502/14 4/503/13 318/528/607 319/531/608
s 5
f 6/506/18 5/507/17 319/530/609 320/533/610
s 6
f 7/510/22 6/511/21 320/532/611 321/535/612
s 7
f 8/514/26 7/515/25 321/534/613 322/537/614
s 8
f 1/518/30 8/519/29 322/536/615 315/523/616
s 1
f 316/525/602 315/522/601 364/627/617 365/630/618
s 2
f 317/527/604 316/524/603 365/629/619 366/632/620
s 3
f 318/529/606 317/526/605 366/631/621 367/634/622
s 4
f 319/531/608 318/528/607 367/633/623 368/636/624
s 5
f 320/533/610 319/530/609 368/635/625 369/638/626
s 6
f 321/535/612 320/532/611 369/637/627 370/640/628
s 7
f 322/537/614 321/534/613 370/639/629 371/642/630
s 8
f 315/523/616 322/536/615 371/641/631 364/628/632
s off
f 308/538/633 307/539/634 323/540/635 324/541/636
f 309/542/637 308/543/638 324/544/639 325/545/640
f 310/546/641 309/547/642 325/548/643 326/549/644
f 311/550/645 310/551/646 326/552/647 327/553/648
f 332/570/649 331/571/650 333/572/651 334/573/652
f 313/558/653 312/559/654 328/560/655 329/561/656
f 336/574/657 335/575/658 337/576/659 338/577/660
f 340/578/661 339/579/662 341/580/663 342/581/664
s 5
f 312/554/665 311/555/666 352/615/667 353/616/668
s 58
f 311/555/669 327/556/670 355/618/671 352/615/672
s 59
f 327/556/673 328/557/674 354/617/675 355/618/676
s 60
f 328/557/677 312/554/678 353/616/679 354/617/680
s 7
f 314/562/681 313/563/682 356/619/683 357/620/684
s 61
f 313/563/685 329/564/686 359/622/687 356/619/688
s 62
f 329/564/689 330/565/690 358/621/691 359/622/692
s 63
f 330/565/693 314/562/694 357/620/695 358/621/696
s 8
f 307/566/697 314/567/698 360/623/699 361/624/700
s 64
f 314/567/701 330/568/702 363/626/703 360/623/704
s 65
f 330/568/705 323/569/706 362/625/707 363/626/708
s 66
f 323/569/709 307/566/710 361/624/711 362/625/712
s off
f 324/582/713 323/583/714 343/584/715 344/585/716
f 325/586/717 324/587/718 344/588/719 345/589/720
f 326/590/721 325/591/722 345/592/723 346/593/724
f 327/594/725 326/595/726 346/596/727 347/597/728
f 328/598/729 327/599/730 347/600/731 348/601/732
f 329/602/733 328/603/734 348/604/735 349/605/736
f 330/606/737 329/607/738 349/608/739 350/609/740
f 323/610/741 330/611/742 350/612/743 343/613/744
s 67
f 344/585/745 343/613/746 350/609/747 351/614/748
f 344/585/745 351/614/748 346/593/749 345/589/750
f 351/614/748 350/609/747 349/605/751 348/601/752
f 346/593/749 351/614/748 348/601/752 347/597/753
s 5
f 353/616/668 352/615/667 331/571/754 332/570/755
s 60
f 354/617/680 353/616/679 332/570/756 334/573/757
s 59
f 355/618/676 354/617/675 334/573/758 333/572/759
s 58
f 352/615/672 355/618/671 333/572/760 331/571/761
s 7
f 357/620/684 356/619/683 335/575/762 336/574/763
s 63
f 358/621/696 357/620/695 336/574/764 338/577/765
s 62
f 359/622/692 358/621/691 338/577/766 337/576/767
s 61
f 356/619/688 359/622/687 337/576/768 335/575/769
s 8
f 361/624/700 360/623/699 339/579/770 340/578/771
s 66
f 362/625/712 361/624/711 340/578/772 342/581/773
s 65
f 363/626/708 362/625/707 342/581/774 341/580/775
s 64
f 360/623/704 363/626/703 341/580/776 339/579/777
s 1
f 365/630/618 364/627/617 307/492/778 308/493/779
s 2
f 366/632/620 365/629/619 308/496/780 309/497/781
s 3
f 367/634/622 366/631/621 309/500/782 310/501/783
s 4
f 368/636/624 367/633/623 310/504/784 311/505/785
s 5
f 369/638/626 368/635/625 311/508/666 312/509/665
s 6
f 370/640/628 369/637/627 312/512/786 313/513/787
s 7
f 371/642/630 370/639/629 313/516/682 314/517/681
s 8
f 364/628/632 371/641/631 314/520/698 307/521/697
s 17
f 151/209/247 152/212/251 373/644/788 372/643/789
f 163/167/202 162/116/144 375/646/790 374/645/791
f 162/116/144 151/209/247 372/643/789 375/646/790
f 152/212/251 153/213/254 376/647/792 373/644/788
f 164/101/129 163/167/202 374/645/791 377/648/793
f 165/102/130 164/101/129 377/648/793 378/649/794
f 153/213/254 154/214/255 379/650/795 376/647/792
s 68
f 372/643/796 373/644/797 756/1332/798 743/1317/799
s 69
f 374/645/800 375/646/801 744/1318/802 745/1319/803
s 70
f 375/646/804 372/643/805 743/1317/806 744/1318/807
s 68
f 373/644/797 376/647/808 755/1331/809 756/1332/798
s 71
f 377/648/810 374/645/811 745/1319/812 746/1320/813
f 378/649/814 377/648/810 746/1320/813 747/1322/815
s 68
f 376/647/808 379/650/816 754/1329/817 755/1331/809
s 72
f 388/659/818 650/662/819 657/661/820 389/660/821
s 73
f 389/660/822 657/661/823 656/664/824 390/663/825
s 74
f 390/663/826 656/664/827 655/666/828 391/665/829
s 75
f 391/665/830 655/666/831 654/668/832 392/667/833
s 76
f 392/667/834 654/668/835 653/670/836 393/669/837
s 77
f 393/669/838 653/670/839 652/672/840 394/671/841
s 78
f 394/671/842 652/672/843 651/674/844 395/673/845
s 79
f 395/673/846 651/674/847 650/676/848 388/675/849
s 72
f 396/677/850 642/680/851 649/679/852 397/678/853
s 73
f 397/681/854 649/684/855 648/683/856 398/682/857
s 74
f 398/685/858 648/688/859 647/687/860 399/686/861
s 75
f 399/689/862 647/692/863 646/691/864 400/690/865
s 76
f 400/693/866 646/696/867 645/695/868 401/694/869
s 77
f 401/697/870 645/700/871 644/699/872 402/698/873
s 78
f 402/701/874 644/704/875 643/703/876 403/702/877
s 79
f 403/705/878 643/708/879 642/707/880 396/706/881
s 88
f 412/709/882 602/712/883 609/711/884 413/710/885
s 89
f 413/710/886 609/711/887 608/714/888 414/713/889
s 90
f 414/713/890 608/714/891 607/716/892 415/715/893
s 91
f 415/715/894 607/716/895 606/718/896 416/717/897
s 92
f 416/717/898 606/718/899 605/720/900 417/719/901
s 93
f 417/719/902 605/720/903 604/722/904 418/721/905
s 94
f 418/721/906 604/722/907 603/724/908 419/723/909
s 95
f 419/723/910 603/724/911 602/726/912 412/725/913
s 17
f 52/727/97 60/730/100 493/729/914 492/728/915
f 49/731/101 79/734/104 497/733/916 496/732/917
s 19
f 56/735/105 55/738/108 500/737/918 499/736/919
s 20
f 73/739/109 51/742/112 507/741/920 506/740/921
s 17
f 66/743/113 49/731/101 496/732/917 495/744/922
s 20
f 51/742/112 72/746/116 508/745/923 507/741/920
s 17
f 61/747/117 52/727/97 492/728/915 491/748/924
s 19
f 55/738/108 65/750/120 501/749/925 500/737/918
f 155/751/121 56/735/105 499/736/919 518/752/926
s 17
f 521/753/927 449/756/928 436/755/929 522/754/930
f 522/754/930 436/755/929 442/758/931 523/757/932
f 60/730/100 165/760/130 526/759/933 493/729/914
f 94/761/131 61/747/117 491/748/924 490/762/934
f 444/763/935 439/766/936 463/765/937 462/764/938
f 463/765/937 439/766/936 447/768/939 464/767/940
s 19
f 65/750/120 100/770/140 502/769/941 501/749/925
s 17
f 43/771/141 66/743/113 495/744/922 494/772/942
f 437/773/943 524/774/944 523/757/932 442/758/931
f 433/775/945 437/773/943 442/758/931 443/776/946
f 438/777/947 433/775/945 443/776/946 444/763/935
f 461/778/948 438/777/947 444/763/935 462/764/938
s 20
f 72/746/116 41/780/150 487/779/949 508/745/923
f 47/781/151 73/739/109 506/740/921 505/782/950
s 17
f 440/783/951 465/784/952 464/767/940 447/768/939
f 434/785/953 440/783/951 447/768/939 448/786/954
f 435/787/955 434/785/953 448/786/954 449/756/928
f 520/788/956 435/787/955 449/756/928 521/753/927
f 79/734/104 45/790/160 498/789/957 497/733/916
f 215/791/161 80/794/164 488/793/958 576/792/959
f 578/795/960 451/798/961 452/797/962 579/796/963
f 453/799/964 580/800/965 579/796/963 452/797/962
f 580/800/965 453/799/964 454/802/966 581/801/967
f 455/803/968 582/804/969 581/801/967 454/802/966
s 19
f 86/805/175 225/808/178 584/807/970 504/806/971
s 17
f 80/794/164 87/810/180 489/809/972 488/793/958
f 451/798/961 456/812/973 457/811/974 452/797/962
f 458/813/975 453/799/964 452/797/962 457/811/974
f 453/799/964 458/813/975 459/814/976 454/802/966
f 460/815/977 455/803/968 454/802/966 459/814/976
s 19
f 93/816/186 86/805/175 504/806/971 503/817/978
s 17
f 87/810/180 94/761/131 490/762/934 489/809/972
f 456/812/973 461/778/948 462/764/938 457/811/974
f 463/765/937 458/813/975 457/811/974 462/764/938
f 458/813/975 463/765/937 464/767/940 459/814/976
f 465/784/952 460/815/977 459/814/976 464/767/940
s 19
f 100/770/140 93/816/186 503/817/978 502/769/941
s 17
f 467/818/979 451/798/980 578/795/981 577/819/982
f 468/820/983 456/812/984 451/798/980 467/818/979
f 469/821/985 461/778/986 456/812/984 468/820/983
f 470/822/987 438/777/988 461/778/986 469/821/985
f 471/823/989 433/775/990 438/777/988 470/822/987
f 472/824/991 437/773/992 433/775/990 471/823/989
f 524/774/944 437/773/992 472/824/991 525/825/993
f 474/826/994 441/829/995 429/828/996 473/827/997
f 477/830/998 430/833/999 450/832/1000 476/831/1001
s 19
f 478/834/1002 435/837/1003 520/836/1004 519/835/1005
f 479/838/1006 434/839/1007 435/837/1003 478/834/1002
f 480/840/1008 440/841/1009 434/839/1007 479/838/1006
f 481/842/1010 465/843/1011 440/841/1009 480/840/1008
f 482/844/1012 460/845/1013 465/843/1011 481/842/1010
f 483/846/1014 455/847/1015 460/845/1013 482/844/1012
f 582/848/1016 455/847/1015 483/846/1014 583/849/1017
s 20
f 485/850/1018 446/853/1019 431/852/1020 484/851/1021
f 466/854/1022 428/857/1023 445/856/1024 486/855/1025
s 17
f 488/793/958 467/818/979 577/819/982 576/792/959
f 489/809/972 468/820/983 467/818/979 488/793/958
f 490/762/934 469/821/985 468/820/983 489/809/972
f 491/748/924 470/822/987 469/821/985 490/762/934
f 492/728/915 471/823/989 470/822/987 491/748/924
f 493/729/914 472/824/991 471/823/989 492/728/915
f 525/825/993 472/824/991 493/729/914 526/759/933
f 495/744/922 474/826/994 473/827/997 494/772/942
f 496/732/917 475/858/1026 474/826/994 495/744/922
f 497/733/916 476/831/1001 475/858/1026 496/732/917
f 498/789/957 477/830/998 476/831/1001 497/733/916
s 19
f 499/736/919 478/834/1002 519/835/1005 518/752/926
f 500/737/918 479/838/1006 478/834/1002 499/736/919
f 501/749/925 480/840/1008 479/838/1006 500/737/918
f 502/769/941 481/842/1010 480/840/1008 501/749/925
f 503/817/978 482/844/1012 481/842/1010 502/769/941
f 504/806/971 483/846/1014 482/844/1012 503/817/978
f 583/849/1017 483/846/1014 504/806/971 584/807/970
s 20
f 506/740/921 485/850/1018 484/851/1021 505/782/950
f 487/779/949 466/854/1022 486/855/1025 508/745/923
s 19
f 45/790/236 144/860/239 509/859/1027 498/789/1028
f 510/861/1029 477/830/1030 498/789/1028 509/859/1027
f 511/862/1031 430/833/1032 477/830/1030 510/861/1029
s 17
f 450/863/1000 430/866/1033 511/865/1034 512/864/1035
f 515/867/1036 429/828/1037 441/869/995 514/868/1038
f 473/827/1039 429/828/1040 515/867/1036 516/870/1041
f 494/772/1042 473/827/1039 516/870/1041 517/871/1043
f 154/872/255 43/771/256 494/772/1042 517/871/1043
s 19
f 144/860/239 155/751/121 518/752/926 509/859/1027
f 519/835/1005 510/861/1029 509/859/1027 518/752/926
f 520/836/1004 511/862/1031 510/861/1029 519/835/1005
s 17
f 511/865/1034 520/788/956 521/753/927 512/864/1035
f 512/864/1035 521/753/927 522/754/930 513/873/1044
f 513/873/1044 522/754/930 523/757/932 514/868/1038
f 524/774/944 515/867/1036 514/868/1038 523/757/932
s 29
f 737/874/1045 740/877/1046 739/876/1047 738/875/1048
f 738/875/1048 739/876/1047 742/879/1049 741/878/1050
f 386/880/264 387/881/265 741/878/1050 742/879/1049
s 106
f 528/882/1051 536/885/1052 535/884/1053 527/883/1054
s 107
f 529/886/1055 537/889/1056 536/888/1057 528/887/1058
s 108
f 530/890/1059 538/893/1060 537/892/1061 529/891/1062
s 109
f 531/894/1063 539/897/1064 538/896/1065 530/895/1066
s 110
f 532/898/1067 540/901/1068 539/900/1069 531/899/1070
s 111
f 533/902/1071 541/905/1072 540/904/1073 532/903/1074
s 112
f 534/906/1075 542/909/1076 541/908/1077 533/907/1078
s 113
f 527/910/1079 535/913/1080 542/912/1081 534/911/1082
s 114
f 536/914/1083 544/917/1084 543/916/1085 535/915/1086
f 537/918/1087 545/921/1088 544/920/1084 536/919/1083
f 538/922/1089 546/925/1090 545/924/1088 537/923/1087
f 539/926/1091 547/929/1092 546/928/1090 538/927/1089
f 540/930/1093 548/933/1094 547/932/1092 539/931/1091
f 541/934/1095 549/937/1096 548/936/1094 540/935/1093
f 542/938/1097 550/941/1098 549/940/1096 541/939/1095
f 535/942/1086 543/945/1085 550/944/1098 542/943/1097
f 544/946/1084 552/949/1099 551/948/1100 543/947/1085
f 545/950/1088 553/953/1101 552/952/1099 544/951/1084
f 546/954/1090 554/957/1102 553/956/1101 545/955/1088
f 547/958/1092 555/961/1103 554/960/1102 546/959/1090
f 548/962/1094 556/965/1104 555/964/1103 547/963/1092
f 549/966/1096 557/969/1105 556/968/1104 548/967/1094
f 550/970/1098 558/973/1106 557/972/1105 549/971/1096
f 543/974/1085 551/977/1100 558/976/1106 550/975/1098
s 115
f 552/949/1107 559/978/1108 558/973/1109 551/977/1110
f 552/949/1107 553/953/1111 554/957/1112 559/978/1108
f 559/978/1108 556/965/1113 557/969/1114 558/973/1109
f 554/957/1112 555/961/1115 556/965/1113 559/978/1108
s 111
f 567/979/1116 486/855/1117 445/856/1118 560/980/1119
s 110
f 566/981/1120 508/745/1121 486/855/1122 567/979/1123
s 109
f 565/982/1124 507/741/1125 508/745/1126 566/981/1127
s 108
f 564/983/1128 506/740/1129 507/741/1130 565/982/1131
s 107
f 563/984/1132 485/850/1133 506/740/1134 564/983/1135
s 106
f 562/985/1136 446/853/1137 485/850/1138 563/984/1139
s 113
f 561/986/1140 432/989/1141 446/988/1142 562/987/1143
s 112
f 560/990/1144 445/991/1145 432/989/1146 561/986/1147
f 568/992/1148 560/990/1144 561/986/1147 569/993/1149
s 113
f 569/993/1150 561/986/1140 562/987/1143 570/994/1151
s 106
f 570/995/1152 562/985/1136 563/984/1139 571/996/1153
s 107
f 571/996/1154 563/984/1132 564/983/1135 572/997/1155
s 108
f 572/997/1156 564/983/1128 565/982/1131 573/998/1157
s 109
f 573/998/1158 565/982/1124 566/981/1127 574/999/1159
s 110
f 574/999/1160 566/981/1120 567/979/1123 575/1000/1161
s 111
f 575/1000/1162 567/979/1116 560/980/1119 568/1001/1163
s 112
f 534/1002/1075 533/1003/1078 568/992/1148 569/993/1149
s 113
f 527/1004/1079 534/1002/1082 569/993/1150 570/994/1151
s 106
f 528/1005/1051 527/1006/1054 570/995/1152 571/996/1153
s 107
f 529/1007/1055 528/1005/1058 571/996/1154 572/997/1155
s 108
f 530/1008/1059 529/1007/1062 572/997/1156 573/998/1157
s 109
f 531/1009/1063 530/1008/1066 573/998/1158 574/999/1159
s 110
f 532/1010/1067 531/1009/1070 574/999/1160 575/1000/1161
s 111
f 533/1003/1071 532/1010/1074 575/1000/1162 568/1001/1163
s 17
f 41/1011/379 215/791/161 576/792/959 487/1012/1164
f 577/819/982 466/1013/1165 487/1012/1164 576/792/959
f 578/795/981 428/1014/1166 466/1013/1165 577/819/982
f 428/1014/1167 578/795/960 579/796/963 445/991/1168
f 580/800/965 432/989/1169 445/991/1168 579/796/963
f 446/988/1170 432/989/1169 580/800/965 581/801/967
f 582/804/969 431/1015/1171 446/988/1170 581/801/967
s 19
f 484/851/1172 431/852/1173 582/848/1016 583/849/1017
f 505/782/1174 484/851/1172 583/849/1017 584/807/970
f 225/808/178 47/781/391 505/782/1174 584/807/970
s 17
f 475/858/1026 586/1017/1175 585/1016/1176 474/826/994
f 474/826/994 585/1016/1176 587/1018/1177 441/829/995
f 476/831/1001 588/1019/1178 586/1017/1175 475/858/1026
f 450/832/1000 589/1020/1179 588/1019/1178 476/831/1001
f 513/873/1044 590/1022/1180 591/1021/1181 512/864/1035
f 512/864/1035 591/1021/1181 589/1023/1179 450/863/1000
f 441/869/995 587/1025/1177 592/1024/1182 514/868/1038
f 514/868/1038 592/1024/1182 590/1022/1180 513/873/1044
s 124
f 413/710/1183 626/1027/1184 633/1026/1185 412/709/1186
s 125
f 412/725/1187 633/1029/1188 632/1028/1189 419/723/1190
s 126
f 419/723/1191 632/1028/1192 631/1030/1193 418/721/1194
s 127
f 418/721/1195 631/1030/1196 630/1031/1197 417/719/1198
s 128
f 417/719/1199 630/1033/1200 629/1032/1201 416/717/1202
s 129
f 416/717/1203 629/1032/1204 628/1034/1205 415/715/1206
s 130
f 415/715/1207 628/1034/1208 627/1035/1209 414/713/1210
s 131
f 414/713/1211 627/1035/1212 626/1036/1213 413/710/1214
s 132
f 420/1037/1215 593/1040/1216 594/1039/1217 421/1038/1218
f 421/1041/1218 594/1044/1217 595/1043/1219 422/1042/1220
f 422/1045/1220 595/1048/1219 596/1047/1221 423/1046/1222
f 423/1049/1222 596/1052/1221 597/1051/1223 424/1050/1224
f 424/1053/1224 597/1056/1223 598/1055/1225 425/1054/1226
f 425/1057/1226 598/1060/1225 599/1059/1227 426/1058/1228
f 426/1061/1228 599/1064/1227 600/1063/1229 427/1062/1230
f 427/1065/1230 600/1068/1229 593/1067/1216 420/1066/1215
s 133
f 598/1060/1231 597/1056/1232 596/1052/1233 601/1069/1234
f 594/1044/1235 601/1069/1234 596/1052/1233 595/1048/1236
f 600/1068/1237 599/1064/1238 598/1060/1231 601/1069/1234
f 594/1044/1235 593/1040/1239 600/1068/1237 601/1069/1234
s 95
f 603/724/911 611/1071/1240 610/1070/1241 602/726/912
s 94
f 604/722/907 612/1072/1242 611/1071/1243 603/724/908
s 93
f 605/720/903 613/1073/1244 612/1072/1245 604/722/904
s 92
f 606/718/899 614/1074/1246 613/1073/1247 605/720/900
s 91
f 607/716/895 615/1075/1248 614/1074/1249 606/718/896
s 90
f 608/714/891 616/1076/1250 615/1075/1251 607/716/892
s 89
f 609/711/887 617/1077/1252 616/1076/1253 608/714/888
s 88
f 602/712/883 610/1078/1254 617/1077/1255 609/711/884
s 95
f 611/1071/1240 427/1080/1256 420/1079/1257 610/1070/1241
s 94
f 612/1072/1242 426/1081/1258 427/1080/1259 611/1071/1243
s 93
f 613/1073/1244 425/1082/1260 426/1081/1261 612/1072/1245
s 92
f 614/1074/1246 424/1083/1262 425/1082/1263 613/1073/1247
s 91
f 615/1075/1248 423/1084/1264 424/1083/1265 614/1074/1249
s 90
f 616/1076/1250 422/1085/1266 423/1084/1267 615/1075/1251
s 89
f 617/1077/1252 421/1086/1268 422/1085/1269 616/1076/1253
s 88
f 610/1078/1254 420/1087/1270 421/1086/1271 617/1077/1255
s 131
f 619/1088/1272 588/1019/1273 589/1020/1274 618/1089/1275
s 130
f 620/1090/1276 586/1017/1277 588/1019/1278 619/1088/1279
s 129
f 621/1091/1280 585/1016/1281 586/1017/1282 620/1090/1283
s 128
f 622/1092/1284 587/1018/1285 585/1016/1286 621/1091/1287
s 127
f 623/1093/1288 592/1024/1289 587/1025/1290 622/1094/1291
s 126
f 624/1095/1292 590/1022/1293 592/1024/1294 623/1093/1295
s 125
f 625/1096/1296 591/1021/1297 590/1022/1298 624/1095/1299
s 124
f 618/1097/1300 589/1023/1301 591/1021/1302 625/1098/1303
s 131
f 627/1035/1212 619/1088/1272 618/1089/1275 626/1036/1213
s 130
f 628/1034/1208 620/1090/1276 619/1088/1279 627/1035/1209
s 129
f 629/1032/1204 621/1091/1280 620/1090/1283 628/1034/1205
s 128
f 630/1033/1200 622/1092/1284 621/1091/1287 629/1032/1201
s 127
f 631/1030/1196 623/1093/1288 622/1094/1291 630/1031/1197
s 126
f 632/1028/1192 624/1095/1292 623/1093/1295 631/1030/1193
s 125
f 633/1029/1188 625/1096/1296 624/1095/1299 632/1028/1189
s 124
f 626/1027/1184 618/1097/1300 625/1098/1303 633/1026/1185
s off
f 447/768/1304 406/1100/1305 405/1099/1306 448/786/1307
f 439/766/1308 407/1102/1309 406/1101/1310 447/768/1311
f 444/763/1312 408/1104/1313 407/1103/1314 439/766/1315
f 443/776/1316 409/1106/1317 408/1105/1318 444/763/1319
f 442/758/1320 410/1108/1321 409/1107/1322 443/776/1323
f 436/755/1324 411/1110/1325 410/1109/1326 442/758/1327
f 449/756/1328 404/1112/1329 411/1111/1330 436/755/1331
f 405/1113/1332 404/1114/1333 449/756/1334 448/786/1335
s 79
f 635/1115/1336 659/1118/1337 658/1117/1338 634/1116/1339
s 78
f 636/1119/1340 660/1122/1341 659/1121/1342 635/1120/1343
s 77
f 637/1123/1344 661/1126/1345 660/1125/1346 636/1124/1347
s 76
f 638/1127/1348 662/1130/1349 661/1129/1350 637/1128/1351
s 75
f 639/1131/1352 663/1134/1353 662/1133/1354 638/1132/1355
s 74
f 640/1135/1356 664/1138/1357 663/1137/1358 639/1136/1359
s 73
f 641/1139/1360 665/1142/1361 664/1141/1362 640/1140/1363
s 72
f 634/1143/1364 658/1146/1365 665/1145/1366 641/1144/1367
s 79
f 643/708/879 635/1115/1336 634/1116/1339 642/707/880
s 78
f 644/704/875 636/1119/1340 635/1120/1343 643/703/876
s 77
f 645/700/871 637/1123/1344 636/1124/1347 644/699/872
s 76
f 646/696/867 638/1127/1348 637/1128/1351 645/695/868
s 75
f 647/692/863 639/1131/1352 638/1132/1355 646/691/864
s 74
f 648/688/859 640/1135/1356 639/1136/1359 647/687/860
s 73
f 649/684/855 641/1139/1360 640/1140/1363 648/683/856
s 72
f 642/680/851 634/1143/1364 641/1144/1367 649/679/852
s 79
f 651/674/847 403/1148/878 396/1147/881 650/676/848
s 78
f 652/672/843 402/1149/874 403/1148/877 651/674/844
s 77
f 653/670/839 401/1150/870 402/1149/873 652/672/840
s 76
f 654/668/835 400/1151/866 401/1150/869 653/670/836
s 75
f 655/666/831 399/1152/862 400/1151/865 654/668/832
s 74
f 656/664/827 398/1153/858 399/1152/861 655/666/828
s 73
f 657/661/823 397/1154/854 398/1153/857 656/664/824
s 72
f 650/662/819 396/1155/850 397/1154/853 657/661/820
s 79
f 659/1118/1337 411/1111/1368 404/1112/1369 658/1117/1338
s 78
f 660/1122/1341 410/1109/1370 411/1110/1371 659/1121/1342
s 77
f 661/1126/1345 409/1107/1372 410/1108/1373 660/1125/1346
s 76
f 662/1130/1349 408/1105/1374 409/1106/1375 661/1129/1350
s 75
f 663/1134/1353 407/1103/1376 408/1104/1377 662/1133/1354
s 74
f 664/1138/1357 406/1101/1378 407/1102/1379 663/1137/1358
s 73
f 665/1142/1361 405/1099/1380 406/1100/1381 664/1141/1362
s 72
f 658/1146/1365 404/1114/1382 405/1113/1383 665/1145/1366
f 389/1156/821 675/1159/1384 674/1158/1385 388/1157/818
s 73
f 390/1160/825 676/1163/1386 675/1162/1387 389/1161/822
s 74
f 391/1164/829 677/1167/1388 676/1166/1389 390/1165/826
s 75
f 392/1168/833 678/1171/1390 677/1170/1391 391/1169/830
s 76
f 393/1172/837 679/1175/1392 678/1174/1393 392/1173/834
s 77
f 394/1176/841 680/1179/1394 679/1178/1395 393/1177/838
s 78
f 395/1180/845 681/1183/1396 680/1182/1397 394/1181/842
s 79
f 388/1184/849 674/1187/1398 681/1186/1399 395/1185/846
s 72
f 675/1159/1384 724/1189/1400 723/1188/1401 674/1158/1385
s 73
f 676/1163/1386 725/1191/1402 724/1190/1403 675/1162/1387
s 74
f 677/1167/1388 726/1193/1404 725/1192/1405 676/1166/1389
s 75
f 678/1171/1390 727/1195/1406 726/1194/1407 677/1170/1391
s 76
f 679/1175/1392 728/1197/1408 727/1196/1409 678/1174/1393
s 77
f 680/1179/1394 729/1199/1410 728/1198/1411 679/1178/1395
s 78
f 681/1183/1396 730/1201/1412 729/1200/1413 680/1182/1397
s 79
f 674/1187/1398 723/1203/1414 730/1202/1415 681/1186/1399
s off
f 667/1204/1416 683/1207/1417 682/1206/1418 666/1205/1419
f 668/1208/1420 684/1211/1421 683/1210/1422 667/1209/1423
f 669/1212/1424 685/1215/1425 684/1214/1426 668/1213/1427
f 670/1216/1428 686/1219/1429 685/1218/1430 669/1217/1431
f 691/1220/1432 693/1223/1433 692/1222/1434 690/1221/1435
f 672/1224/1436 688/1227/1437 687/1226/1438 671/1225/1439
f 695/1228/1440 697/1231/1441 696/1230/1442 694/1229/1443
f 699/1232/1444 701/1235/1445 700/1234/1446 698/1233/1447
s 76
f 671/1236/1448 712/1239/1449 711/1238/1450 670/1237/1451
s 143
f 670/1237/1452 711/1238/1453 714/1241/1454 686/1240/1455
s 144
f 686/1240/1456 714/1241/1457 713/1243/1458 687/1242/1459
s 145
f 687/1242/1460 713/1243/1461 712/1239/1462 671/1236/1463
s 78
f 673/1244/1464 716/1247/1465 715/1246/1466 672/1245/1467
s 147
f 672/1245/1468 715/1246/1469 718/1249/1470 688/1248/1471
s 148
f 688/1248/1472 718/1249/1473 717/1251/1474 689/1250/1475
s 149
f 689/1250/1476 717/1251/1477 716/1247/1478 673/1244/1479
s 79
f 666/1252/1480 720/1255/1481 719/1254/1482 673/1253/1483
s 151
f 673/1253/1484 719/1254/1485 722/1257/1486 689/1256/1487
s 152
f 689/1256/1488 722/1257/1489 721/1259/1490 682/1258/1491
s 153
f 682/1258/1492 721/1259/1493 720/1255/1494 666/1252/1495
s off
f 683/1260/1496 703/1263/1497 702/1262/1498 682/1261/1499
f 684/1264/1500 704/1267/1501 703/1266/1502 683/1265/1503
f 685/1268/1504 705/1271/1505 704/1270/1506 684/1269/1507
f 686/1272/1508 706/1275/1509 705/1274/1510 685/1273/1511
f 687/1276/1512 707/1279/1513 706/1278/1514 686/1277/1515
f 688/1280/1516 708/1283/1517 707/1282/1518 687/1281/1519
f 689/1284/1520 709/1287/1521 708/1286/1522 688/1285/1523
f 682/1288/1524 702/1291/1525 709/1290/1526 689/1289/1527
s 154
f 703/1263/1528 710/1292/1529 709/1287/1530 702/1291/1531
f 703/1263/1528 704/1267/1532 705/1271/1533 710/1292/1529
f 710/1292/1529 707/1279/1534 708/1283/1535 709/1287/1530
f 705/1271/1533 706/1275/1536 707/1279/1534 710/1292/1529
s 76
f 712/1239/1449 691/1220/1537 690/1221/1538 711/1238/1450
s 145
f 713/1243/1461 693/1223/1539 691/1220/1540 712/1239/1462
s 144
f 714/1241/1457 692/1222/1541 693/1223/1542 713/1243/1458
s 143
f 711/1238/1453 690/1221/1543 692/1222/1544 714/1241/1454
s 78
f 716/1247/1465 695/1228/1545 694/1229/1546 715/1246/1466
s 149
f 717/1251/1477 697/1231/1547 695/1228/1548 716/1247/1478
s 148
f 718/1249/1473 696/1230/1549 697/1231/1550 717/1251/1474
s 147
f 715/1246/1469 694/1229/1551 696/1230/1552 718/1249/1470
s 79
f 720/1255/1481 699/1232/1553 698/1233/1554 719/1254/1482
s 153
f 721/1259/1493 701/1235/1555 699/1232/1556 720/1255/1494
s 152
f 722/1257/1489 700/1234/1557 701/1235/1558 721/1259/1490
s 151
f 719/1254/1485 698/1233/1559 700/1234/1560 722/1257/1486
s 72
f 724/1189/1400 667/1294/1561 666/1293/1562 723/1188/1401
s 73
f 725/1191/1402 668/1296/1563 667/1295/1564 724/1190/1403
s 74
f 726/1193/1404 669/1298/1565 668/1297/1566 725/1192/1405
s 75
f 727/1195/1406 670/1300/1567 669/1299/1568 726/1194/1407
s 76
f 728/1197/1408 671/1302/1448 670/1301/1451 727/1196/1409
s 77
f 729/1199/1410 672/1304/1569 671/1303/1570 728/1198/1411
s 78
f 730/1201/1412 673/1306/1464 672/1305/1467 729/1200/1413
s 79
f 723/1203/1414 666/1308/1480 673/1307/1483 730/1202/1415
s 17
f 515/867/1036 731/1310/1571 732/1309/1572 516/870/1041
f 525/825/993 733/1312/1573 734/1311/1574 524/774/944
f 524/774/944 734/1311/1574 731/1310/1571 515/867/1036
f 516/870/1041 732/1309/1572 735/1313/1575 517/871/1043
f 526/759/933 736/1314/1576 733/1312/1573 525/825/993
f 165/760/130 378/1315/794 736/1314/1576 526/759/933
f 517/871/1043 735/1313/1575 379/1316/795 154/872/255
s 68
f 731/1310/1577 751/1326/1578 752/1327/1579 732/1309/1580
s 156
f 733/1312/1581 749/1324/1582 750/1325/1583 734/1311/1584
s 157
f 734/1311/1585 750/1325/1586 751/1326/1587 731/1310/1588
s 68
f 732/1309/1580 752/1327/1579 753/1328/1589 735/1313/1590
s 71
f 736/1314/1591 748/1323/1592 749/1324/1593 733/1312/1594
f 378/1315/814 747/1321/815 748/1323/1592 736/1314/1591
s 68
f 735/1313/1590 753/1328/1589 754/1330/817 379/1316/816
s 70
f 744/1318/807 743/1317/806 757/1333/1595 758/1334/1596
s 69
f 745/1319/803 744/1318/802 758/1334/1597 759/1335/1598
s 71
f 746/1320/813 745/1319/812 759/1335/1599 760/1336/1600
f 747/1322/815 746/1320/813 760/1336/1600 761/1338/1601
f 748/1323/1592 747/1321/815 761/1337/1601 762/1339/1602
f 749/1324/1593 748/1323/1592 762/1339/1602 763/1340/1603
s 156
f 750/1325/1583 749/1324/1582 763/1340/1604 764/1341/1605
s 157
f 751/1326/1587 750/1325/1586 764/1341/1606 765/1342/1607
s 68
f 752/1327/1579 751/1326/1578 765/1342/1608 766/1343/1609
f 753/1328/1589 752/1327/1579 766/1343/1609 767/1344/1610
f 754/1330/817 753/1328/1589 767/1344/1610 768/1346/1611
f 755/1331/809 754/1329/817 768/1345/1611 769/1347/1612
f 756/1332/798 755/1331/809 769/1347/1612 770/1348/1613
f 743/1317/799 756/1332/798 770/1348/1613 757/1333/1614
s 70
f 758/1334/1596 757/1333/1595 380/651/1615 383/654/1616
s 69
f 759/1335/1598 758/1334/1597 383/654/1617 382/653/1618
s 71
f 760/1336/1600 759/1335/1599 382/653/1619 385/656/1620
f 761/1338/1601 760/1336/1600 385/656/1620 386/657/1621
f 762/1339/1602 761/1337/1601 386/880/1621 742/879/1622
f 763/1340/1603 762/1339/1602 742/879/1622 739/876/1623
s 156
f 764/1341/1605 763/1340/1604 739/876/1624 740/877/1625
s 157
f 765/1342/1607 764/1341/1606 740/877/1626 737/874/1627
s 68
f 766/1343/1609 765/1342/1608 737/874/1628 738/875/1629
f 767/1344/1610 766/1343/1609 738/875/1629 741/878/1630
f 768/1346/1611 767/1344/1610 741/878/1630 387/881/1631
f 769/1347/1612 768/1345/1611 387/658/1631 384/655/1632
f 770/1348/1613 769/1347/1612 384/655/1632 381/652/1633
f 757/1333/1614 770/1348/1613 381/652/1633 380/651/1634
g default
v 29.600454 168.628204 40.894268
v 31.883699 168.291534 40.085590
v 29.600458 170.885864 39.954262
v 31.883701 170.549133 39.145592
v 28.724497 170.008224 37.846428
v 31.007742 169.671524 37.037758
v 28.724497 167.750610 38.786430
v 31.007742 167.413910 37.977753
v 28.762909 170.901047 38.877361
v 31.254017 168.330200 36.997375
v 29.712828 167.033569 38.177723
v 28.171635 168.784760 38.089069
v 31.845285 167.398697 39.054665
v 28.762909 167.853241 40.146362
v 30.895376 168.218369 41.023296
v 32.436562 169.514999 39.842949
v 30.895376 171.266174 39.754295
v 29.354185 169.969543 40.934647
v 31.845285 170.446503 37.785660
v 29.712824 170.081360 36.908730
v 31.092464 169.939774 40.863037
v 30.304102 171.181717 38.120022
v 29.515734 168.360016 37.068966
v 30.304098 167.117996 39.812012
v 32.359020 168.846832 38.238216
v 28.249182 169.452896 39.693813
v -29.600456 168.628204 40.894264
v -31.883696 168.291534 40.085590
v -29.600460 170.885849 39.954266
v -31.883701 170.549133 39.145596
v -28.724495 170.008224 37.846428
v -31.007742 169.671524 37.037758
v -28.724495 167.750610 38.786423
v -31.007736 167.413910 37.977757
v -28.762905 170.901047 38.877361
v -31.254013 168.330200 36.997368
v -29.712822 167.033569 38.177723
v -28.171635 168.784760 38.089073
v -31.845285 167.398697 39.054665
v -28.762907 167.853241 40.146366
v -30.895370 168.218369 41.023296
v -32.436562 169.514999 39.842941
v -30.895370 171.266174 39.754295
v -29.354183 169.969543 40.934643
v -31.845280 170.446503 37.785660
v -29.712822 170.081360 36.908730
v -31.092461 169.939774 40.863037
v -30.304092 171.181717 38.120018
v -29.515736 168.360016 37.068962
v -30.304098 167.117996 39.812012
v -32.359016 168.846832 38.238220
v -28.249180 169.452896 39.693810
vt 0.375000 0.000000
vt 0.375000 1.000000
vt 0.625000 0.000000
vt 0.625000 1.000000
vt 0.375000 0.250000
vt 0.625000 0.250000
vt 0.375000 0.500000
vt 0.125000 0.250000
vt 0.625000 0.500000
vt 0.875000 0.250000
vt 0.375000 0.750000
vt 0.125000 0.000000
vt 0.625000 0.750000
vt 0.875000 0.000000
vt 0.500000 0.125000
vt 0.500000 0.375000
vt 0.500000 0.625000
vt 0.500000 0.875000
vt 0.750000 0.125000
vt 0.250000 0.125000
vt 0.500000 0.000000
vt 0.500000 1.000000
vt 0.625000 0.125000
vt 0.500000 0.250000
vt 0.375000 0.125000
vt 0.625000 0.375000
vt 0.750000 0.250000
vt 0.500000 0.500000
vt 0.375000 0.375000
vt 0.250000 0.250000
vt 0.625000 0.625000
vt 0.875000 0.125000
vt 0.500000 0.750000
vt 0.375000 0.625000
vt 0.125000 0.125000
vt 0.625000 0.875000
vt 0.750000 0.000000
vt 0.375000 0.875000
vt 0.250000 0.000000
vt 0.375000 0.000000
vt 0.500000 0.000000
vt 0.500000 0.125000
vt 0.375000 0.125000
vt 0.625000 0.000000
vt 0.625000 0.125000
vt 0.625000 0.250000
vt 0.500000 0.250000
vt 0.375000 0.250000
vt 0.500000 0.375000
vt 0.375000 0.375000
vt 0.625000 0.375000
vt 0.625000 0.500000
vt 0.500000 0.500000
vt 0.375000 0.500000
vt 0.500000 0.625000
vt 0.375000 0.625000
vt 0.625000 0.625000
vt 0.625000 0.750000
vt 0.500000 0.750000
vt 0.375000 0.750000
vt 0.500000 0.875000
vt 0.375000 0.875000
vt 0.625000 0.875000
vt 0.625000 1.000000
vt 0.500000 1.000000
vt 0.375000 1.000000
vt 0.750000 0.000000
vt 0.750000 0.125000
vt 0.875000 0.000000
vt 0.875000 0.125000
vt 0.875000 0.250000
vt 0.750000 0.250000
vt 0.125000 0.000000
vt 0.250000 0.000000
vt 0.250000 0.125000
vt 0.125000 0.125000
vt 0.250000 0.250000
vt 0.125000 0.250000
vn -0.332237 -0.246308 0.910468
vn 0.253283 -0.399015 0.881269
vn 0.358190 0.358878 0.861920
vn -0.406906 0.351112 0.843296
vn 0.745843 -0.405283 0.528643
vn 0.913468 0.156405 0.375650
vn 0.745845 0.660701 0.084789
vn 0.253280 0.906548 0.337669
vn -0.332240 0.819682 0.466624
vn 0.000002 0.923175 -0.384380
vn -0.660187 0.750140 -0.037975
vn 0.660186 0.555432 -0.505619
vn 0.332239 0.246314 -0.910465
vn -0.253279 0.399024 -0.881266
vn -0.745841 0.405296 -0.528637
vn -0.358196 -0.358876 -0.861919
vn -0.913469 -0.156406 -0.375648
vn 0.406910 -0.351119 -0.843291
vn 0.332236 -0.819679 -0.466632
vn -0.253281 -0.906545 -0.337677
vn -0.745847 -0.660699 -0.084794
vn 0.000002 -0.923180 0.384368
vn -0.660190 -0.555430 0.505614
vn 0.660186 -0.750142 0.037972
vn 0.933648 -0.137684 -0.330673
vn -0.933648 0.137679 0.330676
vn 0.332235 -0.246305 0.910469
vn 0.406908 0.351113 0.843295
vn -0.358190 0.358876 0.861921
vn -0.253282 -0.399012 0.881271
vn -0.913468 0.156405 0.375650
vn -0.745843 -0.405281 0.528645
vn -0.253278 0.906548 0.337671
vn -0.745844 0.660701 0.084796
vn 0.332242 0.819682 0.466622
vn 0.660187 0.750141 -0.037976
vn -0.000001 0.923176 -0.384378
vn -0.660185 0.555433 -0.505619
vn 0.253280 0.399021 -0.881267
vn -0.332238 0.246313 -0.910466
vn 0.745841 0.405294 -0.528638
vn 0.913468 -0.156405 -0.375650
vn 0.358193 -0.358874 -0.861921
vn -0.406910 -0.351118 -0.843292
vn 0.253282 -0.906545 -0.337677
vn -0.332239 -0.819680 -0.466628
vn 0.745846 -0.660699 -0.084800
vn 0.660190 -0.555430 0.505615
vn -0.000001 -0.923179 0.384371
vn -0.660187 -0.750141 0.037975
vn -0.933648 -0.137684 -0.330673
vn 0.933648 0.137680 0.330675
s 1
g Icecream Ojos
usemtl initialShadingGroup
f 771/1349/1635 785/1369/1636 791/1363/1637 788/1373/1638
f 785/1369/1636 772/1351/1639 786/1371/1640 791/1363/1637
f 791/1363/1637 786/1371/1640 774/1354/1641 787/1372/1642
f 788/1373/1638 791/1363/1637 787/1372/1642 773/1353/1643
f 773/1353/1643 787/1372/1642 792/1364/1644 779/1377/1645
f 787/1372/1642 774/1354/1641 789/1374/1646 792/1364/1644
f 792/1364/1644 789/1374/1646 776/1357/1647 790/1376/1648
f 779/1377/1645 792/1364/1644 790/1376/1648 775/1355/1649
f 775/1355/1649 790/1376/1648 793/1365/1650 782/1382/1651
f 790/1376/1648 776/1357/1647 780/1379/1652 793/1365/1650
f 793/1365/1650 780/1379/1652 778/1361/1653 781/1381/1654
f 782/1382/1651 793/1365/1650 781/1381/1654 777/1359/1655
f 777/1359/1655 781/1381/1654 794/1366/1656 784/1386/1657
f 781/1381/1654 778/1361/1653 783/1384/1658 794/1366/1656
f 794/1366/1656 783/1384/1658 772/1352/1639 785/1370/1636
f 784/1386/1657 794/1366/1656 785/1370/1636 771/1350/1635
f 772/1351/1639 783/1385/1658 795/1367/1659 786/1371/1640
f 783/1385/1658 778/1362/1653 780/1380/1652 795/1367/1659
f 795/1367/1659 780/1380/1652 776/1358/1647 789/1375/1646
f 786/1371/1640 795/1367/1659 789/1375/1646 774/1354/1641
f 777/1360/1655 784/1387/1657 796/1368/1660 782/1383/1651
f 784/1387/1657 771/1349/1635 788/1373/1638 796/1368/1660
f 796/1368/1660 788/1373/1638 773/1353/1643 779/1378/1645
f 782/1383/1651 796/1368/1660 779/1378/1645 775/1356/1649
s 2
f 797/1388/1661 814/1391/1662 817/1390/1663 811/1389/1664
f 811/1389/1664 817/1390/1663 812/1393/1665 798/1392/1666
f 817/1390/1663 813/1395/1667 800/1394/1668 812/1393/1665
f 814/1391/1662 799/1396/1669 813/1395/1667 817/1390/1663
f 799/1396/1669 805/1398/1670 818/1397/1671 813/1395/1667
f 813/1395/1667 818/1397/1671 815/1399/1672 800/1394/1668
f 818/1397/1671 816/1401/1673 802/1400/1674 815/1399/1672
f 805/1398/1670 801/1402/1675 816/1401/1673 818/1397/1671
f 801/1402/1675 808/1404/1676 819/1403/1677 816/1401/1673
f 816/1401/1673 819/1403/1677 806/1405/1678 802/1400/1674
f 819/1403/1677 807/1407/1679 804/1406/1680 806/1405/1678
f 808/1404/1676 803/1408/1681 807/1407/1679 819/1403/1677
f 803/1408/1681 810/1410/1682 820/1409/1683 807/1407/1679
f 807/1407/1679 820/1409/1683 809/1411/1684 804/1406/1680
f 820/1409/1683 811/1413/1664 798/1412/1666 809/1411/1684
f 810/1410/1682 797/1414/1661 811/1413/1664 820/1409/1683
f 798/1392/1666 812/1393/1665 821/1416/1685 809/1415/1684
f 809/1415/1684 821/1416/1685 806/1418/1678 804/1417/1680
f 821/1416/1685 815/1420/1672 802/1419/1674 806/1418/1678
f 812/1393/1665 800/1394/1668 815/1420/1672 821/1416/1685
f 803/1421/1681 808/1424/1676 822/1423/1686 810/1422/1682
f 810/1422/1682 822/1423/1686 814/1391/1662 797/1388/1661
f 822/1423/1686 805/1425/1670 799/1396/1669 814/1391/1662
f 808/1424/1676 801/1426/1675 805/1425/1670 822/1423/1686
g default
v 15.243736 162.270828 44.254070
v 21.968889 162.270828 44.254070
v 16.618526 172.794647 43.584789
v 20.594097 172.794647 43.584789
v 16.618526 172.781586 40.183083
v 20.594097 172.781586 40.183083
v 15.243736 162.778366 38.452995
v 21.968889 162.778366 38.452995
v 21.357151 169.522049 39.773441
v 18.606312 162.870743 37.397015
v 15.855473 169.522049 39.773441
v 23.089750 162.541672 41.158394
v 14.122877 162.541672 41.158394
v 18.606312 162.178452 45.310051
v 21.357151 169.115173 44.424164
v 18.606312 173.859879 43.928230
v 15.855473 169.115173 44.424164
v 20.978600 173.859879 41.809299
v 18.606312 173.846817 39.839645
v 16.234024 173.859879 41.809299
v 18.606312 169.039703 45.286789
v 18.606312 175.229416 41.809299
v 18.606312 169.597519 38.910816
v 22.274097 169.348785 41.753937
v 14.938528 169.348785 41.753937
v 15.540202 166.118423 44.376339
v 14.518166 166.359619 41.619598
v 15.540202 166.571243 39.200733
v 18.606312 166.655167 38.241428
v 21.672422 166.571243 39.200733
v 22.694460 166.370651 41.493385
v 21.672422 166.118423 44.376339
v 18.606312 166.034500 45.335640
v -15.243736 162.270828 44.254070
v -21.968889 162.270828 44.254070
v -16.618526 172.794647 43.584789
v -20.594097 172.794647 43.584789
v -16.618526 172.781586 40.183083
v -20.594097 172.781586 40.183083
v -15.243736 162.778366 38.452995
v -21.968889 162.778366 38.452995
v -21.357151 169.522049 39.773441
v -18.606312 162.870743 37.397015
v -15.855473 169.522049 39.773441
v -23.089750 162.541672 41.158394
v -14.122877 162.541672 41.158394
v -18.606312 162.178452 45.310051
v -21.357151 169.115173 44.424164
v -18.606312 173.859879 43.928230
v -15.855473 169.115173 44.424164
v -20.978600 173.859879 41.809299
v -18.606312 173.846817 39.839645
v -16.234024 173.859879 41.809299
v -18.606312 169.039703 45.286789
v -18.606312 175.229416 41.809299
v -18.606312 169.597519 38.910816
v -22.274097 169.348785 41.753937
v -14.938528 169.348785 41.753937
v -15.540202 166.118423 44.376339
v -14.518166 166.359619 41.619598
v -15.540202 166.571243 39.200733
v -18.606312 166.655167 38.241428
v -21.672422 166.571243 39.200733
v -22.694460 166.370651 41.493385
v -21.672422 166.118423 44.376339
v -18.606312 166.034500 45.335640
vt 0.375000 0.000000
vt 0.625000 0.000000
vt 0.375000 0.250000
vt 0.625000 0.250000
vt 0.375000 0.500000
vt 0.125000 0.250000
vt 0.625000 0.500000
vt 0.875000 0.250000
vt 0.125000 0.000000
vt 0.375000 0.750000
vt 0.625000 0.750000
vt 0.875000 0.000000
vt 0.500000 0.125000
vt 0.500000 0.375000
vt 0.500000 0.625000
vt 0.750000 0.125000
vt 0.250000 0.125000
vt 0.500000 0.000000
vt 0.625000 0.125000
vt 0.500000 0.250000
vt 0.375000 0.125000
vt 0.625000 0.375000
vt 0.750000 0.250000
vt 0.500000 0.500000
vt 0.375000 0.375000
vt 0.250000 0.250000
vt 0.625000 0.625000
vt 0.875000 0.125000
vt 0.500000 0.750000
vt 0.375000 0.625000
vt 0.125000 0.125000
vt 0.750000 0.000000
vt 0.250000 0.000000
vt 0.375000 0.062500
vt 0.250000 0.062500
vt 0.125000 0.062500
vt 0.375000 0.687500
vt 0.500000 0.687500
vt 0.625000 0.687500
vt 0.875000 0.062500
vt 0.750000 0.062500
vt 0.625000 0.062500
vt 0.500000 0.062500
vt 0.375000 0.000000
vt 0.500000 0.000000
vt 0.500000 0.062500
vt 0.375000 0.062500
vt 0.625000 0.000000
vt 0.625000 0.062500
vt 0.500000 0.125000
vt 0.625000 0.125000
vt 0.625000 0.250000
vt 0.500000 0.250000
vt 0.375000 0.125000
vt 0.375000 0.250000
vt 0.500000 0.375000
vt 0.375000 0.375000
vt 0.625000 0.375000
vt 0.625000 0.500000
vt 0.500000 0.500000
vt 0.375000 0.500000
vt 0.500000 0.625000
vt 0.375000 0.625000
vt 0.625000 0.625000
vt 0.500000 0.687500
vt 0.625000 0.687500
vt 0.625000 0.750000
vt 0.500000 0.750000
vt 0.375000 0.687500
vt 0.375000 0.750000
vt 0.750000 0.000000
vt 0.750000 0.062500
vt 0.875000 0.000000
vt 0.875000 0.062500
vt 0.750000 0.125000
vt 0.875000 0.125000
vt 0.875000 0.250000
vt 0.750000 0.250000
vt 0.125000 0.000000
vt 0.250000 0.000000
vt 0.250000 0.062500
vt 0.125000 0.062500
vt 0.250000 0.125000
vt 0.250000 0.250000
vt 0.125000 0.125000
vt 0.125000 0.250000
vn -0.678378 0.027539 0.734197
vn 0.000000 -0.007121 0.999975
vn 0.000000 0.002487 0.999997
vn -0.676596 0.042786 0.735111
vn 0.683963 0.031312 0.728845
vn 0.682520 0.043828 0.729552
vn 0.000000 0.152129 0.988361
vn 0.658023 0.176817 0.731944
vn 0.623992 0.378724 0.683522
vn 0.000000 0.539104 0.842239
vn -0.654522 0.178614 0.734642
vn -0.623992 0.378725 0.683522
vn -0.000000 0.999999 0.001079
vn -0.810999 0.584849 0.015238
vn 0.810999 0.584849 0.015238
vn 0.589723 0.348654 -0.728469
vn 0.000000 0.507032 -0.861928
vn -0.589723 0.348654 -0.728469
vn -0.000000 0.213666 -0.976907
vn -0.631262 0.227192 -0.741547
vn 0.627227 0.229367 -0.744297
vn 0.000000 0.219254 -0.975668
vn 0.625490 0.199792 -0.754219
vn 0.626242 0.193551 -0.755221
vn 0.000000 0.217305 -0.976104
vn -0.632591 0.199787 -0.748274
vn -0.632653 0.196179 -0.749176
vn 0.994443 0.104827 0.009718
vn 0.992928 0.118266 0.010324
vn 0.977638 0.208666 0.026125
vn -0.994392 0.105734 0.002046
vn -0.992904 0.117445 0.018675
vn -0.977653 0.209127 0.021478
vn 0.678378 0.027539 0.734197
vn 0.676596 0.042786 0.735111
vn 0.000000 0.002487 0.999997
vn -0.000000 -0.007121 0.999975
vn -0.682519 0.043828 0.729552
vn -0.683963 0.031312 0.728845
vn -0.000000 0.152129 0.988361
vn -0.000000 0.539104 0.842239
vn -0.623991 0.378725 0.683522
vn -0.658023 0.176817 0.731944
vn 0.654522 0.178614 0.734642
vn 0.623991 0.378724 0.683522
vn 0.810999 0.584849 0.015238
vn 0.000000 0.999999 0.001079
vn -0.810999 0.584850 0.015238
vn -0.000000 0.507031 -0.861928
vn -0.589722 0.348653 -0.728470
vn 0.589723 0.348654 -0.728469
vn 0.631262 0.227192 -0.741547
vn 0.000000 0.213666 -0.976907
vn -0.627226 0.229367 -0.744297
vn -0.000000 0.219254 -0.975668
vn -0.000000 0.217306 -0.976104
vn -0.626243 0.193551 -0.755221
vn -0.625490 0.199792 -0.754218
vn 0.632591 0.199787 -0.748274
vn 0.632653 0.196180 -0.749176
vn -0.992928 0.118266 0.010324
vn -0.994443 0.104827 0.009718
vn -0.977638 0.208666 0.026125
vn 0.992904 0.117445 0.018675
vn 0.994392 0.105734 0.002046
vn 0.977653 0.209127 0.021478
s 1
g Icecream Dientes
usemtl initialShadingGroup
f 823/1427/1687 836/1444/1688 855/1469/1689 848/1460/1690
f 836/1444/1688 824/1428/1691 854/1468/1692 855/1469/1689
f 843/1439/1693 837/1445/1694 826/1430/1695 838/1446/1696
f 839/1447/1697 843/1439/1693 838/1446/1696 825/1429/1698
f 825/1429/1698 838/1446/1696 844/1440/1699 842/1451/1700
f 838/1446/1696 826/1430/1695 840/1448/1701 844/1440/1699
f 844/1440/1699 840/1448/1701 828/1433/1702 841/1450/1703
f 842/1451/1700 844/1440/1699 841/1450/1703 827/1431/1704
f 827/1431/1704 841/1450/1703 845/1441/1705 833/1456/1706
f 841/1450/1703 828/1433/1702 831/1453/1707 845/1441/1705
f 851/1464/1708 852/1465/1709 830/1437/1710 832/1455/1711
f 850/1463/1712 851/1464/1708 832/1455/1711 829/1436/1713
f 824/1428/1691 834/1458/1714 853/1467/1715 854/1468/1692
f 834/1458/1714 830/1438/1710 852/1466/1709 853/1467/1715
f 846/1442/1716 831/1454/1707 828/1434/1702 840/1449/1701
f 837/1445/1694 846/1442/1716 840/1449/1701 826/1430/1695
f 829/1435/1713 835/1459/1717 849/1461/1718 850/1462/1712
f 835/1459/1717 823/1427/1687 848/1460/1690 849/1461/1718
f 847/1443/1719 839/1447/1697 825/1429/1698 842/1452/1700
f 833/1457/1706 847/1443/1719 842/1452/1700 827/1432/1704
f 849/1461/1718 848/1460/1690 839/1447/1697 847/1443/1719
f 850/1462/1712 849/1461/1718 847/1443/1719 833/1457/1706
f 833/1456/1706 845/1441/1705 851/1464/1708 850/1463/1712
f 845/1441/1705 831/1453/1707 852/1465/1709 851/1464/1708
f 853/1467/1715 852/1466/1709 831/1454/1707 846/1442/1716
f 854/1468/1692 853/1467/1715 846/1442/1716 837/1445/1694
f 855/1469/1689 854/1468/1692 837/1445/1694 843/1439/1693
f 848/1460/1690 855/1469/1689 843/1439/1693 839/1447/1697
s 2
f 856/1470/1720 881/1473/1721 888/1472/1722 869/1471/1723
f 869/1471/1723 888/1472/1722 887/1475/1724 857/1474/1725
f 876/1476/1726 871/1479/1727 859/1478/1728 870/1477/1729
f 872/1480/1730 858/1481/1731 871/1479/1727 876/1476/1726
f 858/1481/1731 875/1483/1732 877/1482/1733 871/1479/1727
f 871/1479/1727 877/1482/1733 873/1484/1734 859/1478/1728
f 877/1482/1733 874/1486/1735 861/1485/1736 873/1484/1734
f 875/1483/1732 860/1487/1737 874/1486/1735 877/1482/1733
f 860/1487/1737 866/1489/1738 878/1488/1739 874/1486/1735
f 874/1486/1735 878/1488/1739 864/1490/1740 861/1485/1736
f 884/1491/1741 865/1494/1742 863/1493/1743 885/1492/1744
f 883/1495/1745 862/1496/1746 865/1494/1742 884/1491/1741
f 857/1474/1725 887/1475/1724 886/1498/1747 867/1497/1748
f 867/1497/1748 886/1498/1747 885/1500/1744 863/1499/1743
f 879/1501/1749 873/1504/1734 861/1503/1736 864/1502/1740
f 870/1477/1729 859/1478/1728 873/1504/1734 879/1501/1749
f 862/1505/1746 883/1508/1745 882/1507/1750 868/1506/1751
f 868/1506/1751 882/1507/1750 881/1473/1721 856/1470/1720
f 880/1509/1752 875/1510/1732 858/1481/1731 872/1480/1730
f 866/1511/1738 860/1512/1737 875/1510/1732 880/1509/1752
f 882/1507/1750 880/1509/1752 872/1480/1730 881/1473/1721
f 883/1508/1745 866/1511/1738 880/1509/1752 882/1507/1750
f 866/1489/1738 883/1495/1745 884/1491/1741 878/1488/1739
f 878/1488/1739 884/1491/1741 885/1492/1744 864/1490/1740
f 886/1498/1747 879/1501/1749 864/1502/1740 885/1500/1744
f 887/1475/1724 870/1477/1729 879/1501/1749 886/1498/1747
f 888/1472/1722 876/1476/1726 870/1477/1729 887/1475/1724
f 881/1473/1721 872/1480/1730 876/1476/1726 888/1472/1722
g default
v 10.544402 155.242111 58.055710
v 14.702991 155.136246 57.130020
v 10.187693 159.758850 56.735661
v 14.901571 159.662216 55.773617
v 9.237835 158.374054 52.706207
v 13.951715 158.277420 51.744175
v 9.617857 154.042511 54.399673
v 13.776445 153.936646 53.473984
v 10.548457 163.053696 54.637691
v 13.980197 163.011627 54.075214
v 13.424868 161.577911 50.770035
v 9.993125 161.619949 51.332497
v 10.325844 168.259888 50.600727
v 13.934906 168.035202 50.203297
v 13.379872 166.175293 48.684158
v 9.770809 166.399994 49.081577
v 10.221371 167.621658 45.375954
v 13.376772 167.247833 45.126659
v 12.935020 165.407425 46.055672
v 9.779619 165.781281 46.304955
v 9.896602 164.759491 41.080559
v 12.559238 164.580948 40.869904
v 12.265989 163.643127 42.237217
v 9.603352 163.821671 42.447865
v 11.616442 161.359955 50.500404
v 9.698834 162.343826 53.078838
v 13.836761 165.610886 52.576416
v 12.222881 168.457535 50.655201
v 10.528449 165.722885 53.033676
v 13.331461 164.034378 50.070950
v 14.258900 167.067795 49.377487
v 10.023147 164.146362 50.528198
v 11.482835 165.977661 48.629681
v 9.446815 167.367401 49.907391
v 13.891161 168.465561 47.868851
v 11.872695 167.741470 45.096474
v 10.310041 168.804413 48.091919
v 13.323198 166.194809 47.513748
v 13.681797 166.265305 45.549622
v 9.742081 166.533661 47.736809
v 11.283694 165.287613 46.335144
v 9.474594 166.763779 45.881996
v 13.200487 165.862045 42.228485
v 9.726812 166.145020 42.514126
v 12.811426 164.394775 43.947891
v 9.337749 164.677734 44.233517
v 12.818782 154.801773 58.511593
v 15.684007 157.110504 57.050060
v 12.702941 159.941345 56.926212
v 9.835456 157.252899 58.321926
v 11.215776 164.759979 40.143562
v 12.853133 163.946793 40.966877
v 10.815337 163.392166 42.073734
v 9.177982 164.205338 41.250420
v 11.436466 158.094940 51.553619
v 14.415452 155.437271 51.998390
v 11.526544 153.147980 53.441383
v 8.566902 155.579666 53.270256
v 15.024228 153.900269 55.332367
v 9.321097 154.049484 56.620609
v 15.212290 158.953720 53.598553
v 8.927117 159.082550 54.881279
v 14.378494 160.660065 54.959911
v 12.356883 163.271606 54.907318
v 10.404480 160.712982 55.706249
v 13.652205 159.311600 51.281864
v 14.274490 162.287750 52.328884
v 9.678191 159.364517 52.028194
v 12.971157 157.460571 58.527935
v 10.931037 164.277771 40.401196
v 11.279751 155.229599 51.792381
v 12.188398 153.184814 56.248596
v 16.024488 156.250153 54.312244
v 8.226420 156.440018 56.008072
v 12.512535 160.911240 55.946091
v 14.677685 159.977005 52.996498
v 11.544149 159.113312 51.042019
v 9.378999 160.047577 53.991615
v 12.266822 165.929642 53.222626
v 14.135496 164.803970 51.247475
v 11.593087 163.827606 49.881996
v 9.724412 164.953278 51.857143
v 12.195263 169.013458 48.039570
v 14.204035 167.273697 47.654125
v 11.437978 165.985779 47.566093
v 9.429207 167.725525 47.951542
v 11.528494 166.248077 42.084740
v 13.584902 165.081238 43.040581
v 11.009745 164.291718 44.377270
v 8.953335 165.458542 43.421425
vt 0.375000 0.000000
vt 0.375000 1.000000
vt 0.625000 0.000000
vt 0.625000 1.000000
vt 0.375000 0.250000
vt 0.625000 0.250000
vt 0.375000 0.500000
vt 0.125000 0.250000
vt 0.625000 0.500000
vt 0.875000 0.250000
vt 0.375000 0.750000
vt 0.125000 0.000000
vt 0.625000 0.750000
vt 0.875000 0.000000
vt 0.406250 0.281250
vt 0.593750 0.281250
vt 0.593750 0.468750
vt 0.406250 0.468750
vt 0.406250 0.281250
vt 0.593750 0.281250
vt 0.593750 0.468750
vt 0.406250 0.468750
vt 0.406250 0.281250
vt 0.593750 0.281250
vt 0.593750 0.468750
vt 0.406250 0.468750
vt 0.430556 0.305556
vt 0.569444 0.305556
vt 0.569444 0.444444
vt 0.430556 0.444444
vt 0.500000 0.125000
vt 0.500000 0.375000
vt 0.500000 0.625000
vt 0.500000 0.875000
vt 0.750000 0.125000
vt 0.250000 0.125000
vt 0.500000 0.250000
vt 0.625000 0.375000
vt 0.500000 0.500000
vt 0.375000 0.375000
vt 0.500000 0.250000
vt 0.625000 0.375000
vt 0.500000 0.500000
vt 0.375000 0.375000
vt 0.500000 0.250000
vt 0.625000 0.375000
vt 0.500000 0.500000
vt 0.375000 0.375000
vt 0.500000 0.250000
vt 0.625000 0.375000
vt 0.500000 0.500000
vt 0.375000 0.375000
vt 0.500000 0.000000
vt 0.500000 1.000000
vt 0.625000 0.125000
vt 0.500000 0.218750
vt 0.375000 0.125000
vt 0.500000 0.281250
vt 0.593750 0.375000
vt 0.500000 0.468750
vt 0.406250 0.375000
vt 0.500000 0.531250
vt 0.625000 0.625000
vt 0.875000 0.125000
vt 0.500000 0.750000
vt 0.375000 0.625000
vt 0.125000 0.125000
vt 0.625000 0.875000
vt 0.750000 0.000000
vt 0.375000 0.875000
vt 0.250000 0.000000
vt 0.750000 0.250000
vt 0.625000 0.375000
vt 0.250000 0.250000
vt 0.375000 0.375000
vt 0.593750 0.281250
vt 0.500000 0.250000
vt 0.406250 0.281250
vt 0.593750 0.468750
vt 0.625000 0.375000
vt 0.406250 0.468750
vt 0.500000 0.500000
vt 0.375000 0.375000
vt 0.593750 0.281250
vt 0.500000 0.250000
vt 0.406250 0.281250
vt 0.593750 0.468750
vt 0.625000 0.375000
vt 0.406250 0.468750
vt 0.500000 0.500000
vt 0.375000 0.375000
vt 0.593750 0.281250
vt 0.500000 0.250000
vt 0.406250 0.281250
vt 0.593750 0.468750
vt 0.625000 0.375000
vt 0.406250 0.468750
vt 0.500000 0.500000
vt 0.375000 0.375000
vt 0.593750 0.281250
vt 0.406250 0.281250
vt 0.593750 0.468750
vt 0.406250 0.468750
vn -0.362382 -0.394378 0.844479
vn 0.178603 -0.476712 0.860725
vn 0.210045 0.287298 0.934527
vn -0.503892 0.238350 0.830230
vn 0.657947 -0.450773 0.603249
vn 0.824254 0.167217 0.540966
vn 0.753706 0.504054 0.421732
vn 0.176295 0.596760 0.782814
vn -0.481855 0.562484 0.671884
vn -0.489931 0.600364 -0.632085
vn 0.005448 0.590581 -0.806960
vn -0.134999 -0.738917 -0.660135
vn -0.812416 -0.366556 -0.453449
vn 0.549296 0.412438 -0.726752
vn 0.603017 -0.692731 -0.395594
vn 0.325712 -0.942155 0.079090
vn -0.073571 -0.997249 0.009069
vn -0.522893 -0.844233 0.117701
vn -0.807221 0.059321 -0.587260
vn -0.205057 -0.151606 -0.966937
vn -0.207306 -0.355427 -0.911425
vn -0.824948 -0.232088 -0.515360
vn 0.505600 -0.041118 -0.861788
vn 0.505365 -0.300080 -0.809047
vn 0.403264 -0.800715 -0.442983
vn -0.116789 -0.906060 -0.406714
vn -0.608506 -0.764158 -0.213970
vn 0.041369 -0.952287 0.302388
vn -0.615132 -0.688677 0.383845
vn 0.661632 -0.745709 0.078493
vn 0.973306 -0.102144 -0.205531
vn 0.931484 0.231192 -0.280871
vn -0.971258 0.006071 0.237951
vn -0.930734 0.345249 0.120576
vn 0.156667 0.556001 0.816284
vn -0.559577 0.516184 0.648404
vn 0.782764 0.456484 0.422969
vn 0.778650 0.342660 0.525632
vn 0.144056 0.471063 0.870257
vn -0.563400 0.396784 0.724667
vn 0.952631 0.156162 -0.260975
vn 0.538726 -0.168296 -0.825500
vn 0.574704 -0.164779 -0.801601
vn 0.982350 0.056272 -0.178388
vn -0.174201 -0.288014 -0.941649
vn -0.799546 -0.085376 -0.594506
vn -0.808661 -0.114859 -0.576952
vn -0.159990 -0.239186 -0.957702
vn -0.960446 0.268615 0.073408
vn -0.980476 0.139044 0.139046
vn 0.124110 0.618576 0.775861
vn -0.504886 0.514357 0.693201
vn 0.722772 0.435690 0.536446
vn 0.647351 0.655587 0.388770
vn 0.108160 0.848901 0.517367
vn -0.431127 0.754786 0.494396
vn 0.992240 -0.038304 -0.118295
vn 0.559478 -0.343482 -0.754324
vn 0.566773 -0.647370 -0.509588
vn 0.996886 -0.054508 -0.056978
vn -0.145489 -0.396245 -0.906545
vn -0.797135 -0.276762 -0.536637
vn -0.810785 -0.477887 -0.338012
vn -0.139941 -0.758461 -0.636517
vn -0.973234 0.111687 0.200852
vn -0.950629 0.241144 0.195333
vn 0.084859 0.989132 -0.120071
vn -0.367133 0.925544 -0.092639
vn 0.562684 0.810276 -0.163827
vn 0.565967 0.719185 -0.403057
vn 0.059591 0.901645 -0.428352
vn -0.394258 0.846082 -0.358756
vn 0.988605 -0.075582 -0.130179
vn 0.512667 -0.846093 0.145943
vn 0.449244 -0.819429 0.355972
vn 0.983262 -0.178094 -0.038445
vn -0.072447 -0.960303 0.269387
vn -0.736521 -0.660344 0.146569
vn -0.630851 -0.652829 0.419334
vn -0.053140 -0.882241 0.467790
vn -0.923471 0.378917 -0.060194
vn -0.947463 0.316082 -0.049061
vn 0.033027 0.842348 -0.537921
vn -0.447905 0.776145 -0.443825
vn 0.575763 0.653435 -0.491447
vn 0.969177 -0.242069 -0.045799
vn 0.463007 -0.827506 0.317582
vn -0.048883 -0.903935 0.424866
vn -0.639812 -0.664889 0.385440
vn -0.974450 0.215185 -0.064365
s 1
g Icecream Helado
usemtl initialShadingGroup
f 889/1513/1753 935/1565/1754 957/1543/1755 938/1569/1756
f 935/1565/1754 890/1515/1757 936/1567/1758 957/1543/1755
f 957/1543/1755 936/1567/1758 892/1518/1759 937/1568/1760
f 938/1569/1756 957/1543/1755 937/1568/1760 891/1517/1761
f 909/1539/1762 939/1570/1763 958/1544/1764 942/1573/1765
f 939/1570/1763 910/1540/1766 940/1571/1767 958/1544/1764
f 958/1544/1764 940/1571/1767 911/1541/1768 941/1572/1769
f 942/1573/1765 958/1544/1764 941/1572/1769 912/1542/1770
f 893/1519/1771 943/1574/1772 959/1545/1773 946/1578/1774
f 943/1574/1772 894/1521/1775 944/1575/1776 959/1545/1773
f 959/1545/1773 944/1575/1776 896/1525/1777 945/1577/1778
f 946/1578/1774 959/1545/1773 945/1577/1778 895/1523/1779
f 895/1523/1779 945/1577/1778 960/1546/1780 948/1582/1781
f 945/1577/1778 896/1525/1777 947/1580/1782 960/1546/1780
f 960/1546/1780 947/1580/1782 890/1516/1757 935/1566/1754
f 948/1582/1781 960/1546/1780 935/1566/1754 889/1514/1753
f 890/1515/1757 947/1581/1782 961/1547/1783 936/1567/1758
f 947/1581/1782 896/1526/1777 944/1576/1776 961/1547/1783
f 961/1547/1783 944/1576/1776 894/1522/1775 949/1584/1784
f 936/1567/1758 961/1547/1783 949/1584/1784 892/1518/1759
f 895/1524/1779 948/1583/1781 962/1548/1785 946/1579/1774
f 948/1583/1781 889/1513/1753 938/1569/1756 962/1548/1785
f 962/1548/1785 938/1569/1756 891/1517/1761 950/1586/1786
f 946/1579/1774 962/1548/1785 950/1586/1786 893/1520/1771
f 891/1517/1761 937/1568/1760 963/1549/1787 953/1590/1788
f 937/1568/1760 892/1518/1759 951/1588/1789 963/1549/1787
f 963/1549/1787 951/1588/1789 898/1528/1790 952/1589/1791
f 953/1590/1788 963/1549/1787 952/1589/1791 897/1527/1792
f 892/1518/1759 949/1585/1784 964/1550/1793 951/1588/1789
f 949/1585/1784 894/1521/1775 954/1591/1794 964/1550/1793
f 964/1550/1793 954/1591/1794 899/1529/1795 955/1592/1796
f 951/1588/1789 964/1550/1793 955/1592/1796 898/1528/1790
f 894/1521/1775 943/1574/1772 965/1551/1797 954/1591/1794
f 943/1574/1772 893/1519/1771 956/1593/1798 965/1551/1797
f 965/1551/1797 956/1593/1798 900/1530/1799 913/1594/1800
f 954/1591/1794 965/1551/1797 913/1594/1800 899/1529/1795
f 893/1519/1771 950/1587/1786 966/1552/1801 956/1593/1798
f 950/1587/1786 891/1517/1761 953/1590/1788 966/1552/1801
f 966/1552/1801 953/1590/1788 897/1527/1792 914/1595/1802
f 956/1593/1798 966/1552/1801 914/1595/1802 900/1530/1799
f 897/1527/1792 952/1589/1791 967/1553/1803 917/1598/1804
f 952/1589/1791 898/1528/1790 915/1596/1805 967/1553/1803
f 967/1553/1803 915/1596/1805 902/1532/1806 916/1597/1807
f 917/1598/1804 967/1553/1803 916/1597/1807 901/1531/1808
f 898/1528/1790 955/1592/1796 968/1554/1809 915/1596/1805
f 955/1592/1796 899/1529/1795 918/1599/1810 968/1554/1809
f 968/1554/1809 918/1599/1810 903/1533/1811 919/1600/1812
f 915/1596/1805 968/1554/1809 919/1600/1812 902/1532/1806
f 899/1529/1795 913/1594/1800 969/1555/1813 918/1599/1810
f 913/1594/1800 900/1530/1799 920/1601/1814 969/1555/1813
f 969/1555/1813 920/1601/1814 904/1534/1815 921/1602/1816
f 918/1599/1810 969/1555/1813 921/1602/1816 903/1533/1811
f 900/1530/1799 914/1595/1802 970/1556/1817 920/1601/1814
f 914/1595/1802 897/1527/1792 917/1598/1804 970/1556/1817
f 970/1556/1817 917/1598/1804 901/1531/1808 922/1603/1818
f 920/1601/1814 970/1556/1817 922/1603/1818 904/1534/1815
f 901/1531/1808 916/1597/1807 971/1557/1819 925/1606/1820
f 916/1597/1807 902/1532/1806 923/1604/1821 971/1557/1819
f 971/1557/1819 923/1604/1821 906/1536/1822 924/1605/1823
f 925/1606/1820 971/1557/1819 924/1605/1823 905/1535/1824
f 902/1532/1806 919/1600/1812 972/1558/1825 923/1604/1821
f 919/1600/1812 903/1533/1811 926/1607/1826 972/1558/1825
f 972/1558/1825 926/1607/1826 907/1537/1827 927/1608/1828
f 923/1604/1821 972/1558/1825 927/1608/1828 906/1536/1822
f 903/1533/1811 921/1602/1816 973/1559/1829 926/1607/1826
f 921/1602/1816 904/1534/1815 928/1609/1830 973/1559/1829
f 973/1559/1829 928/1609/1830 908/1538/1831 929/1610/1832
f 926/1607/1826 973/1559/1829 929/1610/1832 907/1537/1827
f 904/1534/1815 922/1603/1818 974/1560/1833 928/1609/1830
f 922/1603/1818 901/1531/1808 925/1606/1820 974/1560/1833
f 974/1560/1833 925/1606/1820 905/1535/1824 930/1611/1834
f 928/1609/1830 974/1560/1833 930/1611/1834 908/1538/1831
f 905/1535/1824 924/1605/1823 975/1561/1835 932/1613/1836
f 924/1605/1823 906/1536/1822 931/1612/1837 975/1561/1835
f 975/1561/1835 931/1612/1837 910/1540/1766 939/1570/1763
f 932/1613/1836 975/1561/1835 939/1570/1763 909/1539/1762
f 906/1536/1822 927/1608/1828 976/1562/1838 931/1612/1837
f 927/1608/1828 907/1537/1827 933/1614/1839 976/1562/1838
f 976/1562/1838 933/1614/1839 911/1541/1768 940/1571/1767
f 931/1612/1837 976/1562/1838 940/1571/1767 910/1540/1766
f 907/1537/1827 929/1610/1832 977/1563/1840 933/1614/1839
f 929/1610/1832 908/1538/1831 934/1615/1841 977/1563/1840
f 977/1563/1840 934/1615/1841 912/1542/1770 941/1572/1769
f 933/1614/1839 977/1563/1840 941/1572/1769 911/1541/1768
f 908/1538/1831 930/1611/1834 978/1564/1842 934/1615/1841
f 930/1611/1834 905/1535/1824 932/1613/1836 978/1564/1842
f 978/1564/1842 932/1613/1836 909/1539/1762 942/1573/1765
f 934/1615/1841 978/1564/1842 942/1573/1765 912/1542/1770
