# This file uses centimeters as units for non-parametric coordinates.

mtllib Handpopus.mtl
g default
v -5.179488 0.824377 -0.119476
v -4.790677 0.824377 -0.851606
v -4.905637 0.824377 -1.672564
v -5.604961 0.824377 -2.125926
v -6.263216 0.824377 -1.928218
v -6.543182 0.824377 -0.340449
v -5.992245 0.824377 0.070472
v -5.255530 2.536914 -0.118282
v -4.804915 2.504009 -0.863036
v -4.979038 2.536914 -1.686348
v -5.627174 2.587326 -2.174711
v -6.308235 2.655391 -1.948414
v -6.706024 2.687804 -1.182453
v -6.594199 2.655391 -0.326633
v -6.031609 2.587326 0.118953
v -5.433746 0.240739 -0.349762
v -5.099131 0.240739 -0.905994
v -5.186657 0.240739 -1.529782
v -5.640502 0.240739 -1.862169
v -6.268461 0.240739 -1.720906
v -6.564059 0.209156 -1.164674
v -6.476531 0.240739 -0.540885
v -5.934757 0.240739 -0.193367
v -5.610679 0.045197 -0.605306
v -5.424090 0.045197 -0.956413
v -5.479341 0.045197 -1.350164
v -5.695469 0.058358 -1.544258
v -6.097303 0.058358 -1.459076
v -6.280344 0.058358 -1.114647
v -6.226144 0.058358 -0.728386
v -5.877677 0.058358 -0.510906
v -5.262147 3.142492 -0.067403
v -4.811042 2.963530 -0.848316
v -4.967854 3.142492 -1.736422
v -5.619231 3.584724 -2.208018
v -6.319007 4.143048 -1.974667
v -6.686185 4.313494 -1.178955
v -6.613301 4.143048 -0.305648
v -6.035536 3.584724 0.152968
v -3.987124 3.604448 0.323237
v -3.745456 3.468650 -0.660425
v -3.636118 3.604448 -1.667420
v -3.688383 4.574903 -2.102123
v -3.872930 5.413017 -1.709176
v -4.066818 5.708388 -0.717090
v -4.223936 5.413019 0.281480
v -4.184915 4.574903 0.713849
v -4.613295 3.394078 0.129445
v -5.133816 4.089158 0.428582
v -5.452230 4.757947 -0.018482
v -5.427016 5.011353 -0.956929
v -5.129742 4.757946 -1.847405
v -4.677626 4.089158 -2.158604
v -4.290807 3.394078 -1.699478
v -4.253799 3.197964 -0.750060
v -5.206673 1.429156 -0.102600
v -6.025651 1.429156 0.090774
v -6.578012 1.429156 -0.344404
v -6.692869 1.429156 -1.180133
v -6.299102 1.429156 -1.926178
v -5.631213 1.429156 -2.146193
v -4.927763 1.429156 -1.684374
v -4.812907 1.429156 -0.848645
v -5.249995 2.069853 -0.102833
v -6.027662 2.069853 0.100892
v -6.586583 2.069853 -0.338509
v -6.703243 2.069853 -1.181963
v -6.305141 2.069853 -1.934649
v -5.629642 2.069853 -2.156390
v -4.968553 2.069853 -1.698973
v -4.765672 2.107091 -0.929105
v -6.317539 0.837826 -1.817780
v -6.691581 1.331288 -1.179906
v -6.412025 1.223505 -1.706460
v -6.556458 0.837826 -0.462806
v -6.608976 1.223505 -0.589493
v -6.317946 0.337788 -1.655112
v -6.575869 0.306389 -1.166756
v -6.500529 0.337788 -0.619636
v -6.323454 0.839781 -1.803105
v -6.665658 1.331642 -1.175335
v -6.387882 1.223859 -1.691791
v -6.558801 0.839781 -0.468384
v -6.581272 1.223859 -0.595021
v -6.335201 0.341345 -1.640432
v -6.591332 0.309946 -1.162230
v -6.514203 0.341345 -0.625265
v -6.328817 0.839565 -1.793418
v -6.666192 1.321689 -1.175429
v -6.391693 1.215407 -1.684388
v -6.560528 0.839565 -0.479321
v -6.582322 1.215407 -0.603281
v -6.340171 0.300863 -1.633721
v -6.592682 0.245824 -1.162468
v -6.516577 0.300863 -0.633271
v -6.349881 0.837837 -1.806420
v -6.681700 0.824615 -1.178164
v -6.688953 1.321341 -1.179443
v -6.412870 1.215058 -1.697387
v -6.584768 0.837837 -0.474308
v -6.606668 1.215058 -0.598309
v -6.361121 0.297756 -1.646725
v -6.615225 0.242717 -1.166443
v -6.540712 0.297756 -0.628216
v -5.786574 0.000000 -1.027582
v -3.732424 0.859031 3.616039
v -3.985264 0.859031 2.790512
v -4.674529 0.859031 2.270573
v -5.496362 0.853053 2.418056
v -5.835536 0.853053 3.048437
v -4.872393 0.853053 4.423947
v -4.164024 0.853053 4.320832
v -3.713610 2.543957 3.656585
v -3.973233 2.508195 2.782088
v -4.706195 2.543957 2.239027
v -5.553158 2.620591 2.394471
v -5.891071 2.692117 3.068686
v -5.617500 2.726177 3.933416
v -4.898486 2.692117 4.486244
v -4.149358 2.620591 4.399304
v -4.060534 0.251167 3.604958
v -4.252482 0.251167 2.977620
v -4.776337 0.251167 2.582686
v -5.323990 0.249278 2.603287
v -5.682421 0.249278 3.169788
v -5.490475 0.216383 3.797126
v -4.966619 0.249278 4.192060
v -4.311693 0.249278 4.048998
v -4.379036 0.047507 3.547064
v -4.500198 0.047507 3.151073
v -4.830869 0.047507 2.901781
v -5.130342 0.059326 2.877897
v -5.363544 0.059326 3.236564
v -5.244688 0.059326 3.625024
v -4.920306 0.059326 3.869573
v -4.503510 0.059326 3.773107
v -3.733858 3.140248 3.684375
v -3.955036 2.965656 2.769346
v -4.739234 3.140248 2.248548
v -5.560497 3.597630 2.380027
v -5.901608 4.175079 3.062450
v -5.588208 4.351364 3.912905
v -4.896231 4.175079 4.498278
v -4.138296 3.597630 4.411141
v -2.590760 3.604448 3.047885
v -3.115429 3.131320 2.181447
v -3.750167 3.604448 1.392080
v -4.094507 4.574903 1.121655
v -3.947144 5.413017 1.530005
v -3.382734 5.708388 2.368616
v -2.787737 5.413019 3.185810
v -2.454415 4.574903 3.463949
v -3.170561 3.394078 3.353623
v -3.327103 4.089158 3.933209
v -3.868378 4.757947 3.842240
v -4.514132 5.011353 3.160829
v -4.933587 4.757946 2.320962
v -4.833943 4.089158 1.781217
v -4.235771 3.394078 1.832346
v -3.538262 3.107937 2.477518
v -3.711280 1.488915 3.619752
v -4.172012 1.488915 4.365308
v -4.899294 1.488915 4.451608
v -5.599362 1.488915 3.920715
v -5.858800 1.488915 3.081291
v -5.528959 1.488915 2.427386
v -4.670786 1.488915 2.249434
v -3.970720 1.488915 2.780328
v -3.733375 2.076811 3.653723
v -4.159844 2.076811 4.382951
v -4.901653 2.076811 4.471760
v -5.615069 2.076811 3.931714
v -5.878544 2.076811 3.076615
v -5.541378 2.076811 2.409918
v -4.710266 2.076811 2.258578
v -3.970692 2.076811 2.764900
v -5.794210 0.867060 3.177649
v -5.598246 1.386984 3.927806
v -5.780150 1.274727 3.334139
v -4.972281 0.867060 4.351486
v -5.102596 1.274727 4.301786
v -5.670411 0.350355 3.262558
v -5.500706 0.317653 3.812161
v -5.042290 0.350355 4.159608
v -5.765719 0.869096 3.165032
v -5.575788 1.387353 3.906340
v -5.751565 1.275096 3.321421
v -4.956075 0.869096 4.321324
v -5.086263 1.275096 4.271572
v -5.642014 0.347560 3.196791
v -5.478467 0.314858 3.737597
v -5.026212 0.347560 4.076248
v -5.782911 0.874849 3.197340
v -5.576251 1.376987 3.900926
v -5.748921 1.266293 3.323942
v -4.985778 0.874849 4.335764
v -5.093120 1.266293 4.260523
v -5.673662 0.349188 3.270060
v -5.512568 0.277189 3.803083
v -5.066788 0.349188 4.136766
v -5.808000 0.873050 3.203277
v -5.589685 0.859280 3.910333
v -5.595970 1.376624 3.914733
v -5.774090 1.265930 3.329965
v -4.999938 0.873050 4.357308
v -5.107388 1.265930 4.282115
v -5.698668 0.345952 3.275912
v -5.532097 0.273953 3.816757
v -5.080840 0.345952 4.158263
v -4.849858 0.000000 3.395907
v 5.142924 0.863621 0.084316
v 4.723840 0.863621 0.832940
v 4.861606 0.863621 1.679753
v 5.620024 0.863621 2.157290
v 6.357003 0.863621 1.962516
v 6.644603 0.863621 0.331452
v 6.017869 0.863621 -0.099000
v 5.156699 2.587802 0.017272
v 4.732096 2.550706 0.817013
v 4.879993 2.587802 1.726717
v 5.640151 2.667295 2.237835
v 6.388961 2.741490 2.013928
v 6.805066 2.776821 1.212555
v 6.665667 2.741490 0.304483
v 6.031492 2.667295 -0.179810
v 5.383411 0.225454 0.324297
v 5.064794 0.225454 0.893060
v 5.169668 0.225454 1.536495
v 5.655496 0.225454 1.886344
v 6.359812 0.225454 1.749283
v 6.664551 0.203878 1.178074
v 6.573555 0.225454 0.537085
v 5.957774 0.225454 0.172037
v 5.581983 0.011642 0.589775
v 5.380862 0.011642 0.948791
v 5.447062 0.011642 1.354944
v 5.711975 0.041409 1.551741
v 6.161139 0.041409 1.470610
v 6.355542 0.041409 1.123587
v 6.291553 0.041409 0.731003
v 5.896407 0.041409 0.505778
v 5.218746 3.127445 0.060064
v 4.754725 2.937734 0.832119
v 4.935137 3.127445 1.721554
v 5.631519 3.596241 2.203526
v 6.433748 4.339721 1.982440
v 6.808801 4.520405 1.194181
v 6.717358 4.339721 0.320951
v 6.032711 3.596241 -0.146808
v 3.957208 3.505894 -0.235214
v 3.731495 3.381785 0.657963
v 3.638111 3.505894 1.574473
v 3.710953 4.574903 1.974125
v 3.888885 5.878402 1.618691
v 4.066818 6.173773 0.717090
v 4.207981 5.878404 -0.190996
v 4.162345 4.574903 -0.585850
v 4.619578 3.359318 -0.042619
v 5.113080 4.089158 -0.310982
v 5.437572 4.938695 0.101615
v 5.427016 5.192102 0.956929
v 5.144400 4.938694 1.764272
v 4.698361 4.089158 2.041004
v 4.326407 3.359318 1.620038
v 4.260779 3.230802 0.751290
v 5.129646 1.524905 0.066782
v 6.039062 1.524905 -0.119856
v 6.667691 1.524905 0.335590
v 6.805542 1.524905 1.197610
v 6.381176 1.524905 1.960496
v 5.633869 1.524905 2.178109
v 4.843131 1.524905 1.691688
v 4.705283 1.524905 0.829668
v 5.192555 2.127676 0.051705
v 6.034185 2.127676 -0.149175
v 6.661657 2.127676 0.319567
v 6.801198 2.127676 1.204170
v 6.380207 2.127676 1.985610
v 5.636154 2.127676 2.206965
v 4.893473 2.127676 1.714503
v 4.723990 2.103226 0.824389
v 6.415448 0.878326 1.842696
v 6.804117 1.417893 1.197359
v 6.502797 1.300040 1.728940
v 6.660881 0.878326 0.457611
v 6.705119 1.300040 0.588353
v 6.413516 0.331571 1.675364
v 6.677414 0.308636 1.180342
v 6.601077 0.320585 0.618490
v 6.388766 0.880464 1.831753
v 6.775462 1.418281 1.192306
v 6.475971 1.300427 1.713514
v 6.630531 0.880464 0.462985
v 6.674634 1.300427 0.593674
v 6.386982 0.335459 1.664418
v 6.649456 0.312467 1.175412
v 6.570865 0.335459 0.623918
v 6.412179 0.880228 1.821851
v 6.776053 1.407398 1.192410
v 6.480076 1.291185 1.705943
v 6.650208 0.880228 0.474270
v 6.675902 1.291185 0.602193
v 6.429943 0.322148 1.657574
v 6.688495 0.260534 1.175671
v 6.611159 0.333133 0.632193
v 6.435586 0.878339 1.837868
v 6.793195 0.863882 1.195433
v 6.801213 1.407017 1.196846
v 6.503608 1.290804 1.726446
v 6.676878 0.878339 0.469432
v 6.702690 1.290804 0.597399
v 6.453225 0.318750 1.673593
v 6.727089 0.261576 1.182477
v 6.637712 0.318750 0.627311
v 5.834387 0.000000 1.028760
v -0.089484 0.850620 5.200439
v -0.846125 0.850620 4.798612
v -1.694567 0.850620 4.917420
v -2.163108 0.850620 5.611187
v -1.958781 0.850620 6.291479
v -0.317855 0.850620 6.580818
v 0.106823 0.850620 6.011437
v -0.031363 2.548099 5.206612
v -0.842456 2.512007 4.777807
v -1.751295 2.548099 4.903342
v -2.244778 2.625439 5.618681
v -2.004785 2.697624 6.340959
v -1.192468 2.731998 6.762823
v -0.284854 2.697624 6.644229
v 0.187699 2.625439 6.047592
v -0.327479 0.247443 5.422885
v -0.902334 0.247443 5.117393
v -1.547006 0.247443 5.207850
v -1.890521 0.247443 5.633943
v -1.744529 0.247443 6.282925
v -1.169674 0.214802 6.588419
v -0.525002 0.247443 6.497961
v -0.165849 0.247443 5.938049
v -0.591579 0.045353 5.605742
v -0.954441 0.045353 5.412906
v -1.361374 0.045353 5.470006
v -1.561966 0.058956 5.690750
v -1.473933 0.058956 6.106037
v -1.117972 0.058956 6.295206
v -0.718780 0.058956 6.239191
v -0.494018 0.058956 5.879058
v -0.034989 3.089535 5.029953
v -0.820972 2.860070 4.655966
v -1.687466 3.089535 4.738577
v -2.248932 3.597630 5.614799
v -2.007587 4.175079 6.338546
v -1.184618 4.351364 6.718302
v -0.281395 4.175079 6.642921
v 0.192931 3.597630 6.045365
v 0.323237 3.604448 3.987124
v -0.660425 3.265825 3.745456
v -1.667420 3.604448 3.636118
v -2.102123 4.574903 3.688383
v -1.709176 5.413017 3.872930
v -0.717090 5.708388 4.066818
v 0.281480 5.413019 4.223936
v 0.713849 4.574903 4.184915
v 0.129445 3.394078 4.613295
v 0.428582 4.089158 5.133816
v -0.018482 4.757947 5.452230
v -0.956929 5.011353 5.427016
v -1.847405 4.757946 5.129742
v -2.158604 4.089158 4.677626
v -1.699478 3.394078 4.290807
v -0.750060 3.101598 4.253799
v -0.072043 1.475647 5.188210
v 0.127805 1.475647 6.034606
v -0.345932 1.517725 6.573618
v -1.209641 1.517725 6.692320
v -1.956673 1.475647 6.317212
v -2.184054 1.475647 5.626963
v -1.706774 1.475647 4.899962
v -0.843065 1.475647 4.781261
v -0.047510 2.076648 5.218675
v 0.168546 2.076648 6.043406
v -0.321439 2.118726 6.604311
v -1.215938 2.118726 6.728032
v -1.990187 2.076648 6.337678
v -2.225348 2.076648 5.621298
v -1.740247 2.076648 4.920199
v -0.845749 2.076648 4.796482
v -1.844646 0.864519 6.347621
v -1.185416 1.374502 6.722831
v -1.729599 1.263110 6.433916
v -0.444309 0.864519 6.594539
v -0.575237 1.263110 6.637461
v -1.676532 0.347741 6.334067
v -1.171826 0.315291 6.600625
v -0.606389 0.347741 6.522762
v -1.829479 0.866540 6.342379
v -1.180692 1.374868 6.696039
v -1.714438 1.263476 6.408964
v -0.450073 0.866540 6.585606
v -0.580949 1.263476 6.608829
v -1.661360 0.351417 6.354520
v -1.167148 0.318966 6.619226
v -0.612206 0.351417 6.539514
v -1.819468 0.866316 6.347922
v -1.180790 1.364582 6.696592
v -1.706788 1.254741 6.412903
v -0.461376 0.866316 6.587390
v -0.589486 1.254741 6.609913
v -1.654424 0.299387 6.359656
v -1.167394 0.242082 6.620621
v -0.620480 0.299387 6.541968
v -1.832905 0.864531 6.369691
v -1.183616 0.850867 6.712619
v -1.184938 1.364222 6.720115
v -1.720221 1.254381 6.434789
v -0.456195 0.864531 6.612442
v -0.584348 1.254381 6.635075
v -1.667864 0.296176 6.381308
v -1.171502 0.238871 6.643919
v -0.615256 0.296176 6.566911
v -1.027992 0.000000 5.784904
v 3.370509 3.737269 -0.730325
v 2.827994 4.156361 -1.944552
v 1.854944 4.373539 -2.861895
v 0.599494 4.458317 -3.342695
v -0.747222 4.453214 -3.313758
v -1.980181 4.359008 -2.779486
v -2.911675 4.057791 -1.821218
v -3.399894 3.789729 -0.600526
v -3.370508 3.512087 0.741416
v -2.827994 3.400574 1.939958
v -1.854943 3.308132 2.872985
v -0.599494 3.288550 3.338102
v 0.747223 3.625155 3.324848
v 1.980182 3.755984 2.790575
v 2.911676 3.725640 1.832306
v 3.399894 3.511421 0.576845
v 3.694063 18.573299 -0.818952
v 3.099470 18.573299 -2.170270
v 2.033010 18.573299 -3.191183
v 0.657044 18.573299 -3.726269
v -0.818952 18.573299 -3.694064
v -2.170270 18.573299 -3.099470
v -3.191184 18.573299 -2.033010
v -3.726269 18.573299 -0.657043
v -3.694063 18.573299 0.818953
v -3.099470 18.573299 2.170271
v -2.033010 18.573299 3.191185
v -0.657042 18.573299 3.726269
v 0.818954 18.573299 3.694063
v 2.170271 18.573299 3.099470
v 3.191185 18.573299 2.033009
v 3.726269 18.573299 0.657042
v 3.552240 6.664701 -0.787510
v 3.583209 6.664701 0.631816
v 3.068668 6.664701 1.954957
v 2.086949 6.664701 2.980473
v 0.787512 6.664701 3.552239
v -0.631817 6.664701 3.583209
v -1.954957 6.664701 3.068667
v -2.980474 6.664701 2.086949
v -3.552240 6.664701 0.787511
v -3.583209 6.664701 -0.631818
v -3.068667 6.664701 -1.954958
v -2.086949 6.664701 -2.980474
v -0.787511 6.664701 -3.552239
v 0.631818 6.664701 -3.583208
v 1.954959 6.664701 -3.068666
v 2.980474 6.664701 -2.086948
v 2.463909 3.985345 -0.528413
v 2.067321 4.141857 -1.416037
v 1.356001 4.260101 -2.086633
v 0.438242 4.322076 -2.438107
v -0.546235 4.318346 -2.416954
v -1.447552 4.249479 -2.026391
v -2.128493 4.125959 -1.325877
v -2.485391 3.966592 -0.422062
v -2.463910 3.761091 0.547459
v -2.067321 3.604578 1.435084
v -1.356000 3.486334 2.105680
v -0.438242 3.424359 2.457155
v 0.546235 3.615916 2.436000
v 1.447553 3.730997 2.045436
v 2.128494 3.736158 1.344922
v 2.485391 3.814392 0.441106
v 1.578879 4.026840 -0.331170
v 1.324744 4.126980 -0.899962
v 0.868929 4.259459 -1.329681
v 0.280827 4.318485 -1.554907
v -0.350029 4.296783 -1.541352
v -0.927595 4.195944 -1.291078
v -1.363944 4.116947 -0.842187
v -1.592645 4.002445 -0.263020
v -1.578879 3.851048 0.358251
v -1.324744 3.711373 0.927043
v -0.868928 3.751218 1.356763
v -0.280826 3.687169 1.581989
v 0.350029 3.713895 1.568433
v 0.927595 3.760357 1.318158
v 1.363944 3.861955 0.869267
v 1.592644 3.927875 0.290100
v 0.609479 4.003952 0.119376
v 0.000000 4.041924 0.013541
v -0.609479 4.041275 -0.092295
v 0.716947 4.109787 -0.480844
v 0.107468 4.147760 -0.586679
v -0.502011 4.147110 -0.692513
v 0.502011 3.863568 0.719594
v -0.107467 3.901541 0.613759
v -0.716946 3.900891 0.507924
v 3.578309 4.755405 -1.136202
v 2.973264 4.755405 2.295173
v 2.065297 4.755405 2.949550
v 1.202252 4.755405 3.589955
v -2.211153 4.755405 3.471721
v -4.188776 4.755405 0.908643
v -3.036829 4.755405 -1.934675
v -2.065296 4.922586 -2.949551
v -0.779340 5.101182 -3.515384
v 0.625263 5.196568 -3.546031
v 1.934675 5.101182 -3.036828
v 2.949551 4.922586 -2.065295
v 3.559579 8.062094 -0.789137
v 3.590612 8.062094 0.633122
v 3.075008 8.062094 1.958996
v 2.091261 8.062094 2.986631
v 0.789139 8.062094 3.559578
v -0.633122 8.062094 3.590612
v -1.958997 8.062094 3.075007
v -2.986631 8.062094 2.091261
v -3.559578 8.062094 0.789138
v -3.590612 8.062094 -0.633123
v -3.075007 8.062094 -1.958997
v -2.091260 8.062094 -2.986632
v -0.789138 8.062094 -3.559578
v 0.633123 8.062094 -3.590611
v 1.958997 8.062094 -3.075006
v 2.986632 8.062094 -2.091259
v 3.596864 9.766429 -0.797403
v 3.628223 9.766429 0.639754
v 3.107218 9.766429 1.979516
v 2.113166 9.766429 3.017915
v 0.797405 9.766429 3.596864
v -0.639754 9.766429 3.628223
v -1.979517 9.766429 3.107217
v -3.017915 9.766429 2.113166
v -3.596864 9.766429 0.797404
v -3.628223 9.766429 -0.639755
v -3.107217 9.766429 -1.979517
v -2.113166 9.766429 -3.017916
v -0.797404 9.766429 -3.596864
v 0.639755 9.766429 -3.628222
v 1.979517 9.766429 -3.107216
v 3.017916 9.766429 -2.113165
v 3.661067 11.516221 -0.811637
v 3.692985 11.516221 0.651173
v 3.162681 11.516221 2.014850
v 2.150886 11.516221 3.071784
v 0.811639 11.516221 3.661067
v -0.651174 11.516221 3.692985
v -2.014850 11.516221 3.162680
v -3.071784 11.516221 2.150885
v -3.661067 11.516221 0.811638
v -3.692985 11.516221 -0.651174
v -3.162679 11.516221 -2.014851
v -2.150885 11.516221 -3.071784
v -0.811637 11.516221 -3.661067
v 0.651175 11.516221 -3.692984
v 2.014851 11.516221 -3.162679
v 3.071784 11.516221 -2.150884
v 3.734241 13.260103 -0.827859
v 3.766798 13.260103 0.664188
v 3.225894 13.260103 2.055121
v 2.193876 13.260103 3.133181
v 0.827861 13.260103 3.734241
v -0.664189 13.260103 3.766798
v -2.055121 13.260103 3.225893
v -3.133181 13.260103 2.193876
v -3.734241 13.260103 0.827860
v -3.766798 13.260103 -0.664189
v -3.225893 13.260103 -2.055122
v -2.193875 13.260103 -3.133181
v -0.827860 13.260103 -3.734241
v 0.664190 13.260103 -3.766797
v 2.055122 13.260103 -3.225892
v 3.133181 13.260103 -2.193875
v 3.823093 15.019247 -0.847557
v 3.856424 15.019247 0.679992
v 3.302649 15.019247 2.104020
v 2.246077 15.019247 3.207731
v 0.847559 15.019247 3.823093
v -0.679992 15.019247 3.856424
v -2.104020 15.019247 3.302649
v -3.207731 15.019247 2.246076
v -3.823093 15.019247 0.847558
v -3.856424 15.019247 -0.679993
v -3.302648 15.019247 -2.104021
v -2.246076 15.019247 -3.207731
v -0.847557 15.019247 -3.823093
v 0.679993 15.019247 -3.856423
v 2.104021 15.019247 -3.302648
v 3.207731 15.019247 -2.246075
v 3.917444 16.782328 -0.868474
v 3.951597 16.782328 0.696773
v 3.384157 16.782328 2.155946
v 2.301508 16.782328 3.286895
v 0.868476 16.782328 3.917444
v -0.696774 16.782328 3.951597
v -2.155946 16.782328 3.384156
v -3.286895 16.782328 2.301507
v -3.917444 16.782328 0.868475
v -3.951597 16.782328 -0.696775
v -3.384155 16.782328 -2.155946
v -2.301507 16.782328 -3.286896
v -0.868474 16.782328 -3.917444
v 0.696775 16.782328 -3.951596
v 2.155947 16.782328 -3.384155
v 3.286896 16.782328 -2.301507
v 4.029667 18.393818 -0.893353
v 4.064798 18.393818 0.716734
v 3.481102 18.393818 2.217707
v 2.367439 18.393818 3.381054
v 0.893355 18.393818 4.029666
v -0.716734 18.393818 4.064798
v -2.217707 18.393818 3.481102
v -3.381055 18.393818 2.367439
v -4.029666 18.393818 0.893354
v -4.064798 18.393818 -0.716735
v -3.481101 18.393818 -2.217708
v -2.367438 18.393818 -3.381055
v -0.893354 18.393818 -4.029667
v 0.716736 18.393818 -4.064797
v 2.217708 18.393818 -3.481100
v 3.381055 18.393818 -2.367438
v 3.529680 18.606560 -0.782509
v 2.961546 18.606560 -2.073694
v 1.942543 18.606560 -3.049177
v 0.627806 18.606560 -3.560452
v -0.782509 18.606560 -3.529680
v -2.073695 18.606560 -2.961546
v -3.049178 18.606560 -1.942542
v -3.560452 18.606560 -0.627805
v -3.529680 18.606560 0.782510
v -2.961545 18.606560 2.073695
v -1.942542 18.606560 3.049179
v -0.627804 18.606560 3.560452
v 0.782511 18.606560 3.529680
v 2.073696 18.606560 2.961545
v 3.049179 18.606560 1.942542
v 3.560453 18.606560 0.627804
v 3.301639 18.442371 -0.731954
v 2.770210 18.442371 -1.939720
v 1.817042 18.442371 -2.852180
v 0.587245 18.442369 -3.330423
v -0.731954 18.442369 -3.301640
v -1.939720 18.442371 -2.770210
v -2.852180 18.442371 -1.817041
v -3.330423 18.442371 -0.587245
v -3.301639 18.442371 0.731954
v -2.770209 18.442371 1.939720
v -1.817041 18.442371 2.852181
v -0.587244 18.442371 3.330423
v 0.731955 18.442371 3.301639
v 1.939721 18.442371 2.770209
v 2.852181 18.442371 1.817040
v 3.330423 18.442371 0.587243
v 3.184247 18.442371 -0.705929
v 2.671714 18.442371 -1.870752
v 1.752436 18.442371 -2.750769
v 0.566365 18.442369 -3.212008
v -0.705929 18.442369 -3.184248
v -1.870752 18.442371 -2.671714
v -2.750769 18.442371 -1.752435
v -3.212008 18.442371 -0.566365
v -3.184247 18.442371 0.705929
v -2.671713 18.442371 1.870752
v -1.752435 18.442371 2.750770
v -0.566364 18.442371 3.212008
v 0.705930 18.442371 3.184247
v 1.870753 18.442371 2.671713
v 2.750771 18.442371 1.752434
v 3.212008 18.442371 0.566364
v 2.642667 18.442371 -0.585864
v 2.217306 18.442371 -1.552573
v 1.454380 18.442368 -2.282916
v 0.470037 18.442368 -2.665707
v -0.585864 18.442371 -2.642668
v -1.552573 18.442371 -2.217306
v -2.282916 18.442371 -1.454379
v -2.665707 18.442371 -0.470037
v -2.642668 18.442371 0.585864
v -2.217305 18.442373 1.552573
v -1.454379 18.442373 2.282916
v -0.470036 18.442371 2.665707
v 0.585865 18.442371 2.642667
v 1.552574 18.442371 2.217306
v 2.282917 18.442371 1.454379
v 2.665707 18.442371 0.470036
v 2.161911 18.442371 -0.479283
v 1.813932 18.442369 -1.270127
v 1.189798 18.442364 -1.867606
v 0.384527 18.442366 -2.180760
v -0.479283 18.442371 -2.161913
v -1.270127 18.442371 -1.813933
v -1.867606 18.442371 -1.189797
v -2.180759 18.442371 -0.384527
v -2.161911 18.442371 0.479283
v -1.813931 18.442373 1.270127
v -1.189797 18.442373 1.867606
v -0.384527 18.442371 2.180760
v 0.479284 18.442371 2.161911
v 1.270129 18.442371 1.813932
v 1.867607 18.442371 1.189797
v 2.180759 18.442371 0.384526
v 1.076362 18.442364 0.189788
v -1.076360 18.442373 -0.189793
v 0.895305 18.442364 -0.626902
v 0.189791 18.442368 -1.076363
v -0.626899 18.442371 -0.895306
v 0.626901 18.442366 0.895302
v -0.189790 18.442369 1.076359
v -0.895303 18.442373 0.626898
v 1.064855 18.041225 0.187760
v 0.885732 18.041225 -0.620199
v -1.064850 18.041235 -0.187763
v -0.885730 18.041235 0.620194
v -0.620196 18.041233 -0.885733
v 0.187760 18.041229 -1.064854
v 0.620198 18.041227 0.885730
v -0.187761 18.041231 1.064850
vt 0.375000 0.312500
vt 0.406250 0.312500
vt 0.406250 0.465389
vt 0.375000 0.465389
vt 0.437500 0.312500
vt 0.437500 0.465389
vt 0.468750 0.312500
vt 0.468750 0.465389
vt 0.500000 0.312500
vt 0.500000 0.465389
vt 0.500000 0.312500
vt 0.531250 0.312500
vt 0.531250 0.465389
vt 0.500000 0.465389
vt 0.562500 0.312500
vt 0.562500 0.465389
vt 0.562500 0.312500
vt 0.593750 0.312500
vt 0.593750 0.465389
vt 0.562500 0.465389
vt 0.625000 0.312500
vt 0.625000 0.465389
vt 0.000000 0.000000
vt 1.000000 0.000000
vt 1.000000 1.000000
vt 0.000000 1.000000
vt 0.000000 0.000000
vt 1.000000 0.000000
vt 1.000000 1.000000
vt 0.000000 1.000000
vt 0.000000 0.000000
vt 1.000000 0.000000
vt 1.000000 1.000000
vt 0.000000 1.000000
vt 0.000000 0.000000
vt 1.000000 0.000000
vt 1.000000 1.000000
vt 0.000000 1.000000
vt 0.000000 0.000000
vt 1.000000 0.000000
vt 1.000000 1.000000
vt 0.000000 1.000000
vt 0.000000 0.000000
vt 1.000000 0.000000
vt 1.000000 1.000000
vt 0.000000 1.000000
vt 0.000000 0.000000
vt 1.000000 0.000000
vt 1.000000 1.000000
vt 0.000000 1.000000
vt 0.000000 0.000000
vt 1.000000 0.000000
vt 1.000000 1.000000
vt 0.000000 1.000000
vt 0.000000 0.000000
vt 1.000000 0.000000
vt 1.000000 1.000000
vt 0.000000 1.000000
vt 0.000000 0.000000
vt 1.000000 0.000000
vt 1.000000 1.000000
vt 0.000000 1.000000
vt 0.000000 0.000000
vt 1.000000 0.000000
vt 1.000000 1.000000
vt 0.000000 1.000000
vt 0.000000 0.000000
vt 1.000000 0.000000
vt 1.000000 1.000000
vt 0.000000 1.000000
vt 0.000000 0.000000
vt 1.000000 0.000000
vt 1.000000 1.000000
vt 0.000000 1.000000
vt 0.000000 0.000000
vt 1.000000 0.000000
vt 1.000000 1.000000
vt 0.000000 1.000000
vt 0.000000 0.000000
vt 1.000000 0.000000
vt 1.000000 1.000000
vt 0.000000 1.000000
vt 0.000000 0.000000
vt 1.000000 0.000000
vt 1.000000 1.000000
vt 0.000000 1.000000
vt 0.000000 0.000000
vt 1.000000 0.000000
vt 1.000000 1.000000
vt 0.000000 1.000000
vt 0.000000 0.000000
vt 1.000000 0.000000
vt 1.000000 1.000000
vt 0.000000 1.000000
vt 0.000000 0.000000
vt 1.000000 0.000000
vt 1.000000 1.000000
vt 0.000000 1.000000
vt 0.000000 0.000000
vt 1.000000 0.000000
vt 1.000000 1.000000
vt 0.000000 1.000000
vt 0.000000 0.000000
vt 1.000000 0.000000
vt 1.000000 1.000000
vt 0.000000 1.000000
vt 0.000000 0.000000
vt 1.000000 0.000000
vt 1.000000 1.000000
vt 0.000000 1.000000
vt 0.000000 0.000000
vt 1.000000 0.000000
vt 1.000000 1.000000
vt 0.000000 1.000000
vt 0.000000 0.000000
vt 1.000000 0.000000
vt 1.000000 1.000000
vt 0.000000 1.000000
vt 0.000000 0.000000
vt 1.000000 0.000000
vt 1.000000 0.500000
vt 0.000000 0.500000
vt 0.000000 0.000000
vt 1.000000 0.000000
vt 1.000000 0.500000
vt 0.000000 0.500000
vt 0.000000 0.000000
vt 1.000000 0.000000
vt 1.000000 0.500000
vt 0.000000 0.500000
vt 0.000000 0.000000
vt 1.000000 0.000000
vt 1.000000 0.500000
vt 0.000000 0.500000
vt 0.000000 0.000000
vt 1.000000 0.000000
vt 1.000000 0.500000
vt 0.000000 0.500000
vt 0.000000 0.000000
vt 1.000000 0.000000
vt 1.000000 0.500000
vt 0.000000 0.500000
vt 0.000000 0.000000
vt 1.000000 0.000000
vt 1.000000 0.500000
vt 0.000000 0.500000
vt 0.000000 0.000000
vt 1.000000 0.000000
vt 1.000000 0.500000
vt 0.000000 0.500000
vt 1.000000 1.000000
vt 0.000000 1.000000
vt 1.000000 1.000000
vt 0.000000 1.000000
vt 1.000000 1.000000
vt 0.000000 1.000000
vt 1.000000 1.000000
vt 0.000000 1.000000
vt 1.000000 1.000000
vt 0.000000 1.000000
vt 1.000000 1.000000
vt 0.000000 1.000000
vt 1.000000 1.000000
vt 0.000000 1.000000
vt 1.000000 1.000000
vt 0.000000 1.000000
vt 0.625000 0.613118
vt 0.593750 0.613118
vt 0.562500 0.613118
vt 0.531250 0.465389
vt 0.531250 0.613118
vt 0.500000 0.613118
vt 0.468750 0.613118
vt 0.437500 0.613118
vt 0.406250 0.613118
vt 0.375000 0.613118
vt 0.625000 0.688440
vt 0.593750 0.688440
vt 0.562500 0.688440
vt 0.531250 0.688440
vt 0.500000 0.688440
vt 0.468750 0.688440
vt 0.437500 0.688440
vt 0.406250 0.688440
vt 0.375000 0.688440
vt 0.500000 0.465389
vt 0.531250 0.465389
vt 0.500000 0.312500
vt 0.562500 0.465389
vt 0.562500 0.312500
vt 1.000000 0.000000
vt 1.000000 1.000000
vt 1.000000 1.000000
vt 1.000000 0.000000
vt 0.000000 1.000000
vt 0.000000 1.000000
vt 1.000000 1.000000
vt 0.000000 1.000000
vt 0.000000 1.000000
vt 1.000000 1.000000
vt 0.000000 0.000000
vt 0.000000 0.000000
vt 0.500000 0.465389
vt 0.531250 0.465389
vt 0.500000 0.312500
vt 0.562500 0.465389
vt 0.562500 0.312500
vt 1.000000 1.000000
vt 1.000000 0.000000
vt 0.000000 1.000000
vt 0.000000 1.000000
vt 1.000000 1.000000
vt 0.000000 0.000000
vt 0.500000 0.465389
vt 0.531250 0.465389
vt 0.500000 0.312500
vt 0.562500 0.465389
vt 0.562500 0.312500
vt 1.000000 1.000000
vt 1.000000 0.000000
vt 0.000000 1.000000
vt 0.000000 1.000000
vt 1.000000 1.000000
vt 0.000000 0.000000
vt 0.000000 1.000000
vt 0.375000 0.312500
vt 0.406250 0.312500
vt 0.406250 0.465389
vt 0.375000 0.465389
vt 0.437500 0.312500
vt 0.437500 0.465389
vt 0.468750 0.312500
vt 0.468750 0.465389
vt 0.500000 0.312500
vt 0.500000 0.465389
vt 0.500000 0.312500
vt 0.531250 0.312500
vt 0.531250 0.465389
vt 0.500000 0.465389
vt 0.562500 0.312500
vt 0.562500 0.465389
vt 0.562500 0.312500
vt 0.593750 0.312500
vt 0.593750 0.465389
vt 0.562500 0.465389
vt 0.625000 0.312500
vt 0.625000 0.465389
vt 0.000000 0.000000
vt 1.000000 0.000000
vt 1.000000 1.000000
vt 0.000000 1.000000
vt 0.000000 0.000000
vt 1.000000 0.000000
vt 1.000000 1.000000
vt 0.000000 1.000000
vt 0.000000 0.000000
vt 1.000000 0.000000
vt 1.000000 1.000000
vt 0.000000 1.000000
vt 0.000000 0.000000
vt 1.000000 0.000000
vt 1.000000 1.000000
vt 0.000000 1.000000
vt 0.000000 0.000000
vt 1.000000 0.000000
vt 1.000000 1.000000
vt 0.000000 1.000000
vt 0.000000 0.000000
vt 1.000000 0.000000
vt 1.000000 1.000000
vt 0.000000 1.000000
vt 0.000000 0.000000
vt 1.000000 0.000000
vt 1.000000 1.000000
vt 0.000000 1.000000
vt 0.000000 0.000000
vt 1.000000 0.000000
vt 1.000000 1.000000
vt 0.000000 1.000000
vt 0.000000 0.000000
vt 1.000000 0.000000
vt 1.000000 1.000000
vt 0.000000 1.000000
vt 0.000000 0.000000
vt 1.000000 0.000000
vt 1.000000 1.000000
vt 0.000000 1.000000
vt 0.000000 0.000000
vt 1.000000 0.000000
vt 1.000000 1.000000
vt 0.000000 1.000000
vt 0.000000 0.000000
vt 1.000000 0.000000
vt 1.000000 1.000000
vt 0.000000 1.000000
vt 0.000000 0.000000
vt 1.000000 0.000000
vt 1.000000 1.000000
vt 0.000000 1.000000
vt 0.000000 0.000000
vt 1.000000 0.000000
vt 1.000000 1.000000
vt 0.000000 1.000000
vt 0.000000 0.000000
vt 1.000000 0.000000
vt 1.000000 1.000000
vt 0.000000 1.000000
vt 0.000000 0.000000
vt 1.000000 0.000000
vt 1.000000 1.000000
vt 0.000000 1.000000
vt 0.000000 0.000000
vt 1.000000 0.000000
vt 1.000000 1.000000
vt 0.000000 1.000000
vt 0.000000 0.000000
vt 1.000000 0.000000
vt 1.000000 1.000000
vt 0.000000 1.000000
vt 0.000000 0.000000
vt 1.000000 0.000000
vt 1.000000 1.000000
vt 0.000000 1.000000
vt 0.000000 0.000000
vt 1.000000 0.000000
vt 1.000000 1.000000
vt 0.000000 1.000000
vt 0.000000 0.000000
vt 1.000000 0.000000
vt 1.000000 1.000000
vt 0.000000 1.000000
vt 0.000000 0.000000
vt 1.000000 0.000000
vt 1.000000 1.000000
vt 0.000000 1.000000
vt 0.000000 0.000000
vt 1.000000 0.000000
vt 1.000000 1.000000
vt 0.000000 1.000000
vt 0.000000 0.000000
vt 1.000000 0.000000
vt 1.000000 1.000000
vt 0.000000 1.000000
vt 0.000000 0.000000
vt 1.000000 0.000000
vt 1.000000 0.500000
vt 0.000000 0.500000
vt 0.000000 0.000000
vt 1.000000 0.000000
vt 1.000000 0.500000
vt 0.000000 0.500000
vt 0.000000 0.000000
vt 1.000000 0.000000
vt 1.000000 0.500000
vt 0.000000 0.500000
vt 0.000000 0.000000
vt 1.000000 0.000000
vt 1.000000 0.500000
vt 0.000000 0.500000
vt 0.000000 0.000000
vt 1.000000 0.000000
vt 1.000000 0.500000
vt 0.000000 0.500000
vt 0.000000 0.000000
vt 1.000000 0.000000
vt 1.000000 0.500000
vt 0.000000 0.500000
vt 0.000000 0.000000
vt 1.000000 0.000000
vt 1.000000 0.500000
vt 0.000000 0.500000
vt 0.000000 0.000000
vt 1.000000 0.000000
vt 1.000000 0.500000
vt 0.000000 0.500000
vt 1.000000 1.000000
vt 0.000000 1.000000
vt 1.000000 1.000000
vt 0.000000 1.000000
vt 1.000000 1.000000
vt 0.000000 1.000000
vt 1.000000 1.000000
vt 0.000000 1.000000
vt 1.000000 1.000000
vt 0.000000 1.000000
vt 1.000000 1.000000
vt 0.000000 1.000000
vt 1.000000 1.000000
vt 0.000000 1.000000
vt 1.000000 1.000000
vt 0.000000 1.000000
vt 0.625000 0.613118
vt 0.593750 0.613118
vt 0.562500 0.613118
vt 0.531250 0.465389
vt 0.531250 0.613118
vt 0.500000 0.613118
vt 0.468750 0.613118
vt 0.437500 0.613118
vt 0.406250 0.613118
vt 0.375000 0.613118
vt 0.625000 0.688440
vt 0.593750 0.688440
vt 0.562500 0.688440
vt 0.531250 0.688440
vt 0.500000 0.688440
vt 0.468750 0.688440
vt 0.437500 0.688440
vt 0.406250 0.688440
vt 0.375000 0.688440
vt 0.500000 0.465389
vt 0.531250 0.465389
vt 0.500000 0.312500
vt 0.562500 0.465389
vt 0.562500 0.312500
vt 1.000000 0.000000
vt 1.000000 1.000000
vt 1.000000 1.000000
vt 1.000000 0.000000
vt 0.000000 1.000000
vt 0.000000 1.000000
vt 1.000000 1.000000
vt 0.000000 1.000000
vt 0.000000 1.000000
vt 1.000000 1.000000
vt 0.000000 0.000000
vt 0.000000 0.000000
vt 0.500000 0.465389
vt 0.531250 0.465389
vt 0.500000 0.312500
vt 0.562500 0.465389
vt 0.562500 0.312500
vt 1.000000 1.000000
vt 1.000000 0.000000
vt 0.000000 1.000000
vt 0.000000 1.000000
vt 1.000000 1.000000
vt 0.000000 0.000000
vt 0.500000 0.465389
vt 0.531250 0.465389
vt 0.500000 0.312500
vt 0.562500 0.465389
vt 0.562500 0.312500
vt 1.000000 1.000000
vt 1.000000 0.000000
vt 0.000000 1.000000
vt 0.000000 1.000000
vt 1.000000 1.000000
vt 0.000000 0.000000
vt 0.000000 1.000000
vt 0.375000 0.312500
vt 0.406250 0.312500
vt 0.406250 0.465389
vt 0.375000 0.465389
vt 0.437500 0.312500
vt 0.437500 0.465389
vt 0.468750 0.312500
vt 0.468750 0.465389
vt 0.500000 0.312500
vt 0.500000 0.465389
vt 0.500000 0.312500
vt 0.531250 0.312500
vt 0.531250 0.465389
vt 0.500000 0.465389
vt 0.562500 0.312500
vt 0.562500 0.465389
vt 0.562500 0.312500
vt 0.593750 0.312500
vt 0.593750 0.465389
vt 0.562500 0.465389
vt 0.625000 0.312500
vt 0.625000 0.465389
vt 0.000000 0.000000
vt 1.000000 0.000000
vt 1.000000 1.000000
vt 0.000000 1.000000
vt 0.000000 0.000000
vt 1.000000 0.000000
vt 1.000000 1.000000
vt 0.000000 1.000000
vt 0.000000 0.000000
vt 1.000000 0.000000
vt 1.000000 1.000000
vt 0.000000 1.000000
vt 0.000000 0.000000
vt 1.000000 0.000000
vt 1.000000 1.000000
vt 0.000000 1.000000
vt 0.000000 0.000000
vt 1.000000 0.000000
vt 1.000000 1.000000
vt 0.000000 1.000000
vt 0.000000 0.000000
vt 1.000000 0.000000
vt 1.000000 1.000000
vt 0.000000 1.000000
vt 0.000000 0.000000
vt 1.000000 0.000000
vt 1.000000 1.000000
vt 0.000000 1.000000
vt 0.000000 0.000000
vt 1.000000 0.000000
vt 1.000000 1.000000
vt 0.000000 1.000000
vt 0.000000 0.000000
vt 1.000000 0.000000
vt 1.000000 1.000000
vt 0.000000 1.000000
vt 0.000000 0.000000
vt 1.000000 0.000000
vt 1.000000 1.000000
vt 0.000000 1.000000
vt 0.000000 0.000000
vt 1.000000 0.000000
vt 1.000000 1.000000
vt 0.000000 1.000000
vt 0.000000 0.000000
vt 1.000000 0.000000
vt 1.000000 1.000000
vt 0.000000 1.000000
vt 0.000000 0.000000
vt 1.000000 0.000000
vt 1.000000 1.000000
vt 0.000000 1.000000
vt 0.000000 0.000000
vt 1.000000 0.000000
vt 1.000000 1.000000
vt 0.000000 1.000000
vt 0.000000 0.000000
vt 1.000000 0.000000
vt 1.000000 1.000000
vt 0.000000 1.000000
vt 0.000000 0.000000
vt 1.000000 0.000000
vt 1.000000 1.000000
vt 0.000000 1.000000
vt 0.000000 0.000000
vt 1.000000 0.000000
vt 1.000000 1.000000
vt 0.000000 1.000000
vt 0.000000 0.000000
vt 1.000000 0.000000
vt 1.000000 1.000000
vt 0.000000 1.000000
vt 0.000000 0.000000
vt 1.000000 0.000000
vt 1.000000 1.000000
vt 0.000000 1.000000
vt 0.000000 0.000000
vt 1.000000 0.000000
vt 1.000000 1.000000
vt 0.000000 1.000000
vt 0.000000 0.000000
vt 1.000000 0.000000
vt 1.000000 1.000000
vt 0.000000 1.000000
vt 0.000000 0.000000
vt 1.000000 0.000000
vt 1.000000 1.000000
vt 0.000000 1.000000
vt 0.000000 0.000000
vt 1.000000 0.000000
vt 1.000000 1.000000
vt 0.000000 1.000000
vt 0.000000 0.000000
vt 1.000000 0.000000
vt 1.000000 1.000000
vt 0.000000 1.000000
vt 0.000000 0.000000
vt 1.000000 0.000000
vt 1.000000 0.500000
vt 0.000000 0.500000
vt 0.000000 0.000000
vt 1.000000 0.000000
vt 1.000000 0.500000
vt 0.000000 0.500000
vt 0.000000 0.000000
vt 1.000000 0.000000
vt 1.000000 0.500000
vt 0.000000 0.500000
vt 0.000000 0.000000
vt 1.000000 0.000000
vt 1.000000 0.500000
vt 0.000000 0.500000
vt 0.000000 0.000000
vt 1.000000 0.000000
vt 1.000000 0.500000
vt 0.000000 0.500000
vt 0.000000 0.000000
vt 1.000000 0.000000
vt 1.000000 0.500000
vt 0.000000 0.500000
vt 0.000000 0.000000
vt 1.000000 0.000000
vt 1.000000 0.500000
vt 0.000000 0.500000
vt 0.000000 0.000000
vt 1.000000 0.000000
vt 1.000000 0.500000
vt 0.000000 0.500000
vt 1.000000 1.000000
vt 0.000000 1.000000
vt 1.000000 1.000000
vt 0.000000 1.000000
vt 1.000000 1.000000
vt 0.000000 1.000000
vt 1.000000 1.000000
vt 0.000000 1.000000
vt 1.000000 1.000000
vt 0.000000 1.000000
vt 1.000000 1.000000
vt 0.000000 1.000000
vt 1.000000 1.000000
vt 0.000000 1.000000
vt 1.000000 1.000000
vt 0.000000 1.000000
vt 0.625000 0.613118
vt 0.593750 0.613118
vt 0.562500 0.613118
vt 0.531250 0.465389
vt 0.531250 0.613118
vt 0.500000 0.613118
vt 0.468750 0.613118
vt 0.437500 0.613118
vt 0.406250 0.613118
vt 0.375000 0.613118
vt 0.625000 0.688440
vt 0.593750 0.688440
vt 0.562500 0.688440
vt 0.531250 0.688440
vt 0.500000 0.688440
vt 0.468750 0.688440
vt 0.437500 0.688440
vt 0.406250 0.688440
vt 0.375000 0.688440
vt 0.500000 0.465389
vt 0.531250 0.465389
vt 0.500000 0.312500
vt 0.562500 0.465389
vt 0.562500 0.312500
vt 1.000000 0.000000
vt 1.000000 1.000000
vt 1.000000 1.000000
vt 1.000000 0.000000
vt 0.000000 1.000000
vt 0.000000 1.000000
vt 1.000000 1.000000
vt 0.000000 1.000000
vt 0.000000 1.000000
vt 1.000000 1.000000
vt 0.000000 0.000000
vt 0.000000 0.000000
vt 0.500000 0.465389
vt 0.531250 0.465389
vt 0.500000 0.312500
vt 0.562500 0.465389
vt 0.562500 0.312500
vt 1.000000 1.000000
vt 1.000000 0.000000
vt 0.000000 1.000000
vt 0.000000 1.000000
vt 1.000000 1.000000
vt 0.000000 0.000000
vt 0.500000 0.465389
vt 0.531250 0.465389
vt 0.500000 0.312500
vt 0.562500 0.465389
vt 0.562500 0.312500
vt 1.000000 1.000000
vt 1.000000 0.000000
vt 0.000000 1.000000
vt 0.000000 1.000000
vt 1.000000 1.000000
vt 0.000000 0.000000
vt 0.000000 1.000000
vt 0.375000 0.312500
vt 0.406250 0.312500
vt 0.406250 0.465389
vt 0.375000 0.465389
vt 0.437500 0.312500
vt 0.437500 0.465389
vt 0.468750 0.312500
vt 0.468750 0.465389
vt 0.500000 0.312500
vt 0.500000 0.465389
vt 0.500000 0.312500
vt 0.531250 0.312500
vt 0.531250 0.465389
vt 0.500000 0.465389
vt 0.562500 0.312500
vt 0.562500 0.465389
vt 0.562500 0.312500
vt 0.593750 0.312500
vt 0.593750 0.465389
vt 0.562500 0.465389
vt 0.625000 0.312500
vt 0.625000 0.465389
vt 0.000000 0.000000
vt 1.000000 0.000000
vt 1.000000 1.000000
vt 0.000000 1.000000
vt 0.000000 0.000000
vt 1.000000 0.000000
vt 1.000000 1.000000
vt 0.000000 1.000000
vt 0.000000 0.000000
vt 1.000000 0.000000
vt 1.000000 1.000000
vt 0.000000 1.000000
vt 0.000000 0.000000
vt 1.000000 0.000000
vt 1.000000 1.000000
vt 0.000000 1.000000
vt 0.000000 0.000000
vt 1.000000 0.000000
vt 1.000000 1.000000
vt 0.000000 1.000000
vt 0.000000 0.000000
vt 1.000000 0.000000
vt 1.000000 1.000000
vt 0.000000 1.000000
vt 0.000000 0.000000
vt 1.000000 0.000000
vt 1.000000 1.000000
vt 0.000000 1.000000
vt 0.000000 0.000000
vt 1.000000 0.000000
vt 1.000000 1.000000
vt 0.000000 1.000000
vt 0.000000 0.000000
vt 1.000000 0.000000
vt 1.000000 1.000000
vt 0.000000 1.000000
vt 0.000000 0.000000
vt 1.000000 0.000000
vt 1.000000 1.000000
vt 0.000000 1.000000
vt 0.000000 0.000000
vt 1.000000 0.000000
vt 1.000000 1.000000
vt 0.000000 1.000000
vt 0.000000 0.000000
vt 1.000000 0.000000
vt 1.000000 1.000000
vt 0.000000 1.000000
vt 0.000000 0.000000
vt 1.000000 0.000000
vt 1.000000 1.000000
vt 0.000000 1.000000
vt 0.000000 0.000000
vt 1.000000 0.000000
vt 1.000000 1.000000
vt 0.000000 1.000000
vt 0.000000 0.000000
vt 1.000000 0.000000
vt 1.000000 1.000000
vt 0.000000 1.000000
vt 0.000000 0.000000
vt 1.000000 0.000000
vt 1.000000 1.000000
vt 0.000000 1.000000
vt 0.000000 0.000000
vt 1.000000 0.000000
vt 1.000000 1.000000
vt 0.000000 1.000000
vt 0.000000 0.000000
vt 1.000000 0.000000
vt 1.000000 1.000000
vt 0.000000 1.000000
vt 0.000000 0.000000
vt 1.000000 0.000000
vt 1.000000 1.000000
vt 0.000000 1.000000
vt 0.000000 0.000000
vt 1.000000 0.000000
vt 1.000000 1.000000
vt 0.000000 1.000000
vt 0.000000 0.000000
vt 1.000000 0.000000
vt 1.000000 1.000000
vt 0.000000 1.000000
vt 0.000000 0.000000
vt 1.000000 0.000000
vt 1.000000 1.000000
vt 0.000000 1.000000
vt 0.000000 0.000000
vt 1.000000 0.000000
vt 1.000000 1.000000
vt 0.000000 1.000000
vt 0.000000 0.000000
vt 1.000000 0.000000
vt 1.000000 1.000000
vt 0.000000 1.000000
vt 0.000000 0.000000
vt 1.000000 0.000000
vt 1.000000 0.500000
vt 0.000000 0.500000
vt 0.000000 0.000000
vt 1.000000 0.000000
vt 1.000000 0.500000
vt 0.000000 0.500000
vt 0.000000 0.000000
vt 1.000000 0.000000
vt 1.000000 0.500000
vt 0.000000 0.500000
vt 0.000000 0.000000
vt 1.000000 0.000000
vt 1.000000 0.500000
vt 0.000000 0.500000
vt 0.000000 0.000000
vt 1.000000 0.000000
vt 1.000000 0.500000
vt 0.000000 0.500000
vt 0.000000 0.000000
vt 1.000000 0.000000
vt 1.000000 0.500000
vt 0.000000 0.500000
vt 0.000000 0.000000
vt 1.000000 0.000000
vt 1.000000 0.500000
vt 0.000000 0.500000
vt 0.000000 0.000000
vt 1.000000 0.000000
vt 1.000000 0.500000
vt 0.000000 0.500000
vt 1.000000 1.000000
vt 0.000000 1.000000
vt 1.000000 1.000000
vt 0.000000 1.000000
vt 1.000000 1.000000
vt 0.000000 1.000000
vt 1.000000 1.000000
vt 0.000000 1.000000
vt 1.000000 1.000000
vt 0.000000 1.000000
vt 1.000000 1.000000
vt 0.000000 1.000000
vt 1.000000 1.000000
vt 0.000000 1.000000
vt 1.000000 1.000000
vt 0.000000 1.000000
vt 0.625000 0.613118
vt 0.593750 0.613118
vt 0.562500 0.613118
vt 0.531250 0.465389
vt 0.531250 0.613118
vt 0.500000 0.613118
vt 0.468750 0.613118
vt 0.437500 0.613118
vt 0.406250 0.613118
vt 0.375000 0.613118
vt 0.625000 0.688440
vt 0.593750 0.688440
vt 0.562500 0.688440
vt 0.531250 0.688440
vt 0.500000 0.688440
vt 0.468750 0.688440
vt 0.437500 0.688440
vt 0.406250 0.688440
vt 0.375000 0.688440
vt 0.500000 0.465389
vt 0.531250 0.465389
vt 0.500000 0.312500
vt 0.562500 0.465389
vt 0.562500 0.312500
vt 1.000000 0.000000
vt 1.000000 1.000000
vt 1.000000 1.000000
vt 1.000000 0.000000
vt 0.000000 1.000000
vt 0.000000 1.000000
vt 1.000000 1.000000
vt 0.000000 1.000000
vt 0.000000 1.000000
vt 1.000000 1.000000
vt 0.000000 0.000000
vt 0.000000 0.000000
vt 0.500000 0.465389
vt 0.531250 0.465389
vt 0.500000 0.312500
vt 0.562500 0.465389
vt 0.562500 0.312500
vt 1.000000 1.000000
vt 1.000000 0.000000
vt 0.000000 1.000000
vt 0.000000 1.000000
vt 1.000000 1.000000
vt 0.000000 0.000000
vt 0.500000 0.465389
vt 0.531250 0.465389
vt 0.500000 0.312500
vt 0.562500 0.465389
vt 0.562500 0.312500
vt 1.000000 1.000000
vt 1.000000 0.000000
vt 0.000000 1.000000
vt 0.000000 1.000000
vt 1.000000 1.000000
vt 0.000000 0.000000
vt 0.000000 1.000000
vt 0.375000 0.312500
vt 0.390625 0.312500
vt 0.390625 0.350094
vt 0.375000 0.350094
vt 0.406250 0.312500
vt 0.406250 0.350094
vt 0.421875 0.312500
vt 0.421875 0.350094
vt 0.437500 0.312500
vt 0.437500 0.350094
vt 0.453125 0.312500
vt 0.453125 0.350094
vt 0.468750 0.312500
vt 0.468750 0.350094
vt 0.562500 0.312500
vt 0.578125 0.312500
vt 0.578125 0.350094
vt 0.562500 0.350094
vt 0.593750 0.312500
vt 0.593750 0.350094
vt 0.609375 0.387688
vt 0.625000 0.387688
vt 0.625000 0.430652
vt 0.609375 0.430652
vt 0.593750 0.387688
vt 0.593750 0.430652
vt 0.578125 0.387688
vt 0.578125 0.430652
vt 0.562500 0.387688
vt 0.562500 0.430652
vt 0.546875 0.387688
vt 0.546875 0.430652
vt 0.531250 0.387688
vt 0.531250 0.430652
vt 0.515625 0.387688
vt 0.515625 0.430652
vt 0.500000 0.387688
vt 0.500000 0.430652
vt 0.484375 0.387688
vt 0.484375 0.430652
vt 0.468750 0.387688
vt 0.468750 0.430652
vt 0.453125 0.387688
vt 0.453125 0.430652
vt 0.437500 0.387688
vt 0.437500 0.430652
vt 0.421875 0.387688
vt 0.421875 0.430652
vt 0.406250 0.387688
vt 0.406250 0.430652
vt 0.390625 0.387688
vt 0.390625 0.430652
vt 0.375000 0.387688
vt 0.375000 0.430652
vt 0.000000 0.000000
vt 1.000000 0.000000
vt 1.000000 1.000000
vt 0.000000 1.000000
vt 0.000000 0.000000
vt 1.000000 0.000000
vt 1.000000 1.000000
vt 0.000000 1.000000
vt 0.000000 0.000000
vt 1.000000 0.000000
vt 1.000000 1.000000
vt 0.000000 1.000000
vt 0.000000 0.000000
vt 1.000000 0.000000
vt 1.000000 1.000000
vt 0.000000 1.000000
vt 0.000000 0.000000
vt 1.000000 0.000000
vt 1.000000 1.000000
vt 0.000000 1.000000
vt 0.000000 0.000000
vt 1.000000 0.000000
vt 1.000000 1.000000
vt 0.000000 1.000000
vt 0.000000 0.000000
vt 1.000000 0.000000
vt 1.000000 1.000000
vt 0.000000 1.000000
vt 0.000000 0.000000
vt 1.000000 0.000000
vt 1.000000 1.000000
vt 0.000000 1.000000
vt 0.000000 0.000000
vt 1.000000 0.000000
vt 1.000000 1.000000
vt 0.000000 1.000000
vt 0.000000 0.000000
vt 1.000000 0.000000
vt 1.000000 1.000000
vt 0.000000 1.000000
vt 0.000000 0.000000
vt 1.000000 0.000000
vt 1.000000 1.000000
vt 0.000000 1.000000
vt 0.000000 0.000000
vt 1.000000 0.000000
vt 1.000000 1.000000
vt 0.000000 1.000000
vt 0.000000 0.000000
vt 1.000000 0.000000
vt 1.000000 1.000000
vt 0.000000 1.000000
vt 0.000000 0.000000
vt 1.000000 0.000000
vt 1.000000 1.000000
vt 0.000000 1.000000
vt 0.000000 0.000000
vt 1.000000 0.000000
vt 1.000000 1.000000
vt 0.000000 1.000000
vt 0.000000 0.000000
vt 1.000000 0.000000
vt 1.000000 1.000000
vt 0.000000 1.000000
vt 0.000000 0.000000
vt 1.000000 0.000000
vt 1.000000 1.000000
vt 0.000000 1.000000
vt 0.000000 0.000000
vt 1.000000 0.000000
vt 1.000000 1.000000
vt 0.000000 1.000000
vt 0.000000 0.000000
vt 1.000000 0.000000
vt 1.000000 1.000000
vt 0.000000 1.000000
vt 0.000000 0.000000
vt 1.000000 0.000000
vt 1.000000 1.000000
vt 0.000000 1.000000
vt 0.000000 0.000000
vt 1.000000 0.000000
vt 1.000000 1.000000
vt 0.000000 1.000000
vt 0.000000 0.000000
vt 1.000000 0.000000
vt 1.000000 1.000000
vt 0.000000 1.000000
vt 0.000000 0.000000
vt 1.000000 0.000000
vt 1.000000 1.000000
vt 0.000000 1.000000
vt 0.000000 0.000000
vt 1.000000 0.000000
vt 1.000000 1.000000
vt 0.000000 1.000000
vt 0.000000 0.000000
vt 1.000000 0.000000
vt 1.000000 1.000000
vt 0.000000 1.000000
vt 0.000000 0.000000
vt 1.000000 0.000000
vt 1.000000 1.000000
vt 0.000000 1.000000
vt 0.000000 0.000000
vt 1.000000 0.000000
vt 1.000000 1.000000
vt 0.000000 1.000000
vt 0.000000 0.000000
vt 1.000000 0.000000
vt 1.000000 1.000000
vt 0.000000 1.000000
vt 0.000000 0.000000
vt 1.000000 0.000000
vt 1.000000 1.000000
vt 0.000000 1.000000
vt 0.000000 0.000000
vt 1.000000 0.000000
vt 1.000000 1.000000
vt 0.000000 1.000000
vt 0.000000 0.000000
vt 1.000000 0.000000
vt 1.000000 1.000000
vt 0.000000 1.000000
vt 0.000000 0.000000
vt 1.000000 0.000000
vt 1.000000 1.000000
vt 0.000000 1.000000
vt 0.000000 1.000000
vt 0.000000 1.000000
vt 0.000000 1.000000
vt 0.000000 1.000000
vt 0.000000 1.000000
vt 0.000000 1.000000
vt 0.000000 1.000000
vt 0.000000 1.000000
vt 0.000000 1.000000
vt 0.625000 0.473617
vt 0.609375 0.473617
vt 0.593750 0.473617
vt 0.578125 0.473617
vt 0.562500 0.473617
vt 0.546875 0.473617
vt 0.531250 0.473617
vt 0.515625 0.473617
vt 0.500000 0.473617
vt 0.484375 0.473617
vt 0.468750 0.473617
vt 0.453125 0.473617
vt 0.437500 0.473617
vt 0.421875 0.473617
vt 0.406250 0.473617
vt 0.390625 0.473617
vt 0.375000 0.473617
vt 0.625000 0.516582
vt 0.609375 0.516582
vt 0.593750 0.516582
vt 0.578125 0.516582
vt 0.562500 0.516582
vt 0.546875 0.516582
vt 0.531250 0.516582
vt 0.515625 0.516582
vt 0.500000 0.516582
vt 0.484375 0.516582
vt 0.468750 0.516582
vt 0.453125 0.516582
vt 0.437500 0.516582
vt 0.421875 0.516582
vt 0.406250 0.516582
vt 0.390625 0.516582
vt 0.375000 0.516582
vt 0.625000 0.559546
vt 0.609375 0.559546
vt 0.593750 0.559546
vt 0.578125 0.559546
vt 0.562500 0.559546
vt 0.546875 0.559546
vt 0.531250 0.559546
vt 0.515625 0.559546
vt 0.500000 0.559546
vt 0.484375 0.559546
vt 0.468750 0.559546
vt 0.453125 0.559546
vt 0.437500 0.559546
vt 0.421875 0.559546
vt 0.406250 0.559546
vt 0.390625 0.559546
vt 0.375000 0.559546
vt 0.625000 0.602511
vt 0.609375 0.602511
vt 0.593750 0.602511
vt 0.578125 0.602511
vt 0.562500 0.602511
vt 0.546875 0.602511
vt 0.531250 0.602511
vt 0.515625 0.602511
vt 0.500000 0.602511
vt 0.484375 0.602511
vt 0.468750 0.602511
vt 0.453125 0.602511
vt 0.437500 0.602511
vt 0.421875 0.602511
vt 0.406250 0.602511
vt 0.390625 0.602511
vt 0.375000 0.602511
vt 0.625000 0.645475
vt 0.609375 0.645475
vt 0.593750 0.645475
vt 0.578125 0.645475
vt 0.562500 0.645475
vt 0.546875 0.645475
vt 0.531250 0.645475
vt 0.515625 0.645475
vt 0.500000 0.645475
vt 0.484375 0.645475
vt 0.468750 0.645475
vt 0.453125 0.645475
vt 0.437500 0.645475
vt 0.421875 0.645475
vt 0.406250 0.645475
vt 0.390625 0.645475
vt 0.375000 0.645475
vt 0.625000 0.679143
vt 0.609375 0.679143
vt 0.593750 0.679143
vt 0.578125 0.679143
vt 0.562500 0.679143
vt 0.546875 0.679143
vt 0.531250 0.679143
vt 0.515625 0.679143
vt 0.500000 0.679143
vt 0.484375 0.679143
vt 0.468750 0.679143
vt 0.453125 0.679143
vt 0.437500 0.679143
vt 0.421875 0.679143
vt 0.406250 0.679143
vt 0.390625 0.679143
vt 0.375000 0.679143
vt 0.531250 0.350094
vt 0.531250 0.312500
vt 0.500000 0.350094
vt 0.500000 0.312500
vt 0.625000 0.688440
vt 0.609375 0.688440
vt 0.593750 0.688440
vt 0.578125 0.688440
vt 0.562500 0.688440
vt 0.546875 0.688440
vt 0.531250 0.688440
vt 0.515625 0.688440
vt 0.500000 0.688440
vt 0.484375 0.688440
vt 0.468750 0.688440
vt 0.453125 0.688440
vt 0.437500 0.688440
vt 0.421875 0.688440
vt 0.406250 0.688440
vt 0.390625 0.688440
vt 0.375000 0.688440
vt 0.000000 0.000000
vt 1.000000 0.000000
vt 1.000000 1.000000
vt 0.000000 1.000000
vt 0.000000 0.000000
vt 1.000000 0.000000
vt 1.000000 1.000000
vt 0.000000 1.000000
vt 0.000000 0.000000
vt 1.000000 0.000000
vt 1.000000 1.000000
vt 0.000000 1.000000
vt 0.000000 0.000000
vt 1.000000 0.000000
vt 1.000000 1.000000
vt 0.000000 1.000000
vt 0.000000 0.000000
vt 1.000000 0.000000
vt 1.000000 1.000000
vt 0.000000 1.000000
vt 0.000000 0.000000
vt 1.000000 0.000000
vt 1.000000 1.000000
vt 0.000000 1.000000
vt 0.000000 0.000000
vt 1.000000 0.000000
vt 1.000000 1.000000
vt 0.000000 1.000000
vt 0.000000 0.000000
vt 1.000000 0.000000
vt 1.000000 1.000000
vt 0.000000 1.000000
vt 0.000000 0.000000
vt 1.000000 0.000000
vt 1.000000 1.000000
vt 0.000000 1.000000
vt 0.000000 0.000000
vt 1.000000 0.000000
vt 1.000000 1.000000
vt 0.000000 1.000000
vt 0.000000 0.000000
vt 1.000000 0.000000
vt 1.000000 1.000000
vt 0.000000 1.000000
vt 0.000000 0.000000
vt 1.000000 0.000000
vt 1.000000 1.000000
vt 0.000000 1.000000
vt 0.000000 0.000000
vt 1.000000 0.000000
vt 1.000000 1.000000
vt 0.000000 1.000000
vt 0.000000 0.000000
vt 1.000000 0.000000
vt 1.000000 1.000000
vt 0.000000 1.000000
vt 0.000000 0.000000
vt 1.000000 0.000000
vt 1.000000 1.000000
vt 0.000000 1.000000
vt 0.000000 0.000000
vt 1.000000 0.000000
vt 1.000000 1.000000
vt 0.000000 1.000000
vt 0.000000 0.000000
vt 1.000000 0.000000
vt 1.000000 1.000000
vt 0.000000 1.000000
vt 0.000000 0.000000
vt 1.000000 0.000000
vt 1.000000 1.000000
vt 0.000000 1.000000
vt 0.000000 0.000000
vt 1.000000 0.000000
vt 1.000000 1.000000
vt 0.000000 1.000000
vt 0.000000 0.000000
vt 1.000000 0.000000
vt 1.000000 1.000000
vt 0.000000 1.000000
vt 0.000000 0.000000
vt 1.000000 0.000000
vt 1.000000 1.000000
vt 0.000000 1.000000
vt 0.000000 0.000000
vt 1.000000 0.000000
vt 1.000000 1.000000
vt 0.000000 1.000000
vt 0.000000 0.000000
vt 1.000000 0.000000
vt 1.000000 1.000000
vt 0.000000 1.000000
vt 0.000000 0.000000
vt 1.000000 0.000000
vt 1.000000 1.000000
vt 0.000000 1.000000
vt 0.000000 0.000000
vt 1.000000 0.000000
vt 1.000000 1.000000
vt 0.000000 1.000000
vt 0.000000 0.000000
vt 1.000000 0.000000
vt 1.000000 1.000000
vt 0.000000 1.000000
vt 0.000000 0.000000
vt 1.000000 0.000000
vt 1.000000 1.000000
vt 0.000000 1.000000
vt 0.000000 0.000000
vt 1.000000 0.000000
vt 1.000000 1.000000
vt 0.000000 1.000000
vt 0.000000 0.000000
vt 1.000000 0.000000
vt 1.000000 1.000000
vt 0.000000 1.000000
vt 0.000000 0.000000
vt 1.000000 0.000000
vt 1.000000 1.000000
vt 0.000000 1.000000
vt 0.000000 0.000000
vt 1.000000 0.000000
vt 1.000000 1.000000
vt 0.000000 1.000000
vt 0.000000 0.000000
vt 1.000000 0.000000
vt 1.000000 1.000000
vt 0.000000 1.000000
vt 0.000000 0.000000
vt 1.000000 0.000000
vt 1.000000 1.000000
vt 0.000000 1.000000
vt 0.000000 0.000000
vt 1.000000 0.000000
vt 1.000000 1.000000
vt 0.000000 1.000000
vt 0.000000 0.000000
vt 1.000000 0.000000
vt 1.000000 1.000000
vt 0.000000 1.000000
vt 0.000000 0.000000
vt 1.000000 0.000000
vt 1.000000 1.000000
vt 0.000000 1.000000
vt 0.000000 0.000000
vt 1.000000 0.000000
vt 1.000000 1.000000
vt 0.000000 1.000000
vt 0.000000 0.000000
vt 1.000000 0.000000
vt 1.000000 1.000000
vt 0.000000 1.000000
vt 0.000000 0.000000
vt 1.000000 0.000000
vt 1.000000 1.000000
vt 0.000000 1.000000
vt 0.000000 0.000000
vt 1.000000 0.000000
vt 1.000000 1.000000
vt 0.000000 1.000000
vt 0.000000 0.000000
vt 1.000000 0.000000
vt 1.000000 1.000000
vt 0.000000 1.000000
vt 0.000000 0.000000
vt 1.000000 0.000000
vt 1.000000 1.000000
vt 0.000000 1.000000
vt 0.000000 0.000000
vt 1.000000 0.000000
vt 1.000000 1.000000
vt 0.000000 1.000000
vt 0.000000 0.000000
vt 1.000000 0.000000
vt 1.000000 1.000000
vt 0.000000 1.000000
vt 0.000000 0.000000
vt 1.000000 0.000000
vt 1.000000 1.000000
vt 0.000000 1.000000
vt 0.000000 0.000000
vt 1.000000 0.000000
vt 1.000000 1.000000
vt 0.000000 1.000000
vt 0.000000 0.000000
vt 1.000000 0.000000
vt 1.000000 1.000000
vt 0.000000 1.000000
vt 0.000000 0.000000
vt 1.000000 0.000000
vt 1.000000 1.000000
vt 0.000000 1.000000
vt 0.000000 0.000000
vt 1.000000 0.000000
vt 1.000000 1.000000
vt 0.000000 1.000000
vt 0.000000 0.000000
vt 1.000000 0.000000
vt 1.000000 1.000000
vt 0.000000 1.000000
vt 0.000000 0.000000
vt 1.000000 0.000000
vt 1.000000 1.000000
vt 0.000000 1.000000
vt 0.000000 0.000000
vt 1.000000 0.000000
vt 1.000000 1.000000
vt 0.000000 1.000000
vt 0.000000 0.000000
vt 1.000000 0.000000
vt 1.000000 1.000000
vt 0.000000 1.000000
vt 0.000000 0.000000
vt 1.000000 0.000000
vt 1.000000 1.000000
vt 0.000000 1.000000
vt 0.000000 0.000000
vt 1.000000 0.000000
vt 1.000000 1.000000
vt 0.000000 1.000000
vt 0.000000 0.000000
vt 1.000000 0.000000
vt 1.000000 1.000000
vt 0.000000 1.000000
vt 0.000000 0.000000
vt 1.000000 0.000000
vt 1.000000 1.000000
vt 0.000000 1.000000
vt 0.000000 0.000000
vt 1.000000 0.000000
vt 1.000000 1.000000
vt 0.000000 1.000000
vt 0.000000 0.000000
vt 1.000000 0.000000
vt 1.000000 1.000000
vt 0.000000 1.000000
vt 0.000000 0.000000
vt 1.000000 0.000000
vt 1.000000 1.000000
vt 0.000000 1.000000
vt 0.000000 0.000000
vt 1.000000 0.000000
vt 1.000000 1.000000
vt 0.000000 1.000000
vt 0.000000 0.000000
vt 1.000000 0.000000
vt 1.000000 1.000000
vt 0.000000 1.000000
vt 0.000000 0.000000
vt 1.000000 0.000000
vt 1.000000 1.000000
vt 0.000000 1.000000
vt 0.000000 0.000000
vt 1.000000 0.000000
vt 1.000000 1.000000
vt 0.000000 1.000000
vt 0.000000 0.000000
vt 1.000000 0.000000
vt 1.000000 1.000000
vt 0.000000 1.000000
vt 0.000000 0.000000
vt 1.000000 0.000000
vt 1.000000 1.000000
vt 0.000000 1.000000
vt 0.000000 0.000000
vt 1.000000 0.000000
vt 1.000000 1.000000
vt 0.000000 1.000000
vt 0.000000 0.000000
vt 1.000000 0.000000
vt 1.000000 1.000000
vt 0.000000 1.000000
vt 0.000000 0.000000
vt 1.000000 0.000000
vt 1.000000 1.000000
vt 0.000000 1.000000
vt 0.000000 0.000000
vt 1.000000 0.000000
vt 1.000000 1.000000
vt 0.000000 1.000000
vt 0.000000 0.000000
vt 1.000000 0.000000
vt 1.000000 1.000000
vt 0.000000 1.000000
vt 0.000000 0.000000
vt 1.000000 0.000000
vt 1.000000 1.000000
vt 0.000000 1.000000
vt 0.000000 0.000000
vt 1.000000 0.000000
vt 1.000000 1.000000
vt 0.000000 1.000000
vt 0.000000 0.000000
vt 1.000000 0.000000
vt 1.000000 1.000000
vt 0.000000 1.000000
vt 0.000000 0.000000
vt 1.000000 0.000000
vt 1.000000 1.000000
vt 0.000000 1.000000
vt 0.000000 0.000000
vt 1.000000 0.000000
vt 1.000000 1.000000
vt 0.000000 1.000000
vt 0.000000 0.000000
vt 1.000000 0.000000
vt 1.000000 1.000000
vt 0.000000 1.000000
vt 0.000000 0.000000
vt 1.000000 0.000000
vt 1.000000 1.000000
vt 0.000000 1.000000
vt 0.000000 0.000000
vt 1.000000 0.000000
vt 1.000000 1.000000
vt 0.000000 1.000000
vt 0.000000 0.000000
vt 1.000000 0.000000
vt 1.000000 1.000000
vt 0.000000 1.000000
vt 0.000000 1.000000
vt 0.000000 1.000000
vt 0.000000 1.000000
vt 0.000000 1.000000
vt 0.000000 1.000000
vt 0.000000 1.000000
vt 0.000000 1.000000
vt 0.000000 1.000000
vt 0.000000 0.000000
vt 1.000000 0.000000
vt 1.000000 1.000000
vt 0.000000 1.000000
vt 0.000000 0.000000
vt 1.000000 0.000000
vt 1.000000 1.000000
vt 0.000000 1.000000
vt 0.000000 0.000000
vt 1.000000 0.000000
vt 1.000000 1.000000
vt 0.000000 1.000000
vt 0.000000 0.000000
vt 1.000000 0.000000
vt 1.000000 1.000000
vt 0.000000 1.000000
vt 0.000000 0.000000
vt 1.000000 0.000000
vt 1.000000 1.000000
vt 0.000000 1.000000
vt 0.000000 0.000000
vt 1.000000 0.000000
vt 1.000000 1.000000
vt 0.000000 1.000000
vt 0.000000 0.000000
vt 1.000000 0.000000
vt 1.000000 1.000000
vt 0.000000 1.000000
vt 0.000000 0.000000
vt 1.000000 0.000000
vt 1.000000 1.000000
vt 0.000000 1.000000
vn 0.858664 -0.212471 0.466426
vn 0.857902 -0.216022 0.466196
vn 0.877385 0.027781 0.478982
vn 0.877441 0.027786 0.478879
vn 0.971005 -0.197085 -0.135301
vn 0.971546 -0.194354 -0.135369
vn 0.985924 0.006910 -0.167049
vn 0.986165 0.008344 -0.165555
vn 0.544405 -0.178569 -0.819595
vn 0.544497 -0.177065 -0.819861
vn 0.552817 0.000376 -0.833303
vn 0.552484 0.000338 -0.833524
vn -0.274785 -0.186890 -0.943168
vn -0.272843 -0.197154 -0.941641
vn -0.306685 -0.021937 -0.951558
vn -0.306519 -0.022140 -0.951607
vn -0.880171 -0.070359 -0.469414
vn -0.880213 -0.069887 -0.469405
vn -0.883810 -0.013376 -0.467654
vn -0.883810 -0.013376 -0.467654
vn -0.987676 -0.069887 0.140046
vn -0.987639 -0.070360 0.140069
vn -0.990457 -0.013375 0.137171
vn -0.990457 -0.013375 0.137171
vn -0.577093 -0.207778 0.789805
vn -0.579712 -0.196805 0.790697
vn -0.613399 -0.029490 0.789223
vn -0.613515 -0.029155 0.789145
vn 0.234909 -0.188459 0.953573
vn 0.234888 -0.187217 0.953823
vn 0.234909 -0.008878 0.971977
vn 0.235284 -0.008301 0.971891
vn 0.719913 -0.563216 0.405602
vn 0.720833 -0.561683 0.406094
vn 0.819165 -0.561945 -0.114830
vn 0.823727 -0.555105 -0.115467
vn 0.490678 -0.502047 -0.712168
vn 0.491636 -0.498712 -0.713849
vn -0.216308 -0.494206 -0.842004
vn -0.212892 -0.512394 -0.831943
vn -0.875311 -0.114854 -0.469722
vn -0.875311 -0.114854 -0.469722
vn -0.983178 -0.114856 0.142020
vn -0.983178 -0.114856 0.142020
vn -0.483463 -0.515721 0.707316
vn -0.490202 -0.497454 0.715711
vn 0.224181 -0.497454 0.838023
vn 0.223372 -0.504736 0.833875
vn 0.480440 -0.832474 0.275980
vn 0.480440 -0.832474 0.275980
vn 0.522534 -0.849460 -0.073320
vn 0.522534 -0.849460 -0.073320
vn 0.316294 -0.848776 -0.423719
vn 0.316294 -0.848776 -0.423719
vn -0.112773 -0.851036 -0.512854
vn -0.112773 -0.851036 -0.512854
vn -0.444212 -0.855502 -0.266067
vn -0.444212 -0.855502 -0.266067
vn -0.444212 -0.855502 -0.266067
vn -0.444212 -0.855502 -0.266067
vn -0.508423 -0.855502 0.098092
vn -0.508423 -0.855502 0.098092
vn -0.508423 -0.855502 0.098092
vn -0.508423 -0.855502 0.098092
vn -0.281379 -0.851036 0.443354
vn -0.281379 -0.851036 0.443354
vn 0.155720 -0.839289 0.520909
vn 0.155720 -0.839289 0.520909
vn 0.859459 -0.005544 0.511175
vn 0.859450 -0.003198 0.511210
vn 0.859395 -0.021182 0.510872
vn 0.859396 -0.021182 0.510872
vn 0.977874 0.025833 -0.207592
vn 0.977931 0.025359 -0.207383
vn 0.981499 -0.011004 -0.191153
vn 0.981499 -0.011004 -0.191153
vn 0.583225 -0.029181 -0.811786
vn 0.583014 -0.031532 -0.811850
vn 0.414129 -0.289760 -0.862865
vn 0.419678 -0.282916 -0.862455
vn -0.321777 -0.024569 -0.946497
vn -0.322254 -0.024351 -0.946340
vn -0.191574 0.190845 -0.962745
vn -0.213781 0.157430 -0.964113
vn -0.894690 -0.003195 -0.446677
vn -0.894870 -0.003058 -0.446317
vn -0.898078 -0.000599 -0.439835
vn -0.898078 -0.000599 -0.439835
vn -0.993552 -0.003058 0.113336
vn -0.993506 -0.003195 0.113737
vn -0.994350 -0.000600 0.106149
vn -0.994350 -0.000600 0.106149
vn -0.626487 -0.024351 0.779052
vn -0.626092 -0.024569 0.779362
vn -0.530634 0.157430 0.832853
vn -0.509298 0.190845 0.839162
vn 0.270185 -0.031533 0.962292
vn 0.270406 -0.029181 0.962304
vn 0.099391 -0.282916 0.953981
vn 0.094037 -0.289760 0.952469
vn 0.279039 -0.898390 0.339164
vn 0.279039 -0.898390 0.339164
vn 0.300932 -0.905267 0.299887
vn 0.299376 -0.904834 0.302737
vn 0.378212 -0.898390 -0.223273
vn 0.378212 -0.898390 -0.223273
vn 0.384863 -0.904834 -0.182087
vn 0.385351 -0.905267 -0.178876
vn 0.241067 -0.436397 -0.866859
vn 0.238441 -0.433228 -0.869172
vn -0.104145 0.354453 -0.929256
vn -0.105163 0.357219 -0.928082
vn -0.398028 0.840297 -0.368069
vn -0.398028 0.840297 -0.368069
vn -0.393538 0.846560 -0.358418
vn -0.393358 0.846807 -0.358032
vn -0.499911 0.840297 0.209738
vn -0.499911 0.840297 0.209738
vn -0.492090 0.846807 0.201903
vn -0.492391 0.846560 0.202204
vn -0.416244 0.357219 0.836144
vn -0.415689 0.354452 0.837596
vn -0.073213 -0.433228 0.898306
vn -0.069954 -0.436397 0.897031
vn -0.092099 -0.414639 0.905313
vn -0.092099 -0.414639 0.905313
vn -0.420816 0.380715 0.823390
vn -0.420816 0.380715 0.823390
vn -0.485790 0.851903 0.195626
vn -0.485790 0.851903 0.195626
vn -0.389585 0.851903 -0.349978
vn -0.389585 0.851903 -0.349978
vn -0.113822 0.380716 -0.917660
vn -0.113822 0.380716 -0.917660
vn 0.223091 -0.414639 -0.882216
vn 0.223091 -0.414639 -0.882216
vn 0.390922 -0.909732 -0.139886
vn 0.390922 -0.909732 -0.139886
vn 0.319502 -0.909732 0.265153
vn 0.319502 -0.909732 0.265153
vn 0.254673 0.000643 0.967027
vn 0.255118 0.000630 0.966910
vn -0.619276 -0.020953 0.784894
vn -0.619270 -0.020912 0.784900
vn -0.990531 -0.014715 0.136499
vn -0.990242 -0.019344 0.138012
vn -0.990787 -0.012495 0.134850
vn -0.990786 -0.012511 0.134861
vn -0.883443 -0.018909 -0.468157
vn -0.884109 -0.014715 -0.467048
vn -0.884909 -0.012510 -0.465596
vn -0.884914 -0.012494 -0.465587
vn -0.313471 -0.020912 -0.949367
vn -0.313479 -0.020953 -0.949364
vn 0.570435 0.000630 -0.821343
vn 0.570057 0.000644 -0.821605
vn 0.978001 0.017994 -0.207822
vn 0.977709 0.020893 -0.208925
vn 0.867222 0.022145 0.497429
vn 0.867410 0.022326 0.497093
vn -0.880990 -0.032944 -0.471986
vn -0.884285 -0.013007 -0.466767
vn -0.882002 -0.092531 -0.462072
vn -0.881638 -0.090468 -0.463173
vn -0.986209 -0.096928 0.134152
vn -0.989003 -0.035590 0.143549
vn -0.986222 -0.095545 0.135046
vn -0.990600 -0.013008 0.136174
vn -0.882606 -0.133456 -0.450774
vn -0.882262 -0.132963 -0.451590
vn -0.874020 -0.121469 -0.470461
vn -0.874020 -0.121469 -0.470461
vn -0.982218 -0.121465 0.143157
vn -0.983496 -0.134398 0.121128
vn -0.983453 -0.133818 0.122121
vn -0.982218 -0.121465 0.143157
vn -0.022114 -0.999748 -0.003902
vn -0.053238 -0.983173 0.174749
vn -0.053238 -0.983173 0.174749
vn -0.022114 -0.999748 -0.003902
vn -0.795157 -0.314176 0.518670
vn -0.795157 -0.314176 0.518670
vn -0.795157 -0.314176 0.518670
vn -0.795157 -0.314176 0.518670
vn -0.354709 -0.323275 -0.877311
vn -0.354709 -0.323275 -0.877311
vn -0.354709 -0.323275 -0.877311
vn -0.354709 -0.323275 -0.877311
vn 0.009741 -0.983173 -0.182419
vn 0.009741 -0.983173 -0.182419
vn -0.788185 -0.181969 -0.587922
vn -0.788185 -0.181969 -0.587922
vn -0.788185 -0.181969 -0.587922
vn -0.788185 -0.181969 -0.587922
vn -0.338200 -0.910217 -0.239010
vn -0.297708 -0.950337 -0.090718
vn -0.268541 -0.963263 0.003277
vn -0.338200 -0.910217 -0.239010
vn -0.239390 -0.966774 0.089671
vn -0.239390 -0.966774 0.089671
vn -0.613678 -0.292260 0.733473
vn -0.613678 -0.292260 0.733473
vn -0.613678 -0.292260 0.733473
vn -0.613678 -0.292260 0.733473
vn -0.878702 0.018084 -0.477028
vn -0.878964 0.005822 -0.476852
vn -0.878944 0.007029 -0.476873
vn -0.878702 0.018084 -0.477028
vn -0.719911 -0.118903 -0.683806
vn -0.721224 -0.118168 -0.682548
vn -0.910360 -0.118904 0.396368
vn -0.989047 0.005827 0.147484
vn -0.989036 0.007036 0.147509
vn -0.911164 -0.118170 0.394736
vn -0.988862 0.018109 0.147728
vn -0.988862 0.018109 0.147728
vn 0.942222 -0.098162 0.320285
vn 0.884509 -0.026596 0.465764
vn 0.882135 -0.024197 0.470375
vn 0.882135 -0.024197 0.470375
vn 0.989813 -0.024192 -0.140300
vn 0.994943 -0.098152 0.021300
vn 0.990468 -0.026590 -0.135155
vn 0.989813 -0.024192 -0.140300
vn 0.021093 0.999771 0.003720
vn 0.052322 0.983098 -0.175442
vn 0.052322 0.983099 -0.175442
vn 0.021093 0.999771 0.003720
vn 0.485786 0.317059 -0.814546
vn 0.485786 0.317059 -0.814546
vn 0.485786 0.317059 -0.814546
vn 0.485786 0.317059 -0.814546
vn 0.177895 0.317060 0.931572
vn 0.177895 0.317060 0.931572
vn 0.177895 0.317060 0.931572
vn 0.177895 0.317060 0.931572
vn -0.010839 0.983098 0.182758
vn -0.010839 0.983098 0.182758
vn 0.530193 -0.250899 -0.809904
vn 0.530193 -0.250899 -0.809904
vn 0.530193 -0.250899 -0.809904
vn 0.530193 -0.250899 -0.809904
vn 0.153752 -0.987578 -0.032388
vn 0.143823 -0.989278 0.025360
vn 0.143823 -0.989278 0.025360
vn 0.153752 -0.987578 -0.032388
vn 0.133400 -0.987579 0.083020
vn 0.133400 -0.987579 0.083020
vn 0.221209 -0.250895 0.942400
vn 0.221209 -0.250895 0.942400
vn 0.221209 -0.250895 0.942400
vn 0.221209 -0.250895 0.942400
vn -0.009876 -0.996909 -0.077948
vn -0.017809 -0.999835 -0.003519
vn -0.077898 -0.996867 -0.013735
vn -0.064587 -0.994031 -0.087929
vn -0.035586 -0.996931 0.069730
vn -0.090766 -0.994031 0.060536
vn 0.068194 -0.997585 0.013168
vn 0.082809 -0.994727 -0.060501
vn 0.053741 -0.995006 0.084111
vn 0.930530 -0.229114 -0.285695
vn 0.930277 -0.230240 -0.285614
vn 0.958449 -0.003299 -0.285245
vn 0.958471 -0.003092 -0.285173
vn 0.586563 -0.230240 -0.776488
vn 0.586726 -0.229113 -0.776698
vn 0.593985 -0.006798 -0.804448
vn 0.594180 -0.007260 -0.804300
vn -0.160074 -0.169009 -0.972529
vn -0.159981 -0.169454 -0.972467
vn -0.190701 -0.014431 -0.981542
vn -0.190677 -0.014393 -0.981547
vn -0.862807 -0.176392 -0.473761
vn -0.861828 -0.180669 -0.473932
vn -0.889391 -0.028233 -0.456275
vn -0.889312 -0.028099 -0.456438
vn -0.953420 -0.089328 0.288114
vn -0.953701 -0.084913 0.288519
vn -0.955630 -0.013376 0.294267
vn -0.955630 -0.013376 0.294267
vn -0.593923 -0.114726 0.796300
vn -0.594303 -0.111639 0.796455
vn -0.603365 -0.013377 0.797353
vn -0.603365 -0.013377 0.797353
vn 0.149154 -0.235771 0.960294
vn 0.148195 -0.225080 0.963004
vn 0.124652 -0.043030 0.991267
vn 0.124536 -0.042844 0.991290
vn 0.839872 -0.189314 0.508700
vn 0.839740 -0.190236 0.508573
vn 0.853995 -0.022426 0.519797
vn 0.854115 -0.022129 0.519613
vn 0.807151 -0.536149 -0.247086
vn 0.802334 -0.544000 -0.245610
vn 0.505212 -0.544000 -0.669944
vn 0.508247 -0.536149 -0.673965
vn -0.091417 -0.492440 -0.865532
vn -0.095792 -0.468490 -0.878260
vn -0.752082 -0.486311 -0.444831
vn -0.745888 -0.498482 -0.441776
vn -0.947933 -0.147550 0.282226
vn -0.947933 -0.147550 0.282226
vn -0.581848 -0.195472 0.789458
vn -0.581848 -0.195472 0.789458
vn 0.154913 -0.544672 0.824217
vn 0.155883 -0.530631 0.833145
vn 0.746382 -0.498800 0.440582
vn 0.743187 -0.505212 0.438672
vn 0.552590 -0.816124 -0.169077
vn 0.552590 -0.816124 -0.169077
vn 0.347876 -0.816124 -0.461437
vn 0.347876 -0.816124 -0.461437
vn -0.007642 -0.834267 -0.551308
vn -0.007642 -0.834267 -0.551308
vn -0.442386 -0.851036 -0.282900
vn -0.442386 -0.851036 -0.282900
vn -0.502245 -0.855501 0.125967
vn -0.502245 -0.855501 0.125967
vn -0.502245 -0.855501 0.125967
vn -0.502245 -0.855501 0.125967
vn -0.290148 -0.855502 0.428872
vn -0.290148 -0.855502 0.428872
vn -0.290148 -0.855501 0.428872
vn -0.290148 -0.855502 0.428872
vn 0.114534 -0.851036 0.512464
vn 0.114534 -0.851036 0.512464
vn 0.468050 -0.839882 0.274823
vn 0.468050 -0.839882 0.274823
vn 0.964281 -0.002273 -0.264870
vn 0.964172 -0.002922 -0.265264
vn 0.965570 0.005593 -0.260083
vn 0.965570 0.005593 -0.260083
vn 0.577260 0.001567 -0.816559
vn 0.577105 0.001807 -0.816668
vn 0.574642 0.005593 -0.818386
vn 0.574642 0.005593 -0.818386
vn -0.175912 -0.019487 -0.984213
vn -0.175301 -0.017687 -0.984356
vn -0.307326 -0.251123 -0.917872
vn -0.304904 -0.246530 -0.919922
vn -0.895259 -0.016219 -0.445252
vn -0.895386 -0.015374 -0.445025
vn -0.804280 0.207574 -0.556818
vn -0.822465 0.174144 -0.541504
vn -0.948878 0.003098 0.315628
vn -0.948749 0.003385 0.316014
vn -0.946415 0.008489 0.322842
vn -0.946415 0.008489 0.322842
vn -0.621447 0.003385 0.783449
vn -0.621129 0.003097 0.783703
vn -0.627065 0.008489 0.778921
vn -0.627065 0.008489 0.778921
vn 0.111947 -0.015374 0.993595
vn 0.112204 -0.016219 0.993553
vn 0.227548 0.174143 0.958069
vn 0.248158 0.207574 0.946219
vn 0.865036 -0.017686 0.501398
vn 0.864692 -0.019486 0.501924
vn 0.760161 -0.246530 0.601148
vn 0.757406 -0.251123 0.602722
vn 0.423168 -0.901295 0.092713
vn 0.423168 -0.901295 0.092713
vn 0.380288 -0.909982 0.165270
vn 0.384125 -0.909486 0.159008
vn 0.057610 -0.901295 -0.429358
vn 0.057610 -0.901295 -0.429358
vn -0.018040 -0.909486 -0.415344
vn -0.025237 -0.909982 -0.413880
vn -0.433926 -0.425805 -0.793976
vn -0.438978 -0.424100 -0.792109
vn -0.718561 0.365750 -0.591521
vn -0.719742 0.367359 -0.589083
vn -0.516531 0.856246 0.006284
vn -0.516531 0.856246 0.006284
vn -0.519952 0.854011 0.017744
vn -0.520086 0.853920 0.018199
vn -0.182569 0.856246 0.483230
vn -0.182569 0.856246 0.483230
vn -0.194982 0.853920 0.482496
vn -0.194509 0.854012 0.482525
vn 0.307390 0.367359 0.877815
vn 0.310085 0.365750 0.877539
vn 0.594200 -0.424100 0.683422
vn 0.597682 -0.425805 0.679313
vn 0.575029 -0.414639 0.705277
vn 0.575029 -0.414639 0.705277
vn 0.284663 0.380715 0.879786
vn 0.284663 0.380715 0.879786
vn -0.205177 0.851903 0.481833
vn -0.205177 0.851903 0.481833
vn -0.522950 0.851903 0.028005
vn -0.522950 0.851903 0.028005
vn -0.729368 0.380715 -0.568399
vn -0.729368 0.380715 -0.568400
vn -0.466072 -0.414639 -0.781570
vn -0.466072 -0.414639 -0.781570
vn -0.089359 -0.912222 -0.399832
vn -0.089359 -0.912222 -0.399832
vn 0.345157 -0.912222 0.220720
vn 0.345157 -0.912222 0.220720
vn 0.858983 -0.024443 0.511421
vn 0.859045 -0.024705 0.511304
vn 0.116988 -0.030306 0.992671
vn 0.116999 -0.030328 0.992669
vn -0.603418 -0.020078 0.797172
vn -0.599717 -0.028950 0.799689
vn -0.605273 -0.019531 0.795779
vn -0.605261 -0.019610 0.795786
vn -0.955834 -0.030594 0.292312
vn -0.955297 -0.024125 0.294663
vn -0.954805 -0.019610 0.296584
vn -0.954803 -0.019531 0.296598
vn -0.892788 -0.030328 -0.449456
vn -0.892793 -0.030306 -0.449446
vn -0.186658 -0.024705 -0.982114
vn -0.186789 -0.024443 -0.982096
vn 0.582636 0.007034 -0.812703
vn 0.582676 0.007210 -0.812672
vn 0.961713 0.007231 -0.273965
vn 0.961733 0.006820 -0.273904
vn -0.958325 -0.024201 0.284655
vn -0.955723 0.000816 0.294266
vn -0.951964 -0.102652 0.288492
vn -0.952970 -0.098038 0.286768
vn -0.576418 -0.120084 0.808284
vn -0.585304 -0.014052 0.810692
vn -0.575946 -0.118390 0.808870
vn -0.601802 0.024481 0.798270
vn -0.940325 -0.159585 0.300536
vn -0.940833 -0.158550 0.299493
vn -0.948315 -0.142678 0.283446
vn -0.948315 -0.142678 0.283446
vn -0.585349 -0.180467 0.790442
vn -0.591968 -0.193669 0.782347
vn -0.591845 -0.193421 0.782501
vn -0.585349 -0.180467 0.790442
vn -0.031549 -0.999493 -0.004403
vn 0.115873 -0.981592 0.151823
vn 0.115873 -0.981592 0.151824
vn -0.006342 -0.999729 0.022406
vn 0.393266 -0.341840 0.853515
vn 0.393266 -0.341840 0.853515
vn 0.393266 -0.341840 0.853515
vn 0.393266 -0.341840 0.853515
vn -0.828219 -0.321282 -0.459163
vn -0.828219 -0.321282 -0.459163
vn -0.828219 -0.321282 -0.459163
vn -0.828219 -0.321282 -0.459163
vn -0.136670 -0.983727 -0.116634
vn -0.136670 -0.983727 -0.116634
vn 0.784610 0.250755 0.567018
vn 0.784610 0.250755 0.567018
vn 0.784610 0.250755 0.567018
vn 0.784610 0.250755 0.567018
vn 0.148105 0.988872 0.014051
vn -0.008806 0.999333 -0.035438
vn 0.066348 0.997726 -0.011846
vn 0.148105 0.988872 0.014051
vn -0.038110 0.998279 -0.044581
vn -0.038110 0.998279 -0.044581
vn -0.933692 0.238459 -0.267128
vn -0.933692 0.238459 -0.267128
vn -0.933692 0.238459 -0.267128
vn -0.933692 0.238459 -0.267128
vn -0.937983 -0.153647 0.310775
vn -0.999120 -0.017109 0.038299
vn -0.986851 0.073985 -0.143709
vn -0.937983 -0.153647 0.310775
vn -0.900776 -0.181749 -0.394424
vn -0.909732 -0.132330 -0.393544
vn 0.601082 -0.305629 0.738439
vn -0.216070 -0.043437 0.975411
vn -0.328282 -0.132471 0.935244
vn 0.544619 -0.244618 0.802217
vn -0.608103 -0.370677 0.702004
vn -0.608103 -0.370677 0.702004
vn -0.701049 -0.585598 -0.406946
vn -0.309975 -0.891004 -0.331704
vn 0.202124 -0.966954 -0.155387
vn 0.202124 -0.966954 -0.155387
vn 0.220946 -0.964459 -0.144923
vn 0.433640 -0.888237 0.151630
vn 0.493974 -0.832606 0.250514
vn 0.220946 -0.964459 -0.144923
vn 0.017548 0.999771 -0.012289
vn -0.087057 0.983098 -0.161059
vn -0.087057 0.983098 -0.161059
vn 0.017548 0.999771 -0.012290
vn -0.232458 0.317061 -0.919476
vn -0.232458 0.317061 -0.919476
vn -0.232458 0.317061 -0.919476
vn -0.232458 0.317061 -0.919476
vn 0.784523 0.317059 0.532914
vn 0.784523 0.317059 0.532914
vn 0.784523 0.317059 0.532914
vn 0.784523 0.317059 0.532914
vn 0.121567 0.983099 0.136887
vn 0.121567 0.983099 0.136887
vn -0.208682 -0.176151 -0.961989
vn -0.208682 -0.176151 -0.961989
vn -0.208682 -0.176151 -0.961989
vn -0.208682 -0.176151 -0.961989
vn 0.075188 -0.985045 -0.155027
vn 0.123727 -0.988527 -0.086633
vn 0.123727 -0.988527 -0.086633
vn 0.075188 -0.985045 -0.155027
vn 0.171395 -0.985045 -0.017629
vn 0.171395 -0.985045 -0.017629
vn 0.810940 -0.311910 0.495065
vn 0.810940 -0.311910 0.495065
vn 0.810940 -0.311910 0.495065
vn 0.810940 -0.311910 0.495065
vn -0.054170 -0.997291 -0.049764
vn -0.016672 -0.999754 0.014656
vn -0.072157 -0.996425 0.043944
vn -0.109577 -0.993837 -0.016770
vn 0.033615 -0.996868 0.071588
vn -0.024117 -0.992395 0.120709
vn 0.057084 -0.997569 -0.039970
vn 0.022440 -0.995241 -0.094823
vn 0.094201 -0.995364 0.019415
vn -0.849088 -0.232111 -0.474526
vn -0.849515 -0.230065 -0.474757
vn -0.869232 0.009275 -0.494318
vn -0.869089 0.010526 -0.494544
vn -0.960660 -0.230065 0.155574
vn -0.960179 -0.232111 0.155503
vn -0.986139 0.012212 0.165470
vn -0.986164 0.011549 0.165370
vn -0.529936 -0.176905 0.829381
vn -0.529776 -0.181912 0.828399
vn -0.532984 -0.017897 0.845936
vn -0.532763 -0.018127 0.846070
vn 0.244084 -0.175097 0.953816
vn 0.242335 -0.185015 0.952388
vn 0.274644 -0.031931 0.961016
vn 0.274588 -0.031846 0.961035
vn 0.869937 -0.066358 0.488678
vn 0.869943 -0.066294 0.488676
vn 0.873280 -0.013423 0.487033
vn 0.873280 -0.013423 0.487033
vn 0.984679 -0.065443 -0.161630
vn 0.984665 -0.065640 -0.161639
vn 0.987190 -0.013421 -0.158982
vn 0.987190 -0.013421 -0.158982
vn 0.547990 -0.192481 -0.814038
vn 0.550252 -0.182214 -0.814875
vn 0.584173 -0.027344 -0.811168
vn 0.584125 -0.027358 -0.811202
vn -0.208566 -0.184921 -0.960367
vn -0.208467 -0.179926 -0.961337
vn -0.208924 -0.026443 -0.977574
vn -0.209206 -0.026407 -0.977515
vn -0.733633 -0.541290 -0.410838
vn -0.732193 -0.543845 -0.410033
vn -0.828275 -0.543845 0.134880
vn -0.829904 -0.541290 0.135144
vn -0.483800 -0.484439 0.728874
vn -0.485026 -0.480502 0.730663
vn 0.191054 -0.487389 0.852027
vn 0.189773 -0.495350 0.847711
vn 0.865236 -0.110683 0.488996
vn 0.865236 -0.110683 0.488996
vn 0.980474 -0.109231 -0.163524
vn 0.980474 -0.109231 -0.163524
vn 0.462783 -0.498631 -0.732939
vn 0.465115 -0.491746 -0.736107
vn -0.195799 -0.482790 -0.853567
vn -0.195545 -0.484561 -0.852621
vn -0.503023 -0.817045 -0.281791
vn -0.503023 -0.817045 -0.281791
vn -0.569065 -0.817045 0.092753
vn -0.569065 -0.817045 0.092753
vn -0.297686 -0.839508 0.454543
vn -0.297686 -0.839508 0.454543
vn 0.093873 -0.863083 0.496261
vn 0.093873 -0.863083 0.496261
vn 0.426959 -0.868304 0.252494
vn 0.426959 -0.868304 0.252494
vn 0.426959 -0.868305 0.252494
vn 0.426959 -0.868305 0.252494
vn 0.487569 -0.868304 -0.091238
vn 0.487569 -0.868304 -0.091238
vn 0.487569 -0.868304 -0.091238
vn 0.487569 -0.868304 -0.091238
vn 0.254732 -0.863009 -0.436265
vn 0.254732 -0.863009 -0.436265
vn -0.113160 -0.839483 -0.531473
vn -0.113160 -0.839482 -0.531473
vn -0.872677 0.033660 -0.487137
vn -0.872548 0.028768 -0.487681
vn -0.871963 0.109492 -0.477170
vn -0.871963 0.109492 -0.477170
vn -0.984496 0.035815 0.171712
vn -0.984407 0.038964 0.171539
vn -0.982298 0.080626 0.169087
vn -0.982298 0.080626 0.169087
vn -0.564741 0.003535 0.825261
vn -0.566055 0.009024 0.824318
vn -0.453151 -0.183050 0.872437
vn -0.450904 -0.186650 0.872839
vn 0.273007 -0.003246 0.962007
vn 0.271767 0.000756 0.962363
vn 0.083843 0.213487 0.973342
vn 0.126676 0.170026 0.977264
vn 0.892335 -0.010959 0.451242
vn 0.892560 -0.010642 0.450802
vn 0.895577 -0.006366 0.444862
vn 0.895577 -0.006366 0.444862
vn 0.990917 -0.013984 -0.133746
vn 0.990849 -0.013801 -0.134265
vn 0.991825 -0.016522 -0.126529
vn 0.991825 -0.016522 -0.126529
vn 0.589551 -0.006518 -0.807705
vn 0.590580 -0.008363 -0.806935
vn 0.455042 0.157845 -0.876368
vn 0.410511 0.204736 -0.888574
vn -0.240311 0.009802 -0.970646
vn -0.238558 0.001592 -0.971127
vn -0.123276 -0.172497 -0.977266
vn -0.123300 -0.172456 -0.977270
vn -0.353706 -0.862808 -0.361186
vn -0.353706 -0.862808 -0.361186
vn -0.262522 -0.924267 -0.277150
vn -0.278915 -0.914748 -0.292307
vn -0.448714 -0.866278 0.219587
vn -0.448714 -0.866278 0.219587
vn -0.358348 -0.916080 0.179956
vn -0.339532 -0.924796 0.171671
vn -0.257520 -0.367948 0.893475
vn -0.247590 -0.367642 0.896403
vn 0.036623 0.281462 0.958873
vn 0.033876 0.282921 0.958545
vn 0.344956 0.859957 0.376138
vn 0.344956 0.859957 0.376138
vn 0.434629 0.815455 0.382271
vn 0.434909 0.815299 0.382284
vn 0.451376 0.860243 -0.237156
vn 0.451376 0.860243 -0.237156
vn 0.538529 0.815665 -0.211373
vn 0.538727 0.815550 -0.211310
vn 0.356937 0.281197 -0.890800
vn 0.359986 0.279777 -0.890020
vn 0.073147 -0.364484 -0.928332
vn 0.062679 -0.364137 -0.929234
vn 0.124015 -0.365596 -0.922475
vn 0.124015 -0.365596 -0.922475
vn 0.399352 0.260951 -0.878876
vn 0.399352 0.260951 -0.878876
vn 0.609832 0.770107 -0.187192
vn 0.609832 0.770106 -0.187192
vn 0.509031 0.770106 0.384478
vn 0.509031 0.770106 0.384478
vn 0.074675 0.260952 0.962459
vn 0.074675 0.260952 0.962459
vn -0.198970 -0.365596 0.909258
vn -0.198970 -0.365596 0.909258
vn -0.249496 -0.959354 0.131875
vn -0.249496 -0.959354 0.131875
vn -0.189345 -0.959354 -0.209255
vn -0.189345 -0.959354 -0.209255
vn -0.218772 -0.046048 -0.974689
vn -0.218828 -0.046471 -0.974656
vn 0.598114 -0.028627 -0.800899
vn 0.597924 -0.028502 -0.801046
vn 0.987583 0.003288 -0.157063
vn 0.987522 0.000987 -0.157480
vn 0.987891 -0.000226 -0.155148
vn 0.987889 -0.000163 -0.155162
vn 0.877036 -0.013123 0.480245
vn 0.876336 -0.011806 0.481556
vn 0.880690 -0.015750 0.473432
vn 0.880790 -0.015952 0.473238
vn 0.284889 -0.047622 0.957377
vn 0.284918 -0.047668 0.957366
vn -0.545204 -0.025800 0.837906
vn -0.544852 -0.025148 0.838155
vn -0.984596 0.026511 0.172821
vn -0.984562 0.028129 0.172764
vn -0.866431 0.008607 -0.499223
vn -0.866610 0.004548 -0.498965
vn 0.875796 -0.030955 0.481688
vn 0.872962 -0.024132 0.487190
vn 0.885568 -0.078322 0.457860
vn 0.885208 -0.075783 0.458982
vn 0.985287 -0.082339 -0.149766
vn 0.986814 -0.025077 -0.159906
vn 0.985382 -0.079585 -0.150625
vn 0.987364 -0.013046 -0.157929
vn 0.884619 -0.128221 0.448341
vn 0.884112 -0.127594 0.449518
vn 0.874393 -0.115924 0.471167
vn 0.874393 -0.115924 0.471167
vn 0.980263 -0.139332 -0.140253
vn 0.980523 -0.143689 -0.133900
vn 0.980504 -0.143349 -0.134397
vn 0.980263 -0.139332 -0.140253
vn 0.021993 -0.999749 0.004286
vn 0.055624 -0.980630 -0.187806
vn 0.055624 -0.980630 -0.187806
vn 0.022114 -0.999749 0.003607
vn 0.406581 -0.320178 -0.855674
vn 0.406581 -0.320178 -0.855674
vn 0.406581 -0.320178 -0.855674
vn 0.406581 -0.320178 -0.855674
vn 0.152351 -0.307713 0.939203
vn 0.152351 -0.307713 0.939203
vn 0.152351 -0.307713 0.939203
vn 0.152351 -0.307713 0.939203
vn -0.011980 -0.981035 0.193458
vn -0.011980 -0.981035 0.193458
vn 0.392287 0.268363 -0.879825
vn 0.392287 0.268363 -0.879825
vn 0.392287 0.268363 -0.879825
vn 0.392287 0.268363 -0.879825
vn 0.133103 0.990788 0.024957
vn 0.224438 0.974474 0.005284
vn 0.224110 0.974549 0.005355
vn 0.133103 0.990788 0.024957
vn 0.306011 0.951943 -0.012707
vn 0.306011 0.951943 -0.012707
vn 0.237287 0.248360 0.939155
vn 0.237287 0.248360 0.939155
vn 0.237287 0.248360 0.939155
vn 0.237287 0.248360 0.939155
vn 0.865067 0.015841 0.501406
vn 0.716975 0.078026 0.692718
vn 0.724142 0.075496 0.685507
vn 0.865067 0.015841 0.501406
vn 0.286944 -0.182912 0.940323
vn 0.300949 -0.169313 0.938490
vn 0.407822 -0.190558 -0.892955
vn 0.886350 0.091255 -0.453934
vn 0.891383 0.088774 -0.444473
vn 0.424741 -0.175387 -0.888163
vn 0.985255 0.018133 -0.170131
vn 0.985255 0.018133 -0.170131
vn -0.198914 -0.691943 0.694009
vn -0.527213 -0.841036 0.121261
vn -0.613392 -0.744236 -0.264316
vn -0.613392 -0.744236 -0.264316
vn -0.565135 -0.824955 0.008458
vn -0.222903 -0.781988 -0.582073
vn -0.346038 -0.838099 -0.421720
vn -0.565135 -0.824955 0.008458
vn -0.032815 0.999456 -0.003304
vn -0.074832 0.981522 0.176112
vn -0.074832 0.981522 0.176113
vn -0.032751 0.999457 -0.003572
vn -0.575681 0.304527 0.758851
vn -0.575681 0.304527 0.758851
vn -0.575682 0.304527 0.758851
vn -0.575681 0.304527 0.758851
vn -0.156597 0.302022 -0.940351
vn -0.156597 0.302022 -0.940351
vn -0.156597 0.302022 -0.940351
vn -0.156597 0.302022 -0.940351
vn 0.013067 0.980948 -0.193829
vn 0.013067 0.980948 -0.193829
vn -0.566973 -0.248802 0.785264
vn -0.566973 -0.248802 0.785264
vn -0.566973 -0.248802 0.785264
vn -0.566973 -0.248802 0.785264
vn -0.068737 -0.994113 0.083753
vn -0.133886 -0.990996 -0.000852
vn -0.133942 -0.990989 -0.000926
vn -0.068737 -0.994113 0.083753
vn -0.197465 -0.976584 -0.085391
vn -0.197465 -0.976584 -0.085391
vn -0.247312 -0.249673 -0.936216
vn -0.247312 -0.249673 -0.936216
vn -0.247312 -0.249673 -0.936216
vn -0.247312 -0.249673 -0.936216
vn 0.026659 -0.998141 0.054809
vn 0.035994 -0.999333 0.006238
vn 0.051241 -0.998643 0.009280
vn 0.041670 -0.997166 0.062635
vn 0.044027 -0.998111 -0.042855
vn 0.060858 -0.997121 -0.045228
vn 0.015594 -0.999875 0.002750
vn 0.007868 -0.998956 0.044996
vn 0.023367 -0.998929 -0.039927
vn 0.455967 -0.229113 -0.860001
vn 0.455845 -0.230240 -0.859764
vn 0.467531 -0.001901 -0.883975
vn 0.467522 -0.001274 -0.883980
vn -0.134298 -0.230240 -0.963822
vn -0.134331 -0.229113 -0.964086
vn -0.136988 -0.001274 -0.990572
vn -0.136998 -0.001901 -0.990570
vn -0.809498 -0.183478 -0.557718
vn -0.809407 -0.183908 -0.557708
vn -0.830362 -0.033872 -0.556194
vn -0.830432 -0.033465 -0.556114
vn -0.943176 -0.186903 0.274748
vn -0.941652 -0.197064 0.272869
vn -0.950957 -0.043870 0.306196
vn -0.950991 -0.043632 0.306125
vn -0.469424 -0.069745 0.880214
vn -0.469414 -0.069209 0.880262
vn -0.467655 -0.013375 0.883810
vn -0.467655 -0.013375 0.883810
vn 0.140037 -0.069209 0.987725
vn 0.140063 -0.069746 0.987683
vn 0.137170 -0.013376 0.990457
vn 0.137170 -0.013376 0.990457
vn 0.784077 -0.192511 0.590053
vn 0.784535 -0.178992 0.593689
vn 0.763757 -0.031457 0.644737
vn 0.762686 -0.033669 0.645892
vn 0.952500 -0.188371 -0.239292
vn 0.952563 -0.188060 -0.239284
vn 0.970912 -0.036063 -0.236708
vn 0.970858 -0.036388 -0.236878
vn 0.396025 -0.536149 -0.745458
vn 0.393663 -0.544000 -0.741008
vn -0.116482 -0.544000 -0.830961
vn -0.117180 -0.536149 -0.835950
vn -0.697819 -0.500318 -0.512572
vn -0.704828 -0.486028 -0.516715
vn -0.839505 -0.498743 0.215609
vn -0.831058 -0.513891 0.212740
vn -0.469765 -0.112849 0.875549
vn -0.469765 -0.112849 0.875549
vn 0.141979 -0.112849 0.983416
vn 0.141979 -0.112849 0.983416
vn 0.704542 -0.521191 0.481643
vn 0.711747 -0.505796 0.487429
vn 0.840331 -0.491005 -0.229689
vn 0.834278 -0.501802 -0.228419
vn 0.271184 -0.816124 -0.510295
vn 0.271184 -0.816124 -0.510295
vn -0.080299 -0.816124 -0.572271
vn -0.080299 -0.816124 -0.572271
vn -0.425669 -0.838398 -0.340433
vn -0.425669 -0.838398 -0.340433
vn -0.512854 -0.851037 0.112773
vn -0.512854 -0.851036 0.112773
vn -0.266067 -0.855502 0.444213
vn -0.266067 -0.855502 0.444213
vn -0.266068 -0.855502 0.444213
vn -0.266068 -0.855502 0.444213
vn 0.098092 -0.855502 0.508424
vn 0.098092 -0.855502 0.508424
vn 0.098092 -0.855502 0.508424
vn 0.098092 -0.855502 0.508424
vn 0.443355 -0.851036 0.281379
vn 0.443355 -0.851036 0.281379
vn 0.520683 -0.839250 -0.156681
vn 0.520683 -0.839250 -0.156681
vn 0.471656 -0.165403 -0.866131
vn 0.471655 -0.169311 -0.865376
vn 0.467877 -0.289603 -0.834997
vn 0.467878 -0.289603 -0.834997
vn -0.147235 -0.169311 -0.974503
vn -0.146978 -0.165403 -0.975213
vn -0.154075 -0.289603 -0.944665
vn -0.154075 -0.289603 -0.944664
vn -0.832771 -0.030410 -0.552782
vn -0.832899 -0.030343 -0.552592
vn -0.872338 -0.228203 -0.432377
vn -0.873215 -0.248282 -0.419347
vn -0.948705 -0.010833 0.315978
vn -0.948689 -0.009564 0.316067
vn -0.962021 0.210755 0.173489
vn -0.964122 0.178079 0.196866
vn -0.445425 0.003248 0.895313
vn -0.445116 0.004149 0.895463
vn -0.441602 0.014316 0.897097
vn -0.441602 0.014316 0.897097
vn 0.114664 -0.008376 0.993369
vn 0.114831 -0.008959 0.993345
vn 0.108146 0.014315 0.994032
vn 0.108146 0.014315 0.994032
vn 0.778071 -0.019316 0.627879
vn 0.777155 -0.022406 0.628911
vn 0.838647 0.178079 0.514742
vn 0.844667 0.210755 0.492057
vn 0.971667 -0.030343 -0.234398
vn 0.971611 -0.030410 -0.234621
vn 0.963979 -0.248282 -0.095400
vn 0.967611 -0.228203 -0.107945
vn 0.432484 -0.802560 -0.410920
vn 0.432484 -0.802560 -0.410920
vn 0.400130 -0.868642 -0.292159
vn 0.399657 -0.869390 -0.290576
vn -0.265859 -0.802560 -0.534056
vn -0.265859 -0.802560 -0.534056
vn -0.276172 -0.869390 -0.409743
vn -0.276075 -0.868642 -0.411392
vn -0.870970 -0.418723 -0.257065
vn -0.871841 -0.418440 -0.254562
vn -0.926368 0.365750 0.089831
vn -0.925479 0.367360 0.092390
vn -0.360800 0.856246 0.369685
vn -0.360800 0.856246 0.369685
vn -0.355114 0.854011 0.380208
vn -0.354888 0.853920 0.380625
vn 0.212600 0.856246 0.470791
vn 0.212600 0.856246 0.470791
vn 0.203303 0.853920 0.479049
vn 0.203659 0.854012 0.478735
vn 0.838067 0.367359 0.403351
vn 0.839777 0.365750 0.401250
vn 0.906328 -0.418440 0.058977
vn 0.906365 -0.418724 0.056327
vn 0.905313 -0.414639 0.092099
vn 0.905313 -0.414639 0.092099
vn 0.823390 0.380715 0.420816
vn 0.823390 0.380715 0.420816
vn 0.195625 0.851903 0.485790
vn 0.195625 0.851903 0.485790
vn -0.349978 0.851903 0.389585
vn -0.349978 0.851903 0.389585
vn -0.917660 0.380716 0.113822
vn -0.917660 0.380716 0.113822
vn -0.882216 -0.414639 -0.223091
vn -0.882216 -0.414639 -0.223091
vn -0.280024 -0.904829 -0.320734
vn -0.280024 -0.904829 -0.320734
vn 0.372834 -0.904829 -0.205618
vn 0.372834 -0.904829 -0.205618
vn 0.968500 -0.040533 -0.245693
vn 0.968470 -0.040400 -0.245832
vn 0.756071 -0.062588 0.651490
vn 0.756573 -0.062606 0.650905
vn 0.139117 -0.012370 0.990199
vn 0.144117 -0.026749 0.989199
vn 0.133934 -0.062870 0.988994
vn 0.134007 -0.062685 0.988996
vn -0.450372 -0.044946 0.891709
vn -0.449963 -0.034296 0.892389
vn -0.450884 -0.038924 0.891733
vn -0.450598 -0.040030 0.891829
vn -0.948572 -0.045294 0.313303
vn -0.948576 -0.045108 0.313319
vn -0.825985 -0.040400 -0.562243
vn -0.826060 -0.040533 -0.562123
vn -0.137085 -0.004094 -0.990551
vn -0.137073 -0.003341 -0.990555
vn 0.467596 -0.003341 -0.883936
vn 0.467606 -0.004094 -0.883927
vn -0.465211 0.008682 0.885157
vn -0.460822 0.041336 0.886529
vn -0.453552 -0.088881 0.886787
vn -0.454748 -0.085814 0.886476
vn 0.167046 -0.064874 0.983813
vn 0.174085 0.093897 0.980244
vn 0.169849 -0.061072 0.983576
vn 0.147023 0.155868 0.976775
vn -0.445305 -0.143471 0.883810
vn -0.446175 -0.142721 0.883492
vn -0.470461 -0.121467 0.874021
vn -0.470461 -0.121467 0.874021
vn 0.143156 -0.121470 0.982218
vn 0.114848 -0.145566 0.982660
vn 0.116063 -0.144540 0.982669
vn 0.143156 -0.121470 0.982218
vn -0.003899 -0.999748 0.022116
vn 0.174753 -0.983172 0.053238
vn 0.174753 -0.983172 0.053238
vn -0.003898 -0.999748 0.022116
vn 0.680347 -0.323180 0.657787
vn 0.680347 -0.323180 0.657787
vn 0.680347 -0.323180 0.657787
vn 0.680347 -0.323180 0.657787
vn -0.911159 -0.321316 0.257964
vn -0.911159 -0.321316 0.257964
vn -0.911159 -0.321316 0.257964
vn -0.911159 -0.321316 0.257964
vn -0.182422 -0.983172 -0.009739
vn -0.182422 -0.983172 -0.009739
vn -0.422851 -0.139011 0.895474
vn -0.422851 -0.139011 0.895474
vn -0.422851 -0.139011 0.895474
vn -0.422851 -0.139011 0.895474
vn -0.211590 -0.935311 0.283589
vn -0.076081 -0.965070 0.250703
vn 0.002609 -0.973313 0.229469
vn -0.211590 -0.935311 0.283589
vn 0.085374 -0.974933 0.205467
vn 0.085374 -0.974933 0.205467
vn 0.458456 -0.241735 0.855209
vn 0.458456 -0.241735 0.855209
vn 0.458456 -0.241735 0.855209
vn 0.458456 -0.241735 0.855209
vn -0.477028 0.018074 0.878702
vn -0.476840 0.005814 0.878971
vn -0.476862 0.007021 0.878950
vn -0.477028 0.018074 0.878702
vn -0.740624 -0.129713 0.659281
vn -0.738617 -0.128668 0.661732
vn 0.470484 -0.129704 0.872824
vn 0.147492 0.005811 0.989046
vn 0.147517 0.007017 0.989035
vn 0.467761 -0.128660 0.874441
vn 0.147733 0.018070 0.988862
vn 0.147733 0.018070 0.988862
vn 0.338558 -0.073961 -0.938034
vn 0.465709 -0.022379 -0.884655
vn 0.470688 -0.020261 -0.882067
vn 0.470688 -0.020261 -0.882067
vn -0.140617 -0.020261 -0.989857
vn 0.002672 -0.073956 -0.997258
vn -0.135053 -0.022378 -0.990586
vn -0.140617 -0.020261 -0.989857
vn 0.003724 0.999770 -0.021100
vn -0.175439 0.983099 -0.052330
vn -0.175439 0.983099 -0.052330
vn 0.003725 0.999770 -0.021100
vn -0.814545 0.317063 -0.485785
vn -0.814545 0.317063 -0.485785
vn -0.814545 0.317063 -0.485785
vn -0.814545 0.317063 -0.485785
vn 0.931571 0.317062 -0.177896
vn 0.931571 0.317062 -0.177896
vn 0.931571 0.317061 -0.177896
vn 0.931571 0.317062 -0.177896
vn 0.182762 0.983098 0.010834
vn 0.182762 0.983097 0.010834
vn -0.811044 -0.246719 -0.530413
vn -0.811044 -0.246719 -0.530413
vn -0.811044 -0.246719 -0.530413
vn -0.811044 -0.246719 -0.530413
vn -0.033091 -0.987514 -0.154015
vn 0.025383 -0.989257 -0.143966
vn 0.025383 -0.989257 -0.143966
vn -0.033091 -0.987514 -0.154015
vn 0.083767 -0.987515 -0.133410
vn 0.083767 -0.987515 -0.133410
vn 0.943543 -0.246722 -0.221033
vn 0.943543 -0.246722 -0.221033
vn 0.943543 -0.246722 -0.221033
vn 0.943543 -0.246722 -0.221033
vn -0.076300 -0.997032 0.010253
vn -0.003544 -0.999834 0.017866
vn -0.013429 -0.997006 0.076157
vn -0.085975 -0.994294 0.063151
vn 0.068047 -0.997055 0.035357
vn 0.059191 -0.994294 0.088748
vn 0.012873 -0.997721 -0.066234
vn -0.059168 -0.994984 -0.080662
vn 0.082074 -0.995268 -0.052023
vn 0.799806 -0.300914 -0.519385
vn 0.743056 -0.274662 -0.610269
vn 0.786283 -0.074517 -0.613357
vn 0.863984 -0.085123 -0.496272
vn 0.511012 -0.247413 -0.823197
vn 0.535496 -0.092694 -0.839436
vn 0.171588 -0.272830 -0.946637
vn 0.172419 -0.099198 -0.980016
vn -0.178807 -0.297155 -0.937938
vn -0.216146 -0.100556 -0.971169
vn -0.533779 -0.289069 -0.794682
vn -0.573705 -0.091938 -0.813885
vn -0.660945 -0.267789 -0.701028
vn -0.708873 -0.091408 -0.699388
vn 0.481889 -0.287075 0.827872
vn 0.557594 -0.279132 0.781776
vn 0.579291 -0.069781 0.812128
vn 0.492669 -0.071112 0.867306
vn 0.632534 -0.268380 0.726548
vn 0.660096 -0.069982 0.747915
vn 0.984793 -0.005380 0.173646
vn 0.951294 0.010915 -0.308091
vn 0.976189 -0.014776 -0.216416
vn 0.984700 -0.014776 0.173630
vn 0.786318 0.010985 0.617724
vn 0.843299 -0.014776 0.537241
vn 0.577464 0.022942 0.816094
vn 0.573514 -0.014776 0.819063
vn 0.314398 0.014712 0.949177
vn 0.216416 -0.014776 0.976189
vn -0.173646 -0.005379 0.984793
vn -0.173629 -0.014776 0.984700
vn -0.537292 -0.005379 0.843379
vn -0.537241 -0.014776 0.843299
vn -0.819140 -0.005379 0.573568
vn -0.819063 -0.014776 0.573514
vn -0.976282 -0.005379 0.216436
vn -0.976190 -0.014776 0.216416
vn -0.984793 -0.005379 -0.173646
vn -0.984700 -0.014776 -0.173630
vn -0.798626 -0.011355 -0.601721
vn -0.843299 -0.014776 -0.537241
vn -0.577392 -0.014391 -0.816340
vn -0.573513 -0.014776 -0.819063
vn -0.220267 -0.015134 -0.975322
vn -0.216415 -0.014776 -0.976190
vn 0.173628 -0.015486 -0.984690
vn 0.173630 -0.014776 -0.984700
vn 0.540564 -0.015134 -0.841167
vn 0.537241 -0.014776 -0.843299
vn 0.806700 0.002602 -0.590955
vn 0.819063 -0.014776 -0.573513
vn -0.134116 -0.977834 -0.160793
vn -0.252602 -0.953592 -0.163876
vn -0.193913 -0.967766 -0.160707
vn -0.118826 -0.981664 -0.149054
vn -0.032080 -0.988114 -0.150340
vn -0.051137 -0.991014 -0.123596
vn -0.004282 -0.988726 -0.149677
vn -0.012054 -0.994275 -0.106168
vn 0.005338 -0.988689 -0.149883
vn 0.019777 -0.993149 -0.115172
vn 0.059186 -0.987072 -0.148946
vn 0.062989 -0.989298 -0.131616
vn 0.149442 -0.979696 -0.133651
vn 0.120777 -0.983576 -0.134132
vn 0.205735 -0.964741 -0.164160
vn 0.159318 -0.972238 -0.171383
vn 0.198856 -0.958616 -0.203744
vn 0.147822 -0.966825 -0.208320
vn 0.129266 -0.969522 -0.208128
vn 0.107818 -0.972886 -0.204617
vn 0.055360 -0.979310 -0.194644
vn 0.060439 -0.975589 -0.211126
vn 0.123955 -0.984203 -0.126408
vn 0.110380 -0.979360 -0.169325
vn 0.161567 -0.985589 -0.050102
vn 0.139164 -0.986387 -0.087599
vn 0.050440 -0.998710 -0.005856
vn 0.041345 -0.998275 -0.041696
vn -0.092608 -0.995699 0.002536
vn -0.078719 -0.996094 -0.039997
vn -0.237963 -0.967471 -0.085865
vn -0.188228 -0.976289 -0.106909
vn -0.083571 -0.984836 -0.152030
vn -0.091267 -0.987759 -0.126497
vn -0.087003 -0.993635 -0.071557
vn -0.026647 -0.999400 -0.022131
vn 0.047168 -0.997730 -0.048060
vn 0.069963 -0.992693 -0.098313
vn 0.068078 -0.988668 -0.133793
vn 0.070145 -0.980008 -0.186183
vn 0.046613 -0.975384 -0.215531
vn 0.067878 -0.977950 -0.197499
vn 0.070206 -0.967806 -0.241706
vn 0.079986 -0.964607 -0.251267
vn 0.094932 -0.983145 -0.156252
vn 0.022534 -0.993861 -0.108315
vn -0.055260 -0.991104 -0.121074
vn -0.091165 -0.984674 -0.148679
vn -0.087227 -0.982128 -0.166783
vn -0.065057 -0.983550 -0.168512
vn -0.050677 -0.983561 -0.173322
vn -0.047534 -0.983380 -0.175227
vn -0.000004 -0.984808 -0.173649
vn -0.000000 -0.984808 -0.173649
vn 0.051965 -0.985688 -0.160369
vn 0.045380 -0.986221 -0.159087
vn 0.069936 -0.985138 -0.156880
vn 0.080229 -0.987235 -0.137586
vn -0.030146 -0.982174 -0.185540
vn -0.033153 -0.984479 -0.172341
vn -0.002194 -0.984126 -0.177460
vn -0.001343 -0.981090 -0.193548
vn 0.004746 -0.979784 -0.200001
vn 0.006153 -0.978114 -0.207980
vn 0.059461 -0.978965 -0.195170
vn 0.069394 -0.974690 -0.212519
vn 0.075835 -0.977698 -0.195844
vn 0.108404 -0.969446 -0.220051
vn 0.017893 -0.983092 -0.182237
vn 0.009373 -0.981457 -0.191451
vn 0.003968 -0.980644 -0.195759
vn 0.051330 -0.978355 -0.200464
vn 0.157315 -0.965317 -0.208364
vn -0.302747 -0.950711 0.067023
vn -0.302747 -0.950711 0.067023
vn -0.302747 -0.950711 0.067023
vn -0.302747 -0.950711 0.067023
vn 0.247685 -0.381801 0.890438
vn 0.247685 -0.381801 0.890438
vn 0.247685 -0.381801 0.890438
vn 0.247685 -0.381801 0.890438
vn 0.461900 0.149980 0.874159
vn 0.461900 0.149980 0.874159
vn 0.461900 0.149980 0.874159
vn 0.461900 0.149980 0.874159
vn 0.696006 0.650945 0.303063
vn 0.696006 0.650945 0.303063
vn 0.696006 0.650945 0.303063
vn 0.696006 0.650945 0.303063
vn 0.757685 0.650945 -0.046737
vn 0.757685 0.650945 -0.046737
vn 0.757685 0.650945 -0.046737
vn 0.757685 0.650945 -0.046737
vn 0.731722 0.149450 -0.665017
vn 0.731722 0.149450 -0.665017
vn 0.731722 0.149450 -0.665017
vn 0.731722 0.149450 -0.665017
vn 0.538497 -0.379274 -0.752445
vn 0.538497 -0.379274 -0.752445
vn 0.538497 -0.379274 -0.752445
vn 0.538497 -0.379274 -0.752445
vn -0.263542 -0.948750 -0.174409
vn -0.263542 -0.948750 -0.174409
vn -0.263542 -0.948750 -0.174409
vn -0.263542 -0.948750 -0.174409
vn 0.975852 -0.030163 -0.216341
vn 0.984360 -0.030163 0.173569
vn 0.843008 -0.030163 0.537055
vn 0.573315 -0.030163 0.818779
vn 0.216341 -0.030163 0.975852
vn -0.173569 -0.030163 0.984360
vn -0.537055 -0.030163 0.843008
vn -0.818779 -0.030163 0.573315
vn -0.975852 -0.030163 0.216341
vn -0.984360 -0.030163 -0.173570
vn -0.843008 -0.030163 -0.537055
vn -0.573315 -0.030163 -0.818780
vn -0.216340 -0.030163 -0.975852
vn 0.173570 -0.030163 -0.984360
vn 0.537055 -0.030163 -0.843008
vn 0.818780 -0.030163 -0.573315
vn 0.975504 -0.040282 -0.216264
vn 0.984008 -0.040282 0.173507
vn 0.842707 -0.040283 0.536863
vn 0.573111 -0.040283 0.818487
vn 0.216264 -0.040283 0.975504
vn -0.173507 -0.040282 0.984008
vn -0.536864 -0.040282 0.842707
vn -0.818487 -0.040282 0.573111
vn -0.975504 -0.040282 0.216264
vn -0.984008 -0.040282 -0.173508
vn -0.842707 -0.040282 -0.536864
vn -0.573111 -0.040282 -0.818487
vn -0.216263 -0.040283 -0.975504
vn 0.173508 -0.040283 -0.984008
vn 0.536864 -0.040282 -0.842707
vn 0.818487 -0.040282 -0.573111
vn 0.975199 -0.047396 -0.216196
vn 0.983701 -0.047396 0.173453
vn 0.842444 -0.047396 0.536696
vn 0.572932 -0.047396 0.818232
vn 0.216196 -0.047396 0.975199
vn -0.173453 -0.047396 0.983701
vn -0.536696 -0.047396 0.842444
vn -0.818232 -0.047396 0.572931
vn -0.975199 -0.047396 0.216196
vn -0.983701 -0.047396 -0.173453
vn -0.842443 -0.047396 -0.536696
vn -0.572932 -0.047396 -0.818232
vn -0.216196 -0.047396 -0.975199
vn 0.173454 -0.047396 -0.983701
vn 0.536696 -0.047396 -0.842443
vn 0.818232 -0.047396 -0.572931
vn 0.974912 -0.053229 -0.216133
vn 0.983412 -0.053229 0.173402
vn 0.842196 -0.053229 0.536538
vn 0.572763 -0.053229 0.817991
vn 0.216132 -0.053229 0.974912
vn -0.173402 -0.053229 0.983412
vn -0.536538 -0.053229 0.842196
vn -0.817991 -0.053229 0.572763
vn -0.974912 -0.053229 0.216132
vn -0.983412 -0.053229 -0.173402
vn -0.842196 -0.053229 -0.536538
vn -0.572763 -0.053229 -0.817991
vn -0.216132 -0.053229 -0.974912
vn 0.173403 -0.053229 -0.983411
vn 0.536538 -0.053229 -0.842196
vn 0.817991 -0.053229 -0.572763
vn 0.974372 -0.062750 -0.216013
vn 0.982867 -0.062750 0.173306
vn 0.841729 -0.062750 0.536241
vn 0.572446 -0.062750 0.817538
vn 0.216013 -0.062750 0.974372
vn -0.173306 -0.062750 0.982867
vn -0.536241 -0.062750 0.841729
vn -0.817538 -0.062750 0.572446
vn -0.974372 -0.062750 0.216013
vn -0.982867 -0.062750 -0.173306
vn -0.841729 -0.062750 -0.536241
vn -0.572446 -0.062750 -0.817538
vn -0.216012 -0.062750 -0.974372
vn 0.173307 -0.062750 -0.982867
vn 0.536241 -0.062750 -0.841729
vn 0.817538 -0.062750 -0.572446
vn 0.971005 0.103971 -0.215266
vn 0.979470 0.103971 0.172707
vn 0.838820 0.103971 0.534388
vn 0.570468 0.103971 0.814712
vn 0.215267 0.103971 0.971005
vn -0.172707 0.103971 0.979470
vn -0.534388 0.103971 0.838820
vn -0.814713 0.103971 0.570468
vn -0.971005 0.103971 0.215266
vn -0.979470 0.103971 -0.172707
vn -0.838821 0.103971 -0.534388
vn -0.570468 0.103971 -0.814713
vn -0.215266 0.103971 -0.971005
vn 0.172708 0.103971 -0.979470
vn 0.534388 0.103971 -0.838820
vn 0.814713 0.103971 -0.570467
vn -0.211811 -0.946334 0.244106
vn -0.211811 -0.946334 0.244106
vn -0.211811 -0.946334 0.244106
vn -0.211811 -0.946334 0.244106
vn -0.876239 -0.369826 0.308923
vn -0.876239 -0.369826 0.308923
vn -0.876239 -0.369826 0.308923
vn -0.876239 -0.369826 0.308923
vn -0.773281 0.229710 0.590990
vn -0.773281 0.229710 0.590990
vn -0.773281 0.229709 0.590990
vn -0.773282 0.229710 0.590990
vn -0.312889 0.461463 0.830152
vn -0.312889 0.461463 0.830152
vn -0.312889 0.461463 0.830152
vn -0.312889 0.461463 0.830152
vn 0.010090 0.461463 0.887102
vn 0.010090 0.461463 0.887102
vn 0.010090 0.461463 0.887102
vn 0.010090 0.461463 0.887102
vn 0.648388 0.199568 0.734688
vn 0.648388 0.199568 0.734688
vn 0.648388 0.199568 0.734688
vn 0.648388 0.199568 0.734688
vn 0.766246 -0.416304 0.489447
vn 0.766246 -0.416304 0.489447
vn 0.766246 -0.416304 0.489447
vn 0.766246 -0.416304 0.489447
vn 0.269789 -0.959305 0.083357
vn 0.269789 -0.959305 0.083357
vn 0.269789 -0.959305 0.083357
vn 0.269789 -0.959305 0.083357
vn -0.069182 -0.967419 -0.243546
vn -0.069182 -0.967419 -0.243546
vn -0.069182 -0.967419 -0.243546
vn -0.069182 -0.967419 -0.243546
vn -0.832203 -0.452018 -0.321120
vn -0.832203 -0.452018 -0.321120
vn -0.832203 -0.452018 -0.321120
vn -0.832203 -0.452018 -0.321120
vn -0.959928 0.264083 0.093802
vn -0.959928 0.264083 0.093802
vn -0.959928 0.264083 0.093802
vn -0.959928 0.264083 0.093802
vn -0.808252 0.461463 0.365761
vn -0.808252 0.461463 0.365761
vn -0.808252 0.461463 0.365761
vn -0.808252 0.461463 0.365761
vn -0.620141 0.461463 0.634411
vn -0.620141 0.461463 0.634411
vn -0.620141 0.461463 0.634411
vn -0.620141 0.461463 0.634411
vn -0.209236 0.229789 0.950483
vn -0.209236 0.229789 0.950483
vn -0.209236 0.229789 0.950483
vn -0.209236 0.229789 0.950483
vn 0.112555 -0.375844 0.919822
vn 0.112555 -0.375844 0.919822
vn 0.112555 -0.375844 0.919822
vn 0.112555 -0.375844 0.919822
vn 0.043846 -0.984171 0.171713
vn 0.043846 -0.984171 0.171713
vn 0.043846 -0.984171 0.171713
vn 0.043846 -0.984171 0.171713
vn 0.586887 -0.809599 0.010653
vn 0.586887 -0.809599 0.010653
vn 0.586886 -0.809599 0.010653
vn 0.586887 -0.809599 0.010653
vn 0.145218 -0.294912 -0.944425
vn 0.145218 -0.294912 -0.944425
vn 0.145218 -0.294912 -0.944425
vn 0.145218 -0.294912 -0.944425
vn -0.169994 0.119296 -0.978198
vn -0.169994 0.119296 -0.978198
vn -0.169994 0.119296 -0.978198
vn -0.169994 0.119296 -0.978198
vn -0.830152 0.461463 -0.312888
vn -0.830153 0.461463 -0.312888
vn -0.830153 0.461463 -0.312888
vn -0.830153 0.461463 -0.312888
vn -0.887102 0.461463 0.010090
vn -0.887102 0.461463 0.010090
vn -0.887102 0.461463 0.010090
vn -0.887102 0.461463 0.010090
vn -0.907642 0.263260 0.326926
vn -0.907642 0.263260 0.326926
vn -0.907642 0.263260 0.326926
vn -0.907642 0.263260 0.326926
vn -0.601208 -0.443447 0.664758
vn -0.601208 -0.443447 0.664758
vn -0.601208 -0.443447 0.664758
vn -0.601208 -0.443447 0.664758
vn 0.248188 -0.968028 -0.036387
vn 0.248188 -0.968028 -0.036387
vn 0.248188 -0.968028 -0.036387
vn 0.248188 -0.968028 -0.036387
vn 0.451864 0.886444 -0.100175
vn 0.455804 0.886444 0.080370
vn 0.390351 0.886444 0.248683
vn 0.265471 0.886444 0.379133
vn 0.100176 0.886445 0.451863
vn -0.080371 0.886445 0.455802
vn -0.248681 0.886444 0.390351
vn -0.379132 0.886444 0.265472
vn -0.451865 0.886444 0.100176
vn -0.455804 0.886444 -0.080371
vn -0.390351 0.886444 -0.248681
vn -0.265471 0.886445 -0.379131
vn -0.100176 0.886444 -0.451865
vn 0.080371 0.886443 -0.455806
vn 0.248682 0.886445 -0.390350
vn 0.379133 0.886445 -0.265469
vn 0.180721 0.980314 -0.079521
vn 0.180721 0.980314 -0.079521
vn 0.180721 0.980314 -0.079521
vn 0.180721 0.980314 -0.079521
vn 0.136534 0.980314 -0.142629
vn 0.136534 0.980314 -0.142629
vn 0.136534 0.980314 -0.142629
vn 0.136534 0.980314 -0.142629
vn 0.071561 0.980316 -0.184011
vn 0.071561 0.980316 -0.184011
vn 0.071561 0.980316 -0.184011
vn 0.071561 0.980316 -0.184011
vn -0.004307 0.980316 -0.197386
vn -0.004307 0.980316 -0.197386
vn -0.004307 0.980316 -0.197386
vn -0.004307 0.980316 -0.197386
vn -0.079519 0.980315 -0.180720
vn -0.079519 0.980315 -0.180720
vn -0.079519 0.980315 -0.180720
vn -0.079519 0.980315 -0.180720
vn -0.142625 0.980314 -0.136536
vn -0.142625 0.980314 -0.136536
vn -0.142625 0.980314 -0.136536
vn -0.142625 0.980314 -0.136536
vn -0.184018 0.980315 -0.071560
vn -0.184018 0.980315 -0.071560
vn -0.184018 0.980315 -0.071560
vn -0.184018 0.980315 -0.071560
vn -0.197396 0.980315 0.004307
vn -0.197396 0.980314 0.004307
vn -0.197396 0.980315 0.004307
vn -0.197396 0.980314 0.004307
vn -0.180722 0.980314 0.079521
vn -0.180722 0.980314 0.079521
vn -0.180722 0.980314 0.079521
vn -0.180722 0.980314 0.079521
vn -0.136534 0.980315 0.142621
vn -0.136534 0.980315 0.142621
vn -0.136534 0.980315 0.142621
vn -0.136534 0.980315 0.142621
vn -0.071561 0.980313 0.184026
vn -0.071561 0.980313 0.184026
vn -0.071561 0.980313 0.184026
vn -0.071561 0.980313 0.184026
vn 0.004307 0.980314 0.197397
vn 0.004307 0.980314 0.197397
vn 0.004307 0.980314 0.197397
vn 0.004307 0.980314 0.197397
vn 0.079519 0.980314 0.180726
vn 0.079519 0.980314 0.180726
vn 0.079519 0.980314 0.180726
vn 0.079519 0.980314 0.180726
vn 0.142626 0.980315 0.136528
vn 0.142626 0.980315 0.136528
vn 0.142626 0.980315 0.136528
vn 0.142626 0.980315 0.136528
vn 0.184018 0.980314 0.071564
vn 0.184018 0.980314 0.071564
vn 0.184018 0.980314 0.071564
vn 0.184018 0.980314 0.071564
vn 0.197396 0.980314 -0.004307
vn 0.197396 0.980314 -0.004307
vn 0.197396 0.980314 -0.004307
vn 0.197396 0.980314 -0.004307
vn -0.561437 0.818105 0.124468
vn -0.471069 0.818105 0.329846
vn -0.471069 0.818105 0.329846
vn -0.561437 0.818105 0.124468
vn -0.308986 0.818105 0.485008
vn -0.308986 0.818105 0.485008
vn -0.099861 0.818103 0.566335
vn -0.099861 0.818103 0.566335
vn 0.124469 0.818105 0.561438
vn 0.124469 0.818105 0.561438
vn 0.329847 0.818106 0.471066
vn 0.329848 0.818106 0.471067
vn 0.485008 0.818105 0.308985
vn 0.485008 0.818105 0.308985
vn 0.566332 0.818105 0.099860
vn 0.566332 0.818105 0.099860
vn 0.561437 0.818105 -0.124468
vn 0.561437 0.818105 -0.124468
vn 0.471069 0.818106 -0.329845
vn 0.471069 0.818106 -0.329845
vn 0.308985 0.818106 -0.485007
vn 0.308985 0.818106 -0.485007
vn 0.099860 0.818104 -0.566333
vn 0.099860 0.818104 -0.566333
vn -0.124467 0.818104 -0.561439
vn -0.124467 0.818104 -0.561439
vn -0.329846 0.818105 -0.471069
vn -0.329846 0.818105 -0.471069
vn -0.485008 0.818105 -0.308985
vn -0.485008 0.818105 -0.308985
vn -0.566332 0.818106 -0.099860
vn -0.566332 0.818105 -0.099860
vn 0.000000 1.000000 0.000002
vn 0.000000 1.000000 0.000001
vn -0.000001 1.000000 0.000001
vn 0.000000 1.000000 0.000001
vn -0.000001 1.000000 0.000004
vn -0.000003 1.000000 0.000004
vn -0.000001 1.000000 0.000001
vn -0.000001 1.000000 0.000002
vn 0.000001 1.000000 -0.000001
vn 0.000001 1.000000 -0.000001
vn 0.000001 1.000000 0.000008
vn 0.000000 1.000000 0.000001
vn 0.000000 1.000000 0.000004
vn 0.000000 1.000000 0.000001
vn 0.000000 1.000000 -0.000001
vn 0.000000 1.000000 -0.000000
vn 0.000000 1.000000 -0.000003
vn -0.000001 1.000000 0.000000
vn 0.000000 1.000000 -0.000001
vn -0.000002 1.000000 0.000002
vn 0.000000 1.000000 -0.000003
vn -0.000001 1.000000 0.000002
vn 0.000000 1.000000 -0.000003
vn 0.000000 1.000000 -0.000000
vn 0.000000 1.000000 0.000006
vn 0.000000 1.000000 0.000001
vn 0.000000 1.000000 0.000001
vn 0.000000 1.000000 0.000001
vn 0.000000 1.000000 -0.000002
vn 0.000000 1.000000 -0.000000
vn 0.000000 1.000000 0.000002
vn 0.000000 1.000000 -0.000000
vn -0.000003 1.000000 0.000001
vn -0.000000 1.000000 0.000000
vn -0.000004 1.000000 0.000004
vn 0.000000 1.000000 0.000004
vn 0.000001 1.000000 0.000000
vn 0.000000 1.000000 -0.000001
vn 0.000000 1.000000 -0.000000
vn 0.000000 1.000000 -0.000000
vn -0.000001 1.000000 0.000000
vn -0.000002 1.000000 0.000001
vn -0.000000 1.000000 0.000002
vn 0.000000 1.000000 0.000001
vn 0.000000 1.000000 -0.000000
vn 0.000000 1.000000 0.000000
vn 0.000000 1.000000 0.000000
vn 0.000000 1.000000 -0.000000
vn -0.000005 1.000000 -0.000001
vn -0.000001 1.000000 0.000000
vn -0.000004 1.000000 0.000003
vn 0.000002 1.000000 0.000007
vn 0.000003 1.000000 0.000004
vn 0.000000 1.000000 -0.000001
vn 0.000000 1.000000 0.000000
vn 0.000000 1.000000 -0.000001
vn -0.000000 1.000000 -0.000002
vn -0.000000 1.000000 -0.000002
vn 0.000001 1.000000 -0.000001
vn 0.000001 1.000000 0.000001
vn 0.000000 1.000000 0.000001
vn 0.000000 1.000000 -0.000000
vn 0.000000 1.000000 0.000000
vn 0.000000 1.000000 0.000001
vn 0.000003 1.000000 -0.000001
vn 0.000003 1.000000 -0.000001
vn 0.000000 1.000000 -0.000001
vn 0.000002 1.000000 -0.000001
vn 0.000000 1.000000 -0.000003
vn -0.000002 1.000000 -0.000004
vn -0.000004 1.000000 -0.000005
vn -0.000003 1.000000 -0.000005
vn -0.000007 1.000000 0.000001
vn -0.000003 1.000000 0.000001
vn -0.000006 1.000000 -0.000002
vn -0.000006 1.000000 -0.000002
vn -0.000001 1.000000 -0.000001
vn -0.000001 1.000000 -0.000001
vn 0.000002 1.000000 -0.000001
vn -0.000000 1.000000 -0.000001
vn -0.000001 1.000000 -0.000001
vn -0.000001 1.000000 -0.000003
vn -0.000007 1.000000 -0.000001
vn -0.000000 1.000000 -0.000000
vn 0.000005 1.000000 -0.000001
vn 0.000005 1.000000 -0.000001
vn 0.000004 1.000000 -0.000001
vn 0.000000 1.000000 0.000001
vn -0.975942 0.026903 0.216363
vn -0.975942 0.026903 0.216363
vn -0.975942 0.026903 0.216363
vn -0.975942 0.026903 0.216363
vn 0.975942 0.026907 -0.216362
vn 0.975942 0.026907 -0.216362
vn 0.975942 0.026907 -0.216362
vn 0.975942 0.026907 -0.216362
vn 0.843087 0.026907 0.537103
vn 0.843087 0.026907 0.537103
vn 0.843087 0.026907 0.537103
vn 0.843087 0.026907 0.537103
vn -0.537105 0.026908 0.843086
vn -0.537105 0.026908 0.843086
vn -0.537105 0.026908 0.843086
vn -0.537105 0.026908 0.843086
vn 0.216362 0.026907 0.975942
vn 0.216362 0.026907 0.975942
vn 0.216362 0.026907 0.975942
vn 0.216362 0.026907 0.975942
vn -0.843087 0.026902 -0.537104
vn -0.843087 0.026902 -0.537104
vn -0.843087 0.026902 -0.537104
vn -0.843087 0.026902 -0.537104
vn -0.216360 0.026904 -0.975943
vn -0.216360 0.026904 -0.975943
vn -0.216360 0.026904 -0.975943
vn -0.216360 0.026904 -0.975943
vn 0.537106 0.026905 -0.843086
vn 0.537106 0.026905 -0.843086
vn 0.537106 0.026905 -0.843086
vn 0.537106 0.026905 -0.843086
s 1
g mano_geo1 handpopus_geo
usemtl aiStandardSurface1SG
f 1/1/1 2/2/2 63/3/3 56/4/4
s 2
f 2/2/5 3/5/6 62/6/7 63/3/8
s 3
f 3/5/9 4/7/10 61/8/11 62/6/12
s 4
f 4/7/13 5/9/14 60/10/15 61/8/16
s 5
usemtl aiStandardSurface5SG
f 96/11/17 97/12/18 98/13/19 99/14/20
s 6
f 97/12/21 100/15/22 101/16/23 98/13/24
s 7
usemtl aiStandardSurface1SG
f 6/17/25 7/18/26 57/19/27 58/20/28
s 8
f 7/18/29 1/21/30 56/22/31 57/19/32
s 1
f 2/23/2 1/24/1 16/25/33 17/26/34
s 2
f 3/27/6 2/28/5 17/29/35 18/30/36
s 3
f 4/31/10 3/32/9 18/33/37 19/34/38
s 4
f 5/35/14 4/36/13 19/37/39 20/38/40
s 5
usemtl aiStandardSurface5SG
f 97/39/18 96/40/17 102/41/41 103/42/42
s 6
f 100/43/22 97/44/21 103/45/43 104/46/44
s 7
usemtl aiStandardSurface1SG
f 7/47/26 6/48/25 22/49/45 23/50/46
s 8
f 1/51/30 7/52/29 23/53/47 16/54/48
s 1
f 17/55/34 16/56/33 24/57/49 25/58/50
s 2
f 18/59/36 17/60/35 25/61/51 26/62/52
s 3
f 19/63/38 18/64/37 26/65/53 27/66/54
s 4
f 20/67/40 19/68/39 27/69/55 28/70/56
s off
f 21/71/57 20/72/58 28/73/59 29/74/60
f 22/75/61 21/76/62 29/77/63 30/78/64
s 7
f 23/79/46 22/80/45 30/81/65 31/82/66
s 8
f 16/83/48 23/84/47 31/85/67 24/86/68
s 1
f 8/87/69 9/88/70 33/89/71 32/90/72
s 2
f 9/91/73 10/92/74 34/93/75 33/94/76
s 3
f 10/95/77 11/96/78 35/97/79 34/98/80
s 4
f 11/99/81 12/100/82 36/101/83 35/102/84
s 13
f 12/103/85 13/104/86 37/105/87 36/106/88
s 14
f 13/107/89 14/108/90 38/109/91 37/110/92
s 7
f 14/111/93 15/112/94 39/113/95 38/114/96
s 8
f 15/115/97 8/116/98 32/117/99 39/118/100
s 17
f 32/119/101 33/120/102 55/121/103 48/122/104
s 18
f 33/123/105 34/124/106 54/125/107 55/126/108
s 3
f 34/127/80 35/128/79 53/129/109 54/130/110
s 4
f 35/131/84 36/132/83 52/133/111 53/134/112
s 19
f 36/135/113 37/136/114 51/137/115 52/138/116
s 20
f 37/139/117 38/140/118 50/141/119 51/142/120
s 7
f 38/143/96 39/144/95 49/145/121 50/146/122
s 8
f 39/147/100 32/148/99 48/149/123 49/150/124
f 49/150/124 48/149/123 40/151/125 47/152/126
s 7
f 50/146/122 49/145/121 47/153/127 46/154/128
s 20
f 51/142/120 50/141/119 46/155/129 45/156/130
s 19
f 52/138/116 51/137/115 45/157/131 44/158/132
s 4
f 53/134/112 52/133/111 44/159/133 43/160/134
s 3
f 54/130/110 53/129/109 43/161/135 42/162/136
s 18
f 55/126/108 54/125/107 42/163/137 41/164/138
s 17
f 48/122/104 55/121/103 41/165/139 40/166/140
s 8
f 57/19/32 56/22/31 64/167/141 65/168/142
s 7
f 58/20/28 57/19/27 65/168/143 66/169/144
s 14
f 59/170/145 58/20/146 66/169/147 67/171/148
s 13
f 60/10/149 59/170/150 67/171/151 68/172/152
s 4
f 61/8/16 60/10/15 68/172/153 69/173/154
s 3
f 62/6/12 61/8/11 69/173/155 70/174/156
s 2
f 63/3/8 62/6/7 70/174/157 71/175/158
s 1
f 56/4/4 63/3/3 71/175/159 64/176/160
s 8
f 65/168/142 64/167/141 8/177/98 15/178/97
s 7
f 66/169/144 65/168/143 15/178/94 14/179/93
s 14
f 67/171/148 66/169/147 14/179/90 13/180/89
s 13
f 68/172/152 67/171/151 13/180/86 12/181/85
s 4
f 69/173/154 68/172/153 12/181/82 11/182/81
s 3
f 70/174/156 69/173/155 11/182/78 10/183/77
s 2
f 71/175/158 70/174/157 10/183/74 9/184/73
s 1
f 64/176/160 71/175/159 9/184/70 8/185/69
s 13
f 59/170/150 60/10/149 74/186/161 73/187/162
f 60/10/149 5/9/163 72/188/164 74/186/161
s 14
f 6/17/165 58/20/146 76/189/166 75/190/167
f 58/20/146 59/170/145 73/187/168 76/189/166
s 13
f 5/191/163 20/192/169 77/193/170 72/194/164
f 20/192/169 21/195/171 78/196/172 77/193/170
s 14
f 21/197/173 22/198/174 79/199/175 78/200/176
f 22/198/174 6/201/165 75/202/167 79/199/175
s 23
f 73/187/177 74/186/178 82/203/179 81/204/180
s off
f 74/186/181 72/188/182 80/205/183 82/203/184
f 75/190/185 76/189/186 84/206/187 83/207/188
s 23
f 76/189/189 73/187/177 81/204/180 84/206/190
s off
f 72/194/191 77/193/192 85/208/193 80/209/194
s 24
f 77/193/195 78/196/196 86/210/197 85/208/198
f 78/200/196 79/199/199 87/211/200 86/212/197
s off
f 79/199/201 75/202/202 83/213/203 87/211/204
s 25
usemtl aiStandardSurface5SG
f 81/204/205 82/203/206 90/214/207 89/215/208
f 82/203/206 80/205/209 88/216/210 90/214/207
s 26
f 83/207/211 84/206/212 92/217/213 91/218/214
f 84/206/212 81/204/215 89/215/216 92/217/213
s 25
f 80/209/209 85/208/217 93/219/218 88/220/210
f 85/208/217 86/210/219 94/221/220 93/219/218
s 26
f 86/212/221 87/211/222 95/222/223 94/223/224
f 87/211/222 83/213/211 91/224/214 95/222/223
s 27
f 89/215/225 90/214/226 99/14/227 98/13/228
s off
f 90/214/229 88/216/230 96/11/231 99/14/232
f 91/218/233 92/217/234 101/16/235 100/15/236
s 27
f 92/217/237 89/215/225 98/13/228 101/16/238
s off
f 88/220/239 93/219/240 102/41/241 96/40/242
s 28
f 93/219/243 94/221/244 103/42/245 102/41/246
f 94/223/244 95/222/247 104/46/248 103/45/245
s off
f 95/222/249 91/224/250 100/43/251 104/46/252
s 29
usemtl aiStandardSurface1SG
f 27/66/253 105/225/254 29/74/255 28/70/256
f 105/225/254 31/82/257 30/78/258 29/74/255
f 25/58/259 105/225/254 27/66/253 26/62/260
f 25/58/259 24/86/261 31/82/257 105/225/254
s 30
f 106/226/262 107/227/263 168/228/264 161/229/265
s 31
f 107/227/266 108/230/267 167/231/268 168/228/269
s 32
f 108/230/270 109/232/271 166/233/272 167/231/273
s 33
f 109/232/274 110/234/275 165/235/276 166/233/277
s 34
usemtl aiStandardSurface5SG
f 201/236/278 202/237/279 203/238/280 204/239/281
s 35
f 202/237/282 205/240/283 206/241/284 203/238/285
s 36
usemtl aiStandardSurface1SG
f 111/242/286 112/243/287 162/244/288 163/245/289
s 37
f 112/243/290 106/246/291 161/247/292 162/244/293
s 30
f 107/248/263 106/249/262 121/250/294 122/251/295
s 31
f 108/252/267 107/253/266 122/254/296 123/255/297
s 32
f 109/256/271 108/257/270 123/258/298 124/259/299
s 33
f 110/260/275 109/261/274 124/262/300 125/263/301
s 34
usemtl aiStandardSurface5SG
f 202/264/279 201/265/278 207/266/302 208/267/303
s 35
f 205/268/283 202/269/282 208/270/304 209/271/305
s 36
usemtl aiStandardSurface1SG
f 112/272/287 111/273/286 127/274/306 128/275/307
s 37
f 106/276/291 112/277/290 128/278/308 121/279/309
s 30
f 122/280/295 121/281/294 129/282/310 130/283/311
s 31
f 123/284/297 122/285/296 130/286/312 131/287/313
s 32
f 124/288/299 123/289/298 131/290/314 132/291/315
s 33
f 125/292/301 124/293/300 132/294/316 133/295/317
s off
f 126/296/318 125/297/319 133/298/320 134/299/321
f 127/300/322 126/301/323 134/302/324 135/303/325
s 36
f 128/304/307 127/305/306 135/306/326 136/307/327
s 37
f 121/308/309 128/309/308 136/310/328 129/311/329
s 30
f 113/312/330 114/313/331 138/314/332 137/315/333
s 31
f 114/316/334 115/317/335 139/318/336 138/319/337
s 32
f 115/320/338 116/321/339 140/322/340 139/323/341
s 33
f 116/324/342 117/325/343 141/326/344 140/327/345
s 42
f 117/328/346 118/329/347 142/330/348 141/331/349
s 43
f 118/332/350 119/333/351 143/334/352 142/335/353
s 36
f 119/336/354 120/337/355 144/338/356 143/339/357
s 37
f 120/340/358 113/341/359 137/342/360 144/343/361
s 46
f 137/344/362 138/345/363 160/346/364 153/347/365
s 47
f 138/348/366 139/349/367 159/350/368 160/351/369
s 32
f 139/352/341 140/353/340 158/354/370 159/355/371
s 33
f 140/356/345 141/357/344 157/358/372 158/359/373
s 48
f 141/360/374 142/361/375 156/362/376 157/363/377
s 49
f 142/364/378 143/365/379 155/366/380 156/367/381
s 36
f 143/368/357 144/369/356 154/370/382 155/371/383
s 37
f 144/372/361 137/373/360 153/374/384 154/375/385
f 154/375/385 153/374/384 145/376/386 152/377/387
s 36
f 155/371/383 154/370/382 152/378/388 151/379/389
s 49
f 156/367/381 155/366/380 151/380/390 150/381/391
s 48
f 157/363/377 156/362/376 150/382/392 149/383/393
s 33
f 158/359/373 157/358/372 149/384/394 148/385/395
s 32
f 159/355/371 158/354/370 148/386/396 147/387/397
s 47
f 160/351/369 159/350/368 147/388/398 146/389/399
s 46
f 153/347/365 160/346/364 146/390/400 145/391/401
s 37
f 162/244/293 161/247/292 169/392/402 170/393/403
s 36
f 163/245/289 162/244/288 170/393/404 171/394/405
s 43
f 164/395/406 163/245/407 171/394/408 172/396/409
s 42
f 165/235/410 164/395/411 172/396/412 173/397/413
s 33
f 166/233/277 165/235/276 173/397/414 174/398/415
s 32
f 167/231/273 166/233/272 174/398/416 175/399/417
s 31
f 168/228/269 167/231/268 175/399/418 176/400/419
s 30
f 161/229/265 168/228/264 176/400/420 169/401/421
s 37
f 170/393/403 169/392/402 113/402/359 120/403/358
s 36
f 171/394/405 170/393/404 120/403/355 119/404/354
s 43
f 172/396/409 171/394/408 119/404/351 118/405/350
s 42
f 173/397/413 172/396/412 118/405/347 117/406/346
s 33
f 174/398/415 173/397/414 117/406/343 116/407/342
s 32
f 175/399/417 174/398/416 116/407/339 115/408/338
s 31
f 176/400/419 175/399/418 115/408/335 114/409/334
s 30
f 169/401/421 176/400/420 114/409/331 113/410/330
s 42
f 164/395/411 165/235/410 179/411/422 178/412/423
f 165/235/410 110/234/424 177/413/425 179/411/422
s 43
f 111/242/426 163/245/407 181/414/427 180/415/428
f 163/245/407 164/395/406 178/412/429 181/414/427
s 42
f 110/416/424 125/417/430 182/418/431 177/419/425
f 125/417/430 126/420/432 183/421/433 182/418/431
s 43
f 126/422/434 127/423/435 184/424/436 183/425/437
f 127/423/435 111/426/426 180/427/428 184/424/436
s 52
f 178/412/438 179/411/439 187/428/440 186/429/441
s off
f 179/411/442 177/413/443 185/430/444 187/428/445
f 180/415/446 181/414/447 189/431/448 188/432/449
s 52
f 181/414/450 178/412/438 186/429/441 189/431/451
s off
f 177/419/452 182/418/453 190/433/454 185/434/455
s 53
f 182/418/456 183/421/457 191/435/458 190/433/459
f 183/425/457 184/424/460 192/436/461 191/437/458
s off
f 184/424/462 180/427/463 188/438/464 192/436/465
s 54
usemtl aiStandardSurface5SG
f 186/429/466 187/428/467 195/439/468 194/440/469
f 187/428/467 185/430/470 193/441/471 195/439/468
s 55
f 188/432/472 189/431/473 197/442/474 196/443/475
f 189/431/473 186/429/476 194/440/477 197/442/474
s 54
f 185/434/470 190/433/478 198/444/479 193/445/471
f 190/433/478 191/435/480 199/446/481 198/444/479
s 55
f 191/437/482 192/436/483 200/447/484 199/448/485
f 192/436/483 188/438/472 196/449/475 200/447/484
s 56
f 194/440/486 195/439/487 204/239/488 203/238/489
s off
f 195/439/490 193/441/491 201/236/492 204/239/493
f 196/443/494 197/442/495 206/241/496 205/240/497
s 56
f 197/442/498 194/440/486 203/238/489 206/241/499
s off
f 193/445/500 198/444/501 207/266/502 201/265/503
s 57
f 198/444/504 199/446/505 208/267/506 207/266/507
f 199/448/505 200/447/508 209/271/509 208/270/506
s off
f 200/447/510 196/449/511 205/268/512 209/271/513
s 58
usemtl aiStandardSurface1SG
f 132/291/514 210/450/515 134/299/516 133/295/517
f 210/450/515 136/307/518 135/303/519 134/299/516
f 130/283/520 210/450/515 132/291/514 131/287/521
f 130/283/520 129/311/522 136/307/518 210/450/515
s 59
f 211/451/523 212/452/524 273/453/525 266/454/526
s 60
f 212/452/527 213/455/528 272/456/529 273/453/530
s 61
f 213/455/531 214/457/532 271/458/533 272/456/534
s 62
f 214/457/535 215/459/536 270/460/537 271/458/538
s 63
usemtl aiStandardSurface5SG
f 306/461/539 307/462/540 308/463/541 309/464/542
s 64
f 307/462/543 310/465/544 311/466/545 308/463/546
s 65
usemtl aiStandardSurface1SG
f 216/467/547 217/468/548 267/469/549 268/470/550
s 66
f 217/468/551 211/471/552 266/472/553 267/469/554
s 59
f 212/473/524 211/474/523 226/475/555 227/476/556
s 60
f 213/477/528 212/478/527 227/479/557 228/480/558
s 61
f 214/481/532 213/482/531 228/483/559 229/484/560
s 62
f 215/485/536 214/486/535 229/487/561 230/488/562
s 63
usemtl aiStandardSurface5SG
f 307/489/540 306/490/539 312/491/563 313/492/564
s 64
f 310/493/544 307/494/543 313/495/565 314/496/566
s 65
usemtl aiStandardSurface1SG
f 217/497/548 216/498/547 232/499/567 233/500/568
s 66
f 211/501/552 217/502/551 233/503/569 226/504/570
s 59
f 227/505/556 226/506/555 234/507/571 235/508/572
s 60
f 228/509/558 227/510/557 235/511/573 236/512/574
s 61
f 229/513/560 228/514/559 236/515/575 237/516/576
s 62
f 230/517/562 229/518/561 237/519/577 238/520/578
s off
f 231/521/579 230/522/580 238/523/581 239/524/582
f 232/525/583 231/526/584 239/527/585 240/528/586
s 65
f 233/529/568 232/530/567 240/531/587 241/532/588
s 66
f 226/533/570 233/534/569 241/535/589 234/536/590
s 59
f 218/537/591 219/538/592 243/539/593 242/540/594
s 60
f 219/541/595 220/542/596 244/543/597 243/544/598
s 61
f 220/545/599 221/546/600 245/547/601 244/548/602
s 62
f 221/549/603 222/550/604 246/551/605 245/552/606
s 71
f 222/553/607 223/554/608 247/555/609 246/556/610
s 72
f 223/557/611 224/558/612 248/559/613 247/560/614
s 65
f 224/561/615 225/562/616 249/563/617 248/564/618
s 66
f 225/565/619 218/566/620 242/567/621 249/568/622
s 75
f 242/569/623 243/570/624 265/571/625 258/572/626
s 76
f 243/573/627 244/574/628 264/575/629 265/576/630
s 61
f 244/577/602 245/578/601 263/579/631 264/580/632
s 62
f 245/581/606 246/582/605 262/583/633 263/584/634
s 77
f 246/585/635 247/586/636 261/587/637 262/588/638
s 78
f 247/589/639 248/590/640 260/591/641 261/592/642
s 65
f 248/593/618 249/594/617 259/595/643 260/596/644
s 66
f 249/597/622 242/598/621 258/599/645 259/600/646
f 259/600/646 258/599/645 250/601/647 257/602/648
s 65
f 260/596/644 259/595/643 257/603/649 256/604/650
s 78
f 261/592/642 260/591/641 256/605/651 255/606/652
s 77
f 262/588/638 261/587/637 255/607/653 254/608/654
s 62
f 263/584/634 262/583/633 254/609/655 253/610/656
s 61
f 264/580/632 263/579/631 253/611/657 252/612/658
s 76
f 265/576/630 264/575/629 252/613/659 251/614/660
s 75
f 258/572/626 265/571/625 251/615/661 250/616/662
s 66
f 267/469/554 266/472/553 274/617/663 275/618/664
s 65
f 268/470/550 267/469/549 275/618/665 276/619/666
s 72
f 269/620/667 268/470/668 276/619/669 277/621/670
s 71
f 270/460/671 269/620/672 277/621/673 278/622/674
s 62
f 271/458/538 270/460/537 278/622/675 279/623/676
s 61
f 272/456/534 271/458/533 279/623/677 280/624/678
s 60
f 273/453/530 272/456/529 280/624/679 281/625/680
s 59
f 266/454/526 273/453/525 281/625/681 274/626/682
s 66
f 275/618/664 274/617/663 218/627/620 225/628/619
s 65
f 276/619/666 275/618/665 225/628/616 224/629/615
s 72
f 277/621/670 276/619/669 224/629/612 223/630/611
s 71
f 278/622/674 277/621/673 223/630/608 222/631/607
s 62
f 279/623/676 278/622/675 222/631/604 221/632/603
s 61
f 280/624/678 279/623/677 221/632/600 220/633/599
s 60
f 281/625/680 280/624/679 220/633/596 219/634/595
s 59
f 274/626/682 281/625/681 219/634/592 218/635/591
s 71
f 269/620/672 270/460/671 284/636/683 283/637/684
f 270/460/671 215/459/685 282/638/686 284/636/683
s 72
f 216/467/687 268/470/668 286/639/688 285/640/689
f 268/470/668 269/620/667 283/637/690 286/639/688
s 71
f 215/641/685 230/642/691 287/643/692 282/644/686
f 230/642/691 231/645/693 288/646/694 287/643/692
s 72
f 231/647/695 232/648/696 289/649/697 288/650/698
f 232/648/696 216/651/687 285/652/689 289/649/697
s 81
f 283/637/699 284/636/700 292/653/701 291/654/702
s off
f 284/636/703 282/638/704 290/655/705 292/653/706
f 285/640/707 286/639/708 294/656/709 293/657/710
s 81
f 286/639/711 283/637/699 291/654/702 294/656/712
s off
f 282/644/713 287/643/714 295/658/715 290/659/716
s 82
f 287/643/717 288/646/718 296/660/719 295/658/720
f 288/650/718 289/649/721 297/661/722 296/662/719
s off
f 289/649/723 285/652/724 293/663/725 297/661/726
s 83
usemtl aiStandardSurface5SG
f 291/654/727 292/653/728 300/664/729 299/665/730
f 292/653/728 290/655/731 298/666/732 300/664/729
s 84
f 293/657/733 294/656/734 302/667/735 301/668/736
f 294/656/734 291/654/737 299/665/738 302/667/735
s 83
f 290/659/731 295/658/739 303/669/740 298/670/732
f 295/658/739 296/660/741 304/671/742 303/669/740
s 84
f 296/662/743 297/661/744 305/672/745 304/673/746
f 297/661/744 293/663/733 301/674/736 305/672/745
s 85
f 299/665/747 300/664/748 309/464/749 308/463/750
s off
f 300/664/751 298/666/752 306/461/753 309/464/754
f 301/668/755 302/667/756 311/466/757 310/465/758
s 85
f 302/667/759 299/665/747 308/463/750 311/466/760
s off
f 298/670/761 303/669/762 312/491/763 306/490/764
s 86
f 303/669/765 304/671/766 313/492/767 312/491/768
f 304/673/766 305/672/769 314/496/770 313/495/767
s off
f 305/672/771 301/674/772 310/493/773 314/496/774
s 87
usemtl aiStandardSurface1SG
f 237/516/775 315/675/776 239/524/777 238/520/778
f 315/675/776 241/532/779 240/528/780 239/524/777
f 235/508/781 315/675/776 237/516/775 236/512/782
f 235/508/781 234/536/783 241/532/779 315/675/776
s 88
f 316/676/784 317/677/785 378/678/786 371/679/787
s 89
f 317/677/788 318/680/789 377/681/790 378/678/791
s 90
f 318/680/792 319/682/793 376/683/794 377/681/795
s 91
f 319/682/796 320/684/797 375/685/798 376/683/799
s 92
usemtl aiStandardSurface5SG
f 411/686/800 412/687/801 413/688/802 414/689/803
s 93
f 412/687/804 415/690/805 416/691/806 413/688/807
s 94
usemtl aiStandardSurface1SG
f 321/692/808 322/693/809 372/694/810 373/695/811
s 95
f 322/693/812 316/696/813 371/697/814 372/694/815
s 88
f 317/698/785 316/699/784 331/700/816 332/701/817
s 89
f 318/702/789 317/703/788 332/704/818 333/705/819
s 90
f 319/706/793 318/707/792 333/708/820 334/709/821
s 91
f 320/710/797 319/711/796 334/712/822 335/713/823
s 92
usemtl aiStandardSurface5SG
f 412/714/801 411/715/800 417/716/824 418/717/825
s 93
f 415/718/805 412/719/804 418/720/826 419/721/827
s 94
usemtl aiStandardSurface1SG
f 322/722/809 321/723/808 337/724/828 338/725/829
s 95
f 316/726/813 322/727/812 338/728/830 331/729/831
s 88
f 332/730/817 331/731/816 339/732/832 340/733/833
s 89
f 333/734/819 332/735/818 340/736/834 341/737/835
s 90
f 334/738/821 333/739/820 341/740/836 342/741/837
s 91
f 335/742/823 334/743/822 342/744/838 343/745/839
s off
f 336/746/840 335/747/841 343/748/842 344/749/843
f 337/750/844 336/751/845 344/752/846 345/753/847
s 94
f 338/754/829 337/755/828 345/756/848 346/757/849
s 95
f 331/758/831 338/759/830 346/760/850 339/761/851
s 88
f 323/762/852 324/763/853 348/764/854 347/765/855
s 89
f 324/766/856 325/767/857 349/768/858 348/769/859
s 90
f 325/770/860 326/771/861 350/772/862 349/773/863
s 91
f 326/774/864 327/775/865 351/776/866 350/777/867
s 100
f 327/778/868 328/779/869 352/780/870 351/781/871
s 101
f 328/782/872 329/783/873 353/784/874 352/785/875
s 94
f 329/786/876 330/787/877 354/788/878 353/789/879
s 95
f 330/790/880 323/791/881 347/792/882 354/793/883
s 104
f 347/794/884 348/795/885 370/796/886 363/797/887
s 105
f 348/798/888 349/799/889 369/800/890 370/801/891
s 90
f 349/802/863 350/803/862 368/804/892 369/805/893
s 91
f 350/806/867 351/807/866 367/808/894 368/809/895
s 106
f 351/810/896 352/811/897 366/812/898 367/813/899
s 107
f 352/814/900 353/815/901 365/816/902 366/817/903
s 94
f 353/818/879 354/819/878 364/820/904 365/821/905
s 95
f 354/822/883 347/823/882 363/824/906 364/825/907
f 364/825/907 363/824/906 355/826/908 362/827/909
s 94
f 365/821/905 364/820/904 362/828/910 361/829/911
s 107
f 366/817/903 365/816/902 361/830/912 360/831/913
s 106
f 367/813/899 366/812/898 360/832/914 359/833/915
s 91
f 368/809/895 367/808/894 359/834/916 358/835/917
s 90
f 369/805/893 368/804/892 358/836/918 357/837/919
s 105
f 370/801/891 369/800/890 357/838/920 356/839/921
s 104
f 363/797/887 370/796/886 356/840/922 355/841/923
s 95
f 372/694/815 371/697/814 379/842/924 380/843/925
s 94
f 373/695/811 372/694/810 380/843/926 381/844/927
s 101
f 374/845/928 373/695/929 381/844/930 382/846/931
s 100
f 375/685/932 374/845/933 382/846/934 383/847/935
s 91
f 376/683/799 375/685/798 383/847/936 384/848/937
s 90
f 377/681/795 376/683/794 384/848/938 385/849/939
s 89
f 378/678/791 377/681/790 385/849/940 386/850/941
s 88
f 371/679/787 378/678/786 386/850/942 379/851/943
s 95
f 380/843/925 379/842/924 323/852/881 330/853/880
s 94
f 381/844/927 380/843/926 330/853/877 329/854/876
s 101
f 382/846/931 381/844/930 329/854/873 328/855/872
s 100
f 383/847/935 382/846/934 328/855/869 327/856/868
s 91
f 384/848/937 383/847/936 327/856/865 326/857/864
s 90
f 385/849/939 384/848/938 326/857/861 325/858/860
s 89
f 386/850/941 385/849/940 325/858/857 324/859/856
s 88
f 379/851/943 386/850/942 324/859/853 323/860/852
s 100
f 374/845/933 375/685/932 389/861/944 388/862/945
f 375/685/932 320/684/946 387/863/947 389/861/944
s 101
f 321/692/948 373/695/929 391/864/949 390/865/950
f 373/695/929 374/845/928 388/862/951 391/864/949
s 100
f 320/866/946 335/867/952 392/868/953 387/869/947
f 335/867/952 336/870/954 393/871/955 392/868/953
s 101
f 336/872/956 337/873/957 394/874/958 393/875/959
f 337/873/957 321/876/948 390/877/950 394/874/958
s 110
f 388/862/960 389/861/961 397/878/962 396/879/963
s off
f 389/861/964 387/863/965 395/880/966 397/878/967
f 390/865/968 391/864/969 399/881/970 398/882/971
s 110
f 391/864/972 388/862/960 396/879/963 399/881/973
s off
f 387/869/974 392/868/975 400/883/976 395/884/977
s 111
f 392/868/978 393/871/979 401/885/980 400/883/981
f 393/875/979 394/874/982 402/886/983 401/887/980
s off
f 394/874/984 390/877/985 398/888/986 402/886/987
s 112
usemtl aiStandardSurface5SG
f 396/879/988 397/878/989 405/889/990 404/890/991
f 397/878/989 395/880/992 403/891/993 405/889/990
s 113
f 398/882/994 399/881/995 407/892/996 406/893/997
f 399/881/995 396/879/998 404/890/999 407/892/996
s 112
f 395/884/992 400/883/1000 408/894/1001 403/895/993
f 400/883/1000 401/885/1002 409/896/1003 408/894/1001
s 113
f 401/887/1004 402/886/1005 410/897/1006 409/898/1007
f 402/886/1005 398/888/994 406/899/997 410/897/1006
s 114
f 404/890/1008 405/889/1009 414/689/1010 413/688/1011
s off
f 405/889/1012 403/891/1013 411/686/1014 414/689/1015
f 406/893/1016 407/892/1017 416/691/1018 415/690/1019
s 114
f 407/892/1020 404/890/1008 413/688/1011 416/691/1021
s off
f 403/895/1022 408/894/1023 417/716/1024 411/715/1025
s 115
f 408/894/1026 409/896/1027 418/717/1028 417/716/1029
f 409/898/1027 410/897/1030 419/721/1031 418/720/1028
s off
f 410/897/1032 406/899/1033 415/718/1034 419/721/1035
s 116
usemtl aiStandardSurface1SG
f 342/741/1036 420/900/1037 344/749/1038 343/745/1039
f 420/900/1037 346/757/1040 345/753/1041 344/749/1038
f 340/733/1042 420/900/1037 342/741/1036 341/737/1043
f 340/733/1042 339/761/1044 346/757/1040 420/900/1037
s 117
f 421/901/1045 422/902/1046 521/903/1047 510/904/1048
f 422/902/1046 423/905/1049 520/906/1050 521/903/1047
f 423/905/1049 424/907/1051 519/908/1052 520/906/1050
f 424/907/1051 425/909/1053 518/910/1054 519/908/1052
f 425/909/1053 426/911/1055 517/912/1056 518/910/1054
f 426/911/1055 427/913/1057 516/914/1058 517/912/1056
f 433/915/1059 434/916/1060 512/917/1061 513/918/1062
f 434/916/1060 435/919/1063 511/920/1064 512/917/1061
f 454/921/1065 453/922/1066 522/923/1067 523/924/1068
f 455/925/1069 454/921/1065 523/924/1068 524/926/1070
f 456/927/1071 455/925/1069 524/926/1070 525/928/1072
f 457/929/1073 456/927/1071 525/928/1072 526/930/1074
f 458/931/1075 457/929/1073 526/930/1074 527/932/1076
f 459/933/1077 458/931/1075 527/932/1076 528/934/1078
f 460/935/1079 459/933/1077 528/934/1078 529/936/1080
f 461/937/1081 460/935/1079 529/936/1080 530/938/1082
f 462/939/1083 461/937/1081 530/938/1082 531/940/1084
f 463/941/1085 462/939/1083 531/940/1084 532/942/1086
f 464/943/1087 463/941/1085 532/942/1086 533/944/1088
f 465/945/1089 464/943/1087 533/944/1088 534/946/1090
f 466/947/1091 465/945/1089 534/946/1090 535/948/1092
f 467/949/1093 466/947/1091 535/948/1092 536/950/1094
f 468/951/1095 467/949/1093 536/950/1094 537/952/1096
f 453/953/1066 468/951/1095 537/952/1096 522/954/1067
s 120
f 422/955/1097 421/956/1098 469/957/1099 470/958/1100
f 423/959/1101 422/960/1097 470/961/1100 471/962/1102
f 424/963/1103 423/964/1101 471/965/1102 472/966/1104
f 425/967/1105 424/968/1103 472/969/1104 473/970/1106
f 426/971/1107 425/972/1105 473/973/1106 474/974/1108
f 427/975/1109 426/976/1107 474/977/1108 475/978/1110
f 428/979/1111 427/980/1109 475/981/1110 476/982/1112
f 429/983/1113 428/984/1111 476/985/1112 477/986/1114
f 430/987/1115 429/988/1113 477/989/1114 478/990/1116
f 431/991/1117 430/992/1115 478/993/1116 479/994/1118
f 432/995/1119 431/996/1117 479/997/1118 480/998/1120
f 433/999/1121 432/1000/1119 480/1001/1120 481/1002/1122
f 434/1003/1123 433/1004/1121 481/1005/1122 482/1006/1124
f 435/1007/1125 434/1008/1123 482/1009/1124 483/1010/1126
f 436/1011/1127 435/1012/1125 483/1013/1126 484/1014/1128
f 421/1015/1098 436/1016/1127 484/1017/1128 469/1018/1099
f 470/1019/1100 469/1020/1099 485/1021/1129 486/1022/1130
f 471/1023/1102 470/1024/1100 486/1025/1130 487/1026/1131
f 472/1027/1104 471/1028/1102 487/1029/1131 488/1030/1132
f 473/1031/1106 472/1032/1104 488/1033/1132 489/1034/1133
f 474/1035/1108 473/1036/1106 489/1037/1133 490/1038/1134
f 475/1039/1110 474/1040/1108 490/1041/1134 491/1042/1135
f 476/1043/1112 475/1044/1110 491/1045/1135 492/1046/1136
f 477/1047/1114 476/1048/1112 492/1049/1136 493/1050/1137
f 478/1051/1116 477/1052/1114 493/1053/1137 494/1054/1138
f 479/1055/1118 478/1056/1116 494/1057/1138 495/1058/1139
f 480/1059/1120 479/1060/1118 495/1061/1139 496/1062/1140
f 481/1063/1122 480/1064/1120 496/1065/1140 497/1066/1141
f 482/1067/1124 481/1068/1122 497/1069/1141 498/1070/1142
f 483/1071/1126 482/1072/1124 498/1073/1142 499/1074/1143
f 484/1075/1128 483/1076/1126 499/1077/1143 500/1078/1144
f 469/1079/1099 484/1080/1128 500/1081/1144 485/1082/1129
s 121
f 486/1022/1145 485/1082/1146 504/1083/1147 487/1026/1148
f 488/1030/1149 505/1084/1150 506/1085/1151 489/1034/1152
f 489/1034/1152 506/1085/1151 491/1042/1153 490/1038/1154
f 487/1026/1148 504/1083/1147 505/1084/1150 488/1030/1149
f 501/1086/1155 500/1078/1156 499/1074/1157 507/1087/1158
f 502/1088/1159 501/1086/1155 507/1087/1158 508/1089/1160
f 503/1090/1161 502/1088/1159 508/1089/1160 509/1091/1162
f 492/1046/1163 503/1090/1161 509/1091/1162 493/1050/1164
f 504/1083/1147 485/1082/1146 500/1078/1156 501/1086/1155
f 505/1084/1150 504/1083/1147 501/1086/1155 502/1088/1159
f 506/1085/1151 505/1084/1150 502/1088/1159 503/1090/1161
f 491/1042/1153 506/1085/1151 503/1090/1161 492/1046/1163
f 507/1087/1158 499/1074/1157 498/1070/1165 497/1066/1166
f 508/1089/1160 507/1087/1158 497/1066/1166 496/1062/1167
f 509/1091/1162 508/1089/1160 496/1062/1167 495/1058/1168
f 493/1050/1164 509/1091/1162 495/1058/1168 494/1054/1169
s 117
f 512/917/1061 511/920/1064 455/925/1069 456/927/1071
f 513/918/1062 512/917/1061 456/927/1071 457/929/1073
f 517/912/1056 516/914/1058 463/941/1085 464/943/1087
f 518/910/1054 517/912/1056 464/943/1087 465/945/1089
f 519/908/1052 518/910/1054 465/945/1089 466/947/1091
f 520/906/1050 519/908/1052 466/947/1091 467/949/1093
f 521/903/1047 520/906/1050 467/949/1093 468/951/1095
f 510/904/1048 521/903/1047 468/951/1095 453/953/1066
s off
f 251/614/1170 252/613/1171 435/1012/1172 436/1011/1173
f 252/612/1174 253/611/1175 511/920/1176 435/919/1177
f 253/610/1178 254/609/1179 455/925/1180 511/920/1181
f 254/608/1182 255/607/1183 454/921/1184 455/925/1185
f 255/606/1186 256/605/1187 453/922/1188 454/921/1189
f 256/604/1190 257/603/1191 510/904/1192 453/953/1193
f 257/602/1194 250/601/1195 421/901/1196 510/904/1197
f 250/616/1198 251/615/1199 436/1016/1200 421/1015/1201
s 117
f 523/924/1068 522/923/1067 538/1092/1202 539/1093/1203
f 524/926/1070 523/924/1068 539/1093/1203 540/1094/1204
f 525/928/1072 524/926/1070 540/1094/1204 541/1095/1205
f 526/930/1074 525/928/1072 541/1095/1205 542/1096/1206
f 527/932/1076 526/930/1074 542/1096/1206 543/1097/1207
f 528/934/1078 527/932/1076 543/1097/1207 544/1098/1208
f 529/936/1080 528/934/1078 544/1098/1208 545/1099/1209
f 530/938/1082 529/936/1080 545/1099/1209 546/1100/1210
f 531/940/1084 530/938/1082 546/1100/1210 547/1101/1211
f 532/942/1086 531/940/1084 547/1101/1211 548/1102/1212
f 533/944/1088 532/942/1086 548/1102/1212 549/1103/1213
f 534/946/1090 533/944/1088 549/1103/1213 550/1104/1214
f 535/948/1092 534/946/1090 550/1104/1214 551/1105/1215
f 536/950/1094 535/948/1092 551/1105/1215 552/1106/1216
f 537/952/1096 536/950/1094 552/1106/1216 553/1107/1217
f 522/954/1067 537/952/1096 553/1107/1217 538/1108/1202
f 539/1093/1203 538/1092/1202 554/1109/1218 555/1110/1219
f 540/1094/1204 539/1093/1203 555/1110/1219 556/1111/1220
f 541/1095/1205 540/1094/1204 556/1111/1220 557/1112/1221
f 542/1096/1206 541/1095/1205 557/1112/1221 558/1113/1222
f 543/1097/1207 542/1096/1206 558/1113/1222 559/1114/1223
f 544/1098/1208 543/1097/1207 559/1114/1223 560/1115/1224
f 545/1099/1209 544/1098/1208 560/1115/1224 561/1116/1225
f 546/1100/1210 545/1099/1209 561/1116/1225 562/1117/1226
f 547/1101/1211 546/1100/1210 562/1117/1226 563/1118/1227
f 548/1102/1212 547/1101/1211 563/1118/1227 564/1119/1228
f 549/1103/1213 548/1102/1212 564/1119/1228 565/1120/1229
f 550/1104/1214 549/1103/1213 565/1120/1229 566/1121/1230
f 551/1105/1215 550/1104/1214 566/1121/1230 567/1122/1231
f 552/1106/1216 551/1105/1215 567/1122/1231 568/1123/1232
f 553/1107/1217 552/1106/1216 568/1123/1232 569/1124/1233
f 538/1108/1202 553/1107/1217 569/1124/1233 554/1125/1218
f 555/1110/1219 554/1109/1218 570/1126/1234 571/1127/1235
f 556/1111/1220 555/1110/1219 571/1127/1235 572/1128/1236
f 557/1112/1221 556/1111/1220 572/1128/1236 573/1129/1237
f 558/1113/1222 557/1112/1221 573/1129/1237 574/1130/1238
f 559/1114/1223 558/1113/1222 574/1130/1238 575/1131/1239
f 560/1115/1224 559/1114/1223 575/1131/1239 576/1132/1240
f 561/1116/1225 560/1115/1224 576/1132/1240 577/1133/1241
f 562/1117/1226 561/1116/1225 577/1133/1241 578/1134/1242
f 563/1118/1227 562/1117/1226 578/1134/1242 579/1135/1243
f 564/1119/1228 563/1118/1227 579/1135/1243 580/1136/1244
f 565/1120/1229 564/1119/1228 580/1136/1244 581/1137/1245
f 566/1121/1230 565/1120/1229 581/1137/1245 582/1138/1246
f 567/1122/1231 566/1121/1230 582/1138/1246 583/1139/1247
f 568/1123/1232 567/1122/1231 583/1139/1247 584/1140/1248
f 569/1124/1233 568/1123/1232 584/1140/1248 585/1141/1249
f 554/1125/1218 569/1124/1233 585/1141/1249 570/1142/1234
f 571/1127/1235 570/1126/1234 586/1143/1250 587/1144/1251
f 572/1128/1236 571/1127/1235 587/1144/1251 588/1145/1252
f 573/1129/1237 572/1128/1236 588/1145/1252 589/1146/1253
f 574/1130/1238 573/1129/1237 589/1146/1253 590/1147/1254
f 575/1131/1239 574/1130/1238 590/1147/1254 591/1148/1255
f 576/1132/1240 575/1131/1239 591/1148/1255 592/1149/1256
f 577/1133/1241 576/1132/1240 592/1149/1256 593/1150/1257
f 578/1134/1242 577/1133/1241 593/1150/1257 594/1151/1258
f 579/1135/1243 578/1134/1242 594/1151/1258 595/1152/1259
f 580/1136/1244 579/1135/1243 595/1152/1259 596/1153/1260
f 581/1137/1245 580/1136/1244 596/1153/1260 597/1154/1261
f 582/1138/1246 581/1137/1245 597/1154/1261 598/1155/1262
f 583/1139/1247 582/1138/1246 598/1155/1262 599/1156/1263
f 584/1140/1248 583/1139/1247 599/1156/1263 600/1157/1264
f 585/1141/1249 584/1140/1248 600/1157/1264 601/1158/1265
f 570/1142/1234 585/1141/1249 601/1158/1265 586/1159/1250
f 587/1144/1251 586/1143/1250 602/1160/1266 603/1161/1267
f 588/1145/1252 587/1144/1251 603/1161/1267 604/1162/1268
f 589/1146/1253 588/1145/1252 604/1162/1268 605/1163/1269
f 590/1147/1254 589/1146/1253 605/1163/1269 606/1164/1270
f 591/1148/1255 590/1147/1254 606/1164/1270 607/1165/1271
f 592/1149/1256 591/1148/1255 607/1165/1271 608/1166/1272
f 593/1150/1257 592/1149/1256 608/1166/1272 609/1167/1273
f 594/1151/1258 593/1150/1257 609/1167/1273 610/1168/1274
f 595/1152/1259 594/1151/1258 610/1168/1274 611/1169/1275
f 596/1153/1260 595/1152/1259 611/1169/1275 612/1170/1276
f 597/1154/1261 596/1153/1260 612/1170/1276 613/1171/1277
f 598/1155/1262 597/1154/1261 613/1171/1277 614/1172/1278
f 599/1156/1263 598/1155/1262 614/1172/1278 615/1173/1279
f 600/1157/1264 599/1156/1263 615/1173/1279 616/1174/1280
f 601/1158/1265 600/1157/1264 616/1174/1280 617/1175/1281
f 586/1159/1250 601/1158/1265 617/1175/1281 602/1176/1266
f 603/1161/1267 602/1160/1266 618/1177/1282 619/1178/1283
f 604/1162/1268 603/1161/1267 619/1178/1283 620/1179/1284
f 605/1163/1269 604/1162/1268 620/1179/1284 621/1180/1285
f 606/1164/1270 605/1163/1269 621/1180/1285 622/1181/1286
f 607/1165/1271 606/1164/1270 622/1181/1286 623/1182/1287
f 608/1166/1272 607/1165/1271 623/1182/1287 624/1183/1288
f 609/1167/1273 608/1166/1272 624/1183/1288 625/1184/1289
f 610/1168/1274 609/1167/1273 625/1184/1289 626/1185/1290
f 611/1169/1275 610/1168/1274 626/1185/1290 627/1186/1291
f 612/1170/1276 611/1169/1275 627/1186/1291 628/1187/1292
f 613/1171/1277 612/1170/1276 628/1187/1292 629/1188/1293
f 614/1172/1278 613/1171/1277 629/1188/1293 630/1189/1294
f 615/1173/1279 614/1172/1278 630/1189/1294 631/1190/1295
f 616/1174/1280 615/1173/1279 631/1190/1295 632/1191/1296
f 617/1175/1281 616/1174/1280 632/1191/1296 633/1192/1297
f 602/1176/1266 617/1175/1281 633/1192/1297 618/1193/1282
s off
f 356/839/1298 357/838/1299 431/996/1300 432/995/1301
f 357/837/1302 358/836/1303 514/1194/1304 431/1195/1305
f 358/835/1306 359/834/1307 459/933/1308 514/1194/1309
f 359/833/1310 360/832/1311 458/931/1312 459/933/1313
f 360/831/1314 361/830/1315 457/929/1316 458/931/1317
f 361/829/1318 362/828/1319 513/918/1320 457/929/1321
f 362/827/1322 355/826/1323 433/915/1324 513/918/1325
f 355/841/1326 356/840/1327 432/1000/1328 433/999/1329
f 146/389/1330 147/388/1331 429/988/1332 430/987/1333
f 147/387/1334 148/386/1335 515/1196/1336 429/1197/1337
f 148/385/1338 149/384/1339 461/937/1340 515/1196/1341
f 149/383/1342 150/382/1343 460/935/1344 461/937/1345
f 150/381/1346 151/380/1347 459/933/1348 460/935/1349
f 151/379/1350 152/378/1351 514/1194/1352 459/933/1353
f 152/377/1354 145/376/1355 431/1195/1356 514/1194/1357
f 145/391/1358 146/390/1359 430/992/1360 431/991/1361
f 41/164/1362 42/163/1363 427/980/1364 428/979/1365
f 42/162/1366 43/161/1367 516/914/1368 427/913/1369
f 43/160/1370 44/159/1371 463/941/1372 516/914/1373
f 44/158/1374 45/157/1375 462/939/1376 463/941/1377
f 45/156/1378 46/155/1379 461/937/1380 462/939/1381
f 46/154/1382 47/153/1383 515/1196/1384 461/937/1385
f 47/152/1386 40/151/1387 429/1197/1388 515/1196/1389
f 40/166/1390 41/165/1391 428/984/1392 429/983/1393
s 117
f 619/1178/1283 618/1177/1282 437/1198/1394 452/1199/1395
f 620/1179/1284 619/1178/1283 452/1199/1395 451/1200/1396
f 621/1180/1285 620/1179/1284 451/1200/1396 450/1201/1397
f 622/1181/1286 621/1180/1285 450/1201/1397 449/1202/1398
f 623/1182/1287 622/1181/1286 449/1202/1398 448/1203/1399
f 624/1183/1288 623/1182/1287 448/1203/1399 447/1204/1400
f 625/1184/1289 624/1183/1288 447/1204/1400 446/1205/1401
f 626/1185/1290 625/1184/1289 446/1205/1401 445/1206/1402
f 627/1186/1291 626/1185/1290 445/1206/1402 444/1207/1403
f 628/1187/1292 627/1186/1291 444/1207/1403 443/1208/1404
f 629/1188/1293 628/1187/1292 443/1208/1404 442/1209/1405
f 630/1189/1294 629/1188/1293 442/1209/1405 441/1210/1406
f 631/1190/1295 630/1189/1294 441/1210/1406 440/1211/1407
f 632/1191/1296 631/1190/1295 440/1211/1407 439/1212/1408
f 633/1192/1297 632/1191/1296 439/1212/1408 438/1213/1409
f 618/1193/1282 633/1192/1297 438/1213/1409 437/1214/1394
s off
f 437/1215/1410 438/1216/1411 635/1217/1412 634/1218/1413
f 438/1219/1414 439/1220/1415 636/1221/1416 635/1222/1417
f 439/1223/1418 440/1224/1419 637/1225/1420 636/1226/1421
f 440/1227/1422 441/1228/1423 638/1229/1424 637/1230/1425
f 441/1231/1426 442/1232/1427 639/1233/1428 638/1234/1429
f 442/1235/1430 443/1236/1431 640/1237/1432 639/1238/1433
f 443/1239/1434 444/1240/1435 641/1241/1436 640/1242/1437
f 444/1243/1438 445/1244/1439 642/1245/1440 641/1246/1441
f 445/1247/1442 446/1248/1443 643/1249/1444 642/1250/1445
f 446/1251/1446 447/1252/1447 644/1253/1448 643/1254/1449
f 447/1255/1450 448/1256/1451 645/1257/1452 644/1258/1453
f 448/1259/1454 449/1260/1455 646/1261/1456 645/1262/1457
f 449/1263/1458 450/1264/1459 647/1265/1460 646/1266/1461
f 450/1267/1462 451/1268/1463 648/1269/1464 647/1270/1465
f 451/1271/1466 452/1272/1467 649/1273/1468 648/1274/1469
f 452/1275/1470 437/1276/1471 634/1277/1472 649/1278/1473
s 122
f 634/1279/1474 635/1280/1475 651/1281/1476 650/1282/1477
f 635/1283/1475 636/1284/1478 652/1285/1479 651/1286/1476
f 636/1287/1478 637/1288/1480 653/1289/1481 652/1290/1479
f 637/1291/1480 638/1292/1482 654/1293/1483 653/1294/1481
f 638/1295/1482 639/1296/1484 655/1297/1485 654/1298/1483
f 639/1299/1484 640/1300/1486 656/1301/1487 655/1302/1485
f 640/1303/1486 641/1304/1488 657/1305/1489 656/1306/1487
f 641/1307/1488 642/1308/1490 658/1309/1491 657/1310/1489
f 642/1311/1490 643/1312/1492 659/1313/1493 658/1314/1491
f 643/1315/1492 644/1316/1494 660/1317/1495 659/1318/1493
f 644/1319/1494 645/1320/1496 661/1321/1497 660/1322/1495
f 645/1323/1496 646/1324/1498 662/1325/1499 661/1326/1497
f 646/1327/1498 647/1328/1500 663/1329/1501 662/1330/1499
f 647/1331/1500 648/1332/1502 664/1333/1503 663/1334/1501
f 648/1335/1502 649/1336/1504 665/1337/1505 664/1338/1503
f 649/1339/1504 634/1340/1474 650/1341/1477 665/1342/1505
s 123
usemtl aiStandardSurface4SG
f 650/1343/1506 651/1344/1507 667/1345/1508 666/1346/1509
f 651/1347/1507 652/1348/1510 668/1349/1511 667/1350/1508
f 652/1351/1510 653/1352/1512 669/1353/1513 668/1354/1511
f 653/1355/1512 654/1356/1514 670/1357/1515 669/1358/1513
f 654/1359/1514 655/1360/1516 671/1361/1517 670/1362/1515
f 655/1363/1516 656/1364/1518 672/1365/1519 671/1366/1517
f 656/1367/1518 657/1368/1520 673/1369/1521 672/1370/1519
f 657/1371/1520 658/1372/1522 674/1373/1523 673/1374/1521
f 658/1375/1522 659/1376/1524 675/1377/1525 674/1378/1523
f 659/1379/1524 660/1380/1526 676/1381/1527 675/1382/1525
f 660/1383/1526 661/1384/1528 677/1385/1529 676/1386/1527
f 661/1387/1528 662/1388/1530 678/1389/1531 677/1390/1529
f 662/1391/1530 663/1392/1532 679/1393/1533 678/1394/1531
f 663/1395/1532 664/1396/1534 680/1397/1535 679/1398/1533
f 664/1399/1534 665/1400/1536 681/1401/1537 680/1402/1535
f 665/1403/1536 650/1404/1506 666/1405/1509 681/1406/1537
f 666/1407/1509 667/1408/1508 683/1409/1538 682/1410/1539
f 667/1411/1508 668/1412/1511 684/1413/1540 683/1414/1538
f 668/1415/1511 669/1416/1513 685/1417/1541 684/1418/1540
f 669/1419/1513 670/1420/1515 686/1421/1542 685/1422/1541
f 670/1423/1515 671/1424/1517 687/1425/1543 686/1426/1542
f 671/1427/1517 672/1428/1519 688/1429/1544 687/1430/1543
f 672/1431/1519 673/1432/1521 689/1433/1545 688/1434/1544
f 673/1435/1521 674/1436/1523 690/1437/1546 689/1438/1545
f 674/1439/1523 675/1440/1525 691/1441/1547 690/1442/1546
f 675/1443/1525 676/1444/1527 692/1445/1548 691/1446/1547
f 676/1447/1527 677/1448/1529 693/1449/1549 692/1450/1548
f 677/1451/1529 678/1452/1531 694/1453/1550 693/1454/1549
f 678/1455/1531 679/1456/1533 695/1457/1551 694/1458/1550
f 679/1459/1533 680/1460/1535 696/1461/1552 695/1462/1551
f 680/1463/1535 681/1464/1537 697/1465/1553 696/1466/1552
f 681/1467/1537 666/1468/1509 682/1469/1539 697/1470/1553
f 682/1471/1539 683/1472/1538 699/1473/1554 698/1474/1555
f 683/1475/1538 684/1476/1540 700/1477/1556 699/1478/1554
f 684/1479/1540 685/1480/1541 701/1481/1557 700/1482/1556
f 685/1483/1541 686/1484/1542 702/1485/1558 701/1486/1557
f 686/1487/1542 687/1488/1543 703/1489/1559 702/1490/1558
f 687/1491/1543 688/1492/1544 704/1493/1560 703/1494/1559
f 688/1495/1544 689/1496/1545 705/1497/1561 704/1498/1560
f 689/1499/1545 690/1500/1546 706/1501/1562 705/1502/1561
f 690/1503/1546 691/1504/1547 707/1505/1563 706/1506/1562
f 691/1507/1547 692/1508/1548 708/1509/1564 707/1510/1563
f 692/1511/1548 693/1512/1549 709/1513/1565 708/1514/1564
f 693/1515/1549 694/1516/1550 710/1517/1566 709/1518/1565
f 694/1519/1550 695/1520/1551 711/1521/1567 710/1522/1566
f 695/1523/1551 696/1524/1552 712/1525/1568 711/1526/1567
f 696/1527/1552 697/1528/1553 713/1529/1569 712/1530/1568
f 697/1531/1553 682/1532/1539 698/1533/1555 713/1534/1569
s 124
f 709/1518/1570 720/1535/1571 721/1536/1572 708/1514/1573
f 710/1522/1574 719/1537/1575 720/1535/1571 709/1518/1570
f 712/1530/1576 719/1537/1575 710/1522/1574 711/1526/1577
f 698/1474/1578 716/1538/1579 714/1539/1580 713/1534/1581
f 705/1502/1582 715/1540/1583 718/1541/1584 704/1498/1585
f 708/1514/1573 721/1536/1572 706/1506/1586 707/1510/1587
f 699/1478/1588 700/1482/1589 716/1538/1579 698/1474/1578
f 717/1542/1590 716/1538/1579 700/1482/1589 701/1486/1591
f 702/1490/1592 718/1541/1584 717/1542/1590 701/1486/1591
f 704/1498/1585 718/1541/1584 702/1490/1592 703/1494/1593
f 713/1534/1581 714/1539/1580 719/1537/1575 712/1530/1576
f 706/1506/1586 721/1536/1572 715/1540/1583 705/1502/1582
s off
f 714/1543/1594 716/1544/1595 723/1545/1596 722/1546/1597
f 715/1547/1598 721/1548/1599 725/1549/1600 724/1550/1601
f 718/1551/1602 715/1552/1603 724/1553/1604 726/1554/1605
f 716/1555/1606 717/1556/1607 727/1557/1608 723/1558/1609
f 717/1559/1610 718/1560/1611 726/1561/1612 727/1562/1613
f 719/1563/1614 714/1564/1615 722/1565/1616 728/1566/1617
f 720/1567/1618 719/1568/1619 728/1569/1620 729/1570/1621
f 721/1571/1622 720/1572/1623 729/1573/1624 725/1574/1625
g default
v -2.415838 26.833515 0.589079
v -2.744466 26.438282 0.833084
v -3.067065 25.985159 0.589079
v -3.192441 25.806103 -0.000000
v -3.067065 25.985159 -0.589079
v -2.744466 26.438282 -0.833084
v -2.415838 26.833515 -0.589079
v -2.290461 26.898525 -0.000000
v -0.000000 25.293026 0.775186
v 0.000245 24.572527 1.118020
v -0.811710 23.780615 0.823372
v -1.142096 23.321594 0.000000
v -0.811710 23.780615 -0.823372
v 0.000245 24.572527 -1.118020
v -0.000000 25.293026 -0.775186
v 0.000001 25.667187 0.000000
v -0.985155 26.343424 0.912181
v -0.867348 26.344635 0.000000
v -0.985155 26.343424 -0.912181
v -1.382105 25.394115 -1.290019
v -2.030475 24.598091 -0.912181
v -2.249427 24.364542 0.000000
v -2.030475 24.598091 0.912181
v -1.382105 25.394115 1.290019
v -1.506166 26.688044 0.856914
v -1.370779 26.697668 -0.000000
v -1.506166 26.688044 -0.856914
v -1.910155 25.865398 -1.211860
v -2.586540 25.002052 -0.856914
v -2.804067 24.815985 -0.000000
v -2.586540 25.002052 0.856915
v -1.910155 25.865396 1.211860
v -0.524737 25.852879 0.896620
v -0.429768 25.883188 0.000000
v -0.524737 25.852879 -0.896620
v -0.829064 24.902586 -1.268012
v -1.412918 24.237967 -0.896620
v -1.680056 23.967430 0.000000
v -1.412918 24.237967 0.896620
v -0.829064 24.902586 1.268012
v -2.029160 26.823473 0.735063
v -1.892004 26.889898 0.000000
v -2.029160 26.823473 -0.735063
v -2.387975 26.203154 -1.039536
v -2.996960 25.462145 -0.735063
v -3.176800 25.266361 0.000000
v -2.996960 25.462145 0.735063
v -2.387975 26.203154 1.039536
v -2.671671 26.758554 0.325651
v -2.863498 26.527845 0.460540
v -3.051807 26.263346 0.325651
v -3.124992 26.158825 -0.000000
v -3.051807 26.263346 -0.325651
v -2.863498 26.527845 -0.460540
v -2.671671 26.758554 -0.325651
v -2.598486 26.863071 -0.000000
v -2.927239 26.576773 -0.000000
v 2.497031 26.516521 -0.581162
v 2.748608 26.076221 -0.821886
v 2.984409 25.580717 -0.581162
v 3.075546 25.385271 0.000000
v 2.984409 25.580717 0.581162
v 2.748608 26.076221 0.821887
v 2.497031 26.516521 0.581162
v 2.405895 26.711964 0.000000
v 0.805009 23.796820 -0.812935
v 1.134190 23.326187 -0.000000
v 0.805009 23.796820 0.812935
v 1.110025 26.199163 -0.869914
v 1.048928 26.343784 -0.000000
v 1.110025 26.199163 0.869914
v 1.257529 25.309937 1.230244
v 1.847505 24.459087 0.869914
v 2.044639 24.148706 -0.000000
v 1.847505 24.459087 -0.869914
v 1.257529 25.309937 -1.230244
v 1.650552 26.443830 -0.800386
v 1.564686 26.579025 0.000000
v 1.650552 26.443830 0.800386
v 1.857850 25.665703 1.131916
v 2.311319 24.774643 0.800386
v 2.493678 24.507124 0.000000
v 2.311319 24.774643 -0.800386
v 1.857850 25.665703 -1.131916
v 0.553132 25.751642 -0.857530
v 0.533769 25.999794 -0.000000
v 0.553132 25.751642 0.857530
v 0.639915 24.937115 1.212730
v 1.342361 24.191359 0.857530
v 1.619372 23.777695 -0.000000
v 1.342361 24.191359 -0.857530
v 0.639915 24.937115 -1.212730
v 2.126380 26.567966 -0.717788
v 2.027019 26.707006 -0.000000
v 2.126380 26.567966 0.717788
v 2.366254 25.910585 1.015106
v 2.779487 25.147865 0.717788
v 2.919233 24.929090 -0.000000
v 2.779487 25.147865 -0.717788
v 2.366254 25.910585 -1.015106
v 2.732843 26.395733 -0.317498
v 2.877968 26.141741 -0.449010
v 3.013993 25.855900 -0.317498
v 3.066566 25.743155 0.000000
v 3.013993 25.855900 0.317498
v 2.877968 26.141741 0.449010
v 2.732843 26.395733 0.317498
v 2.680269 26.508476 0.000000
v 2.947452 26.177927 0.000000
v 0.815514 17.962296 -0.490638
v 0.157183 17.962296 -0.872850
v -0.593012 17.962296 -0.743652
v -0.995618 17.962296 -0.178727
v -0.814792 17.962296 0.490999
v -0.156462 17.962296 0.873210
v 0.593734 17.962296 0.744013
v 0.996339 17.962296 0.179088
v 0.803840 19.135811 -0.564302
v 1.025566 19.058607 0.122970
v 0.647810 19.135811 0.738442
v -0.110162 19.263062 0.922962
v -0.804630 19.133154 0.566206
v -1.026371 19.057856 -0.122792
v -0.648192 19.133154 -0.739938
v 0.110883 19.263062 -0.922601
v 0.784175 20.096224 -0.630280
v 1.038135 19.941816 0.074530
v 0.686248 20.096224 0.735913
v -0.069138 20.350723 0.969406
v -0.786288 20.090908 0.633797
v -1.040429 19.940313 -0.074458
v -0.687872 20.090908 -0.739226
v 0.069812 20.350723 -0.969122
v 0.775833 21.056637 -0.685513
v 1.057771 20.825027 0.039020
v 0.723320 21.056637 0.740861
v -0.037005 21.438385 1.013527
v -0.779148 21.048664 0.690687
v -1.061524 20.822767 -0.039002
v -0.726257 21.048664 -0.745953
v 0.037615 21.438385 -1.013348
v 0.771411 22.017050 -0.732823
v 1.074815 21.708235 0.013539
v 0.752751 22.017050 0.752042
v -0.013017 22.526045 1.056450
v -0.775857 22.006416 0.739682
v -1.079992 21.705223 -0.013539
v -0.757025 22.006416 -0.758879
v 0.013533 22.526045 -1.056379
v 0.781828 22.977465 -0.771313
v 1.102088 22.591444 -0.000000
v 0.781828 22.977465 0.771313
v 0.000226 23.613708 1.098872
v -0.787406 22.964172 0.779873
v -1.108676 22.587681 0.000000
v -0.787406 22.964172 -0.779873
v 0.000226 23.613708 -1.098872
v 0.885732 18.007965 -0.620199
v 0.187760 18.007969 -1.064854
v 1.064855 18.007965 0.187760
v 0.620198 18.007967 0.885730
v -0.187761 18.007971 1.064850
v -0.885730 18.007975 0.620194
v -1.064850 18.007975 -0.187763
v -0.620196 18.007973 -0.885733
vt 0.375000 0.312500
vt 0.406250 0.312500
vt 0.406250 0.359492
vt 0.375000 0.359492
vt 0.437500 0.312500
vt 0.437500 0.359492
vt 0.468750 0.312500
vt 0.468750 0.359492
vt 0.500000 0.312500
vt 0.500000 0.359492
vt 0.531250 0.312500
vt 0.531250 0.359492
vt 0.562500 0.312500
vt 0.562500 0.359492
vt 0.593750 0.312500
vt 0.593750 0.359492
vt 0.625000 0.312500
vt 0.625000 0.359492
vt 0.593750 0.500470
vt 0.625000 0.500470
vt 0.625000 0.594455
vt 0.593750 0.594455
vt 0.562500 0.500470
vt 0.562500 0.594455
vt 0.531250 0.500470
vt 0.531250 0.594455
vt 0.500000 0.500470
vt 0.500000 0.594455
vt 0.468750 0.500470
vt 0.468750 0.594455
vt 0.437500 0.500470
vt 0.437500 0.594455
vt 0.406250 0.500470
vt 0.406250 0.594455
vt 0.375000 0.500470
vt 0.375000 0.594455
vt 0.593750 0.406485
vt 0.625000 0.406485
vt 0.562500 0.406485
vt 0.531250 0.406485
vt 0.500000 0.406485
vt 0.468750 0.406485
vt 0.437500 0.406485
vt 0.406250 0.406485
vt 0.375000 0.406485
vt 0.625000 0.688440
vt 0.593750 0.688440
vt 0.562500 0.688440
vt 0.531250 0.688440
vt 0.500000 0.688440
vt 0.468750 0.688440
vt 0.437500 0.688440
vt 0.406250 0.688440
vt 0.375000 0.688440
vt 0.000000 0.000000
vt 1.000000 0.000000
vt 1.000000 1.000000
vt 0.000000 1.000000
vt 0.000000 0.000000
vt 1.000000 0.000000
vt 1.000000 1.000000
vt 0.000000 1.000000
vt 0.000000 0.000000
vt 1.000000 0.000000
vt 1.000000 1.000000
vt 0.000000 1.000000
vt 0.000000 0.000000
vt 1.000000 0.000000
vt 1.000000 1.000000
vt 0.000000 1.000000
vt 0.000000 0.000000
vt 1.000000 0.000000
vt 1.000000 1.000000
vt 0.000000 1.000000
vt 0.000000 0.000000
vt 1.000000 0.000000
vt 1.000000 1.000000
vt 0.000000 1.000000
vt 0.000000 0.000000
vt 1.000000 0.000000
vt 1.000000 1.000000
vt 0.000000 1.000000
vt 0.000000 0.000000
vt 1.000000 0.000000
vt 1.000000 1.000000
vt 0.000000 1.000000
vt 0.000000 1.000000
vt 0.375000 0.312500
vt 0.406250 0.312500
vt 0.406250 0.359492
vt 0.375000 0.359492
vt 0.437500 0.312500
vt 0.437500 0.359492
vt 0.468750 0.312500
vt 0.468750 0.359492
vt 0.500000 0.312500
vt 0.500000 0.359492
vt 0.531250 0.312500
vt 0.531250 0.359492
vt 0.562500 0.312500
vt 0.562500 0.359492
vt 0.593750 0.312500
vt 0.593750 0.359492
vt 0.625000 0.312500
vt 0.625000 0.359492
vt 0.593750 0.500470
vt 0.625000 0.500470
vt 0.625000 0.594455
vt 0.593750 0.594455
vt 0.562500 0.500470
vt 0.562500 0.594455
vt 0.531250 0.500470
vt 0.531250 0.594455
vt 0.500000 0.500470
vt 0.500000 0.594455
vt 0.468750 0.500470
vt 0.468750 0.594455
vt 0.437500 0.500470
vt 0.437500 0.594455
vt 0.406250 0.500470
vt 0.406250 0.594455
vt 0.375000 0.500470
vt 0.375000 0.594455
vt 0.593750 0.406485
vt 0.625000 0.406485
vt 0.562500 0.406485
vt 0.531250 0.406485
vt 0.500000 0.406485
vt 0.468750 0.406485
vt 0.437500 0.406485
vt 0.406250 0.406485
vt 0.375000 0.406485
vt 0.625000 0.688440
vt 0.593750 0.688440
vt 0.562500 0.688440
vt 0.531250 0.688440
vt 0.500000 0.688440
vt 0.468750 0.688440
vt 0.437500 0.688440
vt 0.406250 0.688440
vt 0.375000 0.688440
vt 0.000000 0.000000
vt 1.000000 0.000000
vt 1.000000 1.000000
vt 0.000000 1.000000
vt 0.000000 0.000000
vt 1.000000 0.000000
vt 1.000000 1.000000
vt 0.000000 1.000000
vt 0.000000 0.000000
vt 1.000000 0.000000
vt 1.000000 1.000000
vt 0.000000 1.000000
vt 0.000000 0.000000
vt 1.000000 0.000000
vt 1.000000 1.000000
vt 0.000000 1.000000
vt 0.000000 0.000000
vt 1.000000 0.000000
vt 1.000000 1.000000
vt 0.000000 1.000000
vt 0.000000 0.000000
vt 1.000000 0.000000
vt 1.000000 1.000000
vt 0.000000 1.000000
vt 0.000000 0.000000
vt 1.000000 0.000000
vt 1.000000 1.000000
vt 0.000000 1.000000
vt 0.000000 0.000000
vt 1.000000 0.000000
vt 1.000000 1.000000
vt 0.000000 1.000000
vt 0.000000 1.000000
vt 0.375000 0.312500
vt 0.406250 0.312500
vt 0.406250 0.375157
vt 0.375000 0.375157
vt 0.437500 0.312500
vt 0.437500 0.375157
vt 0.468750 0.312500
vt 0.468750 0.375157
vt 0.500000 0.312500
vt 0.500000 0.375157
vt 0.531250 0.312500
vt 0.531250 0.375157
vt 0.562500 0.312500
vt 0.562500 0.375157
vt 0.593750 0.312500
vt 0.593750 0.375157
vt 0.625000 0.312500
vt 0.625000 0.375157
vt 0.625000 0.437813
vt 0.593750 0.437813
vt 0.562500 0.437813
vt 0.531250 0.437813
vt 0.500000 0.437813
vt 0.468750 0.437813
vt 0.437500 0.437813
vt 0.406250 0.437813
vt 0.375000 0.437813
vt 0.625000 0.500470
vt 0.593750 0.500470
vt 0.562500 0.500470
vt 0.531250 0.500470
vt 0.500000 0.500470
vt 0.468750 0.500470
vt 0.437500 0.500470
vt 0.406250 0.500470
vt 0.375000 0.500470
vt 0.625000 0.563127
vt 0.593750 0.563127
vt 0.562500 0.563127
vt 0.531250 0.563127
vt 0.500000 0.563127
vt 0.468750 0.563127
vt 0.437500 0.563127
vt 0.406250 0.563127
vt 0.375000 0.563127
vt 0.625000 0.625783
vt 0.593750 0.625783
vt 0.562500 0.625783
vt 0.531250 0.625783
vt 0.500000 0.625783
vt 0.468750 0.625783
vt 0.437500 0.625783
vt 0.406250 0.625783
vt 0.375000 0.625783
vt 0.625000 0.688440
vt 0.593750 0.688440
vt 0.562500 0.688440
vt 0.531250 0.688440
vt 0.500000 0.688440
vt 0.468750 0.688440
vt 0.437500 0.688440
vt 0.406250 0.688440
vt 0.375000 0.688440
vt 0.000000 1.000000
vt 1.000000 1.000000
vt 0.000000 1.000000
vt 1.000000 1.000000
vt 0.000000 1.000000
vt 1.000000 1.000000
vt 0.000000 1.000000
vt 1.000000 1.000000
vt 0.000000 1.000000
vt 1.000000 1.000000
vt 0.000000 1.000000
vt 1.000000 1.000000
vt 0.000000 1.000000
vt 1.000000 1.000000
vt 0.000000 1.000000
vt 1.000000 1.000000
vn -0.194138 0.564649 0.802173
vn -0.194138 0.564649 0.802173
vn -0.098432 0.479686 0.871902
vn -0.097794 0.479092 0.872300
vn -0.565786 0.063799 0.822080
vn -0.565786 0.063799 0.822080
vn -0.426262 -0.042892 0.903582
vn -0.436697 -0.035368 0.898913
vn -0.970511 -0.045794 0.236666
vn -0.970511 -0.045794 0.236666
vn -0.863164 -0.402128 0.305354
vn -0.868643 -0.391364 0.303797
vn -0.970511 -0.045794 -0.236666
vn -0.970511 -0.045794 -0.236666
vn -0.868643 -0.391364 -0.303798
vn -0.863164 -0.402128 -0.305355
vn -0.565787 0.063799 -0.822079
vn -0.565787 0.063799 -0.822079
vn -0.436698 -0.035369 -0.898913
vn -0.426263 -0.042892 -0.903582
vn -0.194138 0.564649 -0.802173
vn -0.194138 0.564649 -0.802173
vn -0.097794 0.479091 -0.872300
vn -0.098432 0.479686 -0.871902
vn 0.005107 0.994997 -0.099774
vn 0.005107 0.994997 -0.099774
vn 0.196213 0.975718 -0.097344
vn 0.193149 0.976322 -0.097412
vn 0.005107 0.994997 0.099774
vn 0.005107 0.994997 0.099774
vn 0.193150 0.976322 0.097413
vn 0.196213 0.975717 0.097344
vn 0.653302 0.751467 0.092163
vn 0.644673 0.758959 0.091532
vn 0.687481 0.710880 0.148390
vn 0.681473 0.714985 0.156174
vn 0.644673 0.758959 -0.091533
vn 0.653302 0.751467 -0.092164
vn 0.681473 0.714985 -0.156174
vn 0.687481 0.710880 -0.148390
vn 0.228223 0.285464 -0.930819
vn 0.197381 0.299301 -0.933520
vn 0.319110 0.276446 -0.906502
vn 0.337892 0.286077 -0.896654
vn -0.239961 -0.248750 -0.938372
vn -0.237904 -0.251785 -0.938086
vn -0.118071 -0.344785 -0.931226
vn -0.126797 -0.341186 -0.931405
vn -0.544550 -0.767482 -0.338284
vn -0.541101 -0.769345 -0.339585
vn -0.553668 -0.716350 -0.424611
vn -0.552670 -0.717907 -0.423280
vn -0.541101 -0.769345 0.339586
vn -0.544550 -0.767482 0.338285
vn -0.552670 -0.717906 0.423281
vn -0.553667 -0.716350 0.424612
vn -0.237904 -0.251785 0.938086
vn -0.239961 -0.248750 0.938372
vn -0.126797 -0.341186 0.931405
vn -0.118071 -0.344785 0.931226
vn 0.197381 0.299301 0.933520
vn 0.228223 0.285464 0.930819
vn 0.337893 0.286077 0.896654
vn 0.319111 0.276446 0.906502
vn 0.453552 0.886688 0.089866
vn 0.443942 0.891500 0.090247
vn 0.443941 0.891499 -0.090248
vn 0.453551 0.886688 -0.089867
vn 0.068790 0.367567 -0.927450
vn 0.051810 0.377855 -0.924414
vn -0.321189 -0.143711 -0.936047
vn -0.320190 -0.144869 -0.936211
vn -0.658307 -0.678922 -0.325112
vn -0.648834 -0.688158 -0.324736
vn -0.648834 -0.688158 0.324736
vn -0.658306 -0.678922 0.325113
vn -0.320189 -0.144869 0.936211
vn -0.321189 -0.143711 0.936047
vn 0.051809 0.377855 0.924414
vn 0.068790 0.367566 0.927450
vn 0.632263 0.744054 0.215932
vn 0.632263 0.744054 0.215932
vn 0.632263 0.744054 -0.215932
vn 0.632263 0.744054 -0.215932
vn 0.376124 0.305487 -0.874762
vn 0.376124 0.305487 -0.874762
vn -0.058096 -0.368580 -0.927779
vn -0.058096 -0.368580 -0.927779
vn -0.594112 -0.645369 -0.480136
vn -0.594112 -0.645369 -0.480136
vn -0.594112 -0.645368 0.480136
vn -0.594112 -0.645368 0.480136
vn -0.058096 -0.368580 0.927779
vn -0.058096 -0.368580 0.927779
vn 0.376124 0.305487 0.874762
vn 0.376124 0.305487 0.874762
vn -0.736218 0.563078 0.375402
vn -0.466516 0.840218 0.276399
vn -0.433412 0.864865 0.253303
vn -0.734639 0.565141 0.375393
vn -0.910389 0.310017 0.274009
vn -0.916799 0.299952 0.263644
vn -0.981270 0.192639 -0.000000
vn -0.981270 0.192639 -0.000000
vn -0.910389 0.310017 -0.274010
vn -0.916799 0.299952 -0.263645
vn -0.736217 0.563078 -0.375403
vn -0.734639 0.565141 -0.375395
vn -0.466515 0.840218 -0.276400
vn -0.433412 0.864865 -0.253304
vn -0.248367 0.968666 0.000000
vn -0.248367 0.968666 -0.000000
vn -0.880344 0.474336 -0.000000
vn -0.797016 0.603958 -0.000001
vn -0.791771 0.597481 -0.126945
vn -0.874096 0.470969 -0.118932
vn -0.791771 0.597482 0.126943
vn -0.874096 0.470969 0.118931
vn -0.680985 0.720232 0.132383
vn -0.687032 0.726627 -0.000002
vn -0.680985 0.720231 -0.132386
vn 0.275437 0.519722 -0.808717
vn 0.275437 0.519722 -0.808717
vn 0.112785 0.449749 -0.886006
vn 0.115231 0.450910 -0.885100
vn 0.545643 -0.075437 -0.834616
vn 0.545642 -0.075437 -0.834616
vn 0.378852 -0.160311 -0.911467
vn 0.389587 -0.155267 -0.907808
vn 0.906709 -0.327596 -0.265631
vn 0.906709 -0.327595 -0.265631
vn 0.754259 -0.567565 -0.330097
vn 0.759606 -0.561258 -0.328616
vn 0.906710 -0.327595 0.265629
vn 0.906710 -0.327595 0.265629
vn 0.759606 -0.561258 0.328615
vn 0.754259 -0.567565 0.330096
vn 0.545643 -0.075438 0.834615
vn 0.545643 -0.075438 0.834615
vn 0.389587 -0.155267 0.907807
vn 0.378852 -0.160311 0.911467
vn 0.275438 0.519724 0.808716
vn 0.275438 0.519724 0.808716
vn 0.115231 0.450911 0.885100
vn 0.112786 0.449749 0.886005
vn 0.102604 0.966828 0.233913
vn 0.102604 0.966828 0.233913
vn -0.112347 0.969896 0.216055
vn -0.115320 0.969619 0.215733
vn 0.102604 0.966828 -0.233913
vn 0.102604 0.966828 -0.233913
vn -0.115320 0.969619 -0.215733
vn -0.112347 0.969896 -0.216055
vn -0.499601 0.843406 -0.197649
vn -0.505287 0.839868 -0.198259
vn -0.580156 0.773785 -0.254314
vn -0.580608 0.775618 -0.247610
vn -0.505287 0.839868 0.198259
vn -0.499601 0.843406 0.197648
vn -0.580608 0.775618 0.247610
vn -0.580156 0.773785 0.254314
vn -0.188976 0.355145 0.915511
vn -0.138859 0.362355 0.921638
vn -0.300725 0.350749 0.886871
vn -0.332068 0.356896 0.873130
vn 0.216028 -0.253294 0.942960
vn 0.209271 -0.258286 0.943130
vn 0.115604 -0.311393 0.943223
vn 0.121629 -0.309757 0.943004
vn 0.533395 -0.735847 0.417156
vn 0.533238 -0.735871 0.417315
vn 0.514151 -0.698279 0.498051
vn 0.514766 -0.695861 0.500793
vn 0.533238 -0.735871 -0.417314
vn 0.533395 -0.735847 -0.417156
vn 0.514766 -0.695861 -0.500792
vn 0.514152 -0.698279 -0.498050
vn 0.209271 -0.258286 -0.943130
vn 0.216028 -0.253294 -0.942960
vn 0.121629 -0.309757 -0.943004
vn 0.115604 -0.311393 -0.943223
vn -0.138860 0.362356 -0.921638
vn -0.188976 0.355145 -0.915511
vn -0.332068 0.356896 -0.873130
vn -0.300725 0.350750 -0.886870
vn -0.330685 0.923890 -0.192551
vn -0.333287 0.923008 -0.192293
vn -0.333287 0.923008 0.192292
vn -0.330685 0.923890 0.192550
vn -0.027845 0.385239 0.922397
vn -0.016474 0.389978 0.920677
vn 0.292009 -0.199764 0.935321
vn 0.292846 -0.199382 0.935141
vn 0.602251 -0.707928 0.368960
vn 0.600933 -0.708789 0.369454
vn 0.600933 -0.708790 -0.369454
vn 0.602251 -0.707928 -0.368960
vn 0.292846 -0.199382 -0.935141
vn 0.292009 -0.199764 -0.935321
vn -0.016474 0.389979 -0.920677
vn -0.027845 0.385239 -0.922397
vn -0.576592 0.761157 -0.296953
vn -0.576592 0.761157 -0.296953
vn -0.576592 0.761157 0.296953
vn -0.576592 0.761157 0.296953
vn -0.378365 0.365312 0.850521
vn -0.378365 0.365312 0.850521
vn 0.093020 -0.317406 0.943717
vn 0.093020 -0.317406 0.943717
vn 0.522778 -0.660253 0.539230
vn 0.522778 -0.660253 0.539230
vn 0.522778 -0.660254 -0.539229
vn 0.522778 -0.660254 -0.539229
vn 0.093020 -0.317406 -0.943717
vn 0.093020 -0.317406 -0.943717
vn -0.378365 0.365312 -0.850522
vn -0.378365 0.365312 -0.850522
vn 0.825950 0.428433 -0.366405
vn 0.667130 0.690223 -0.280232
vn 0.657282 0.705280 -0.265634
vn 0.824832 0.430588 -0.366396
vn 0.951047 0.154694 -0.267543
vn 0.955534 0.143899 -0.257388
vn 0.999556 0.029788 0.000000
vn 0.999556 0.029788 0.000000
vn 0.951047 0.154694 0.267544
vn 0.955533 0.143899 0.257389
vn 0.825949 0.428433 0.366405
vn 0.824832 0.430588 0.366395
vn 0.667130 0.690224 0.280230
vn 0.657282 0.705280 0.265633
vn 0.600402 0.799699 -0.000000
vn 0.600402 0.799699 0.000000
vn 0.949337 0.314260 0.000000
vn 0.889783 0.456383 0.000001
vn 0.883493 0.450915 0.126946
vn 0.942599 0.312030 0.118933
vn 0.883493 0.450915 -0.126945
vn 0.942599 0.312030 -0.118933
vn 0.795706 0.591038 -0.132386
vn 0.802772 0.596286 0.000001
vn 0.795706 0.591038 0.132388
vn 0.477958 -0.032584 -0.877778
vn 0.477958 -0.032584 -0.877778
vn 0.455933 -0.034635 -0.889340
vn 0.461524 -0.034119 -0.886471
vn -0.200100 -0.026459 -0.979418
vn -0.200100 -0.026459 -0.979418
vn -0.223177 -0.028676 -0.974356
vn -0.227681 -0.029108 -0.973301
vn -0.833786 -0.017090 -0.551823
vn -0.833786 -0.017090 -0.551823
vn -0.849327 -0.014882 -0.527657
vn -0.850688 -0.014683 -0.525466
vn -0.958116 -0.025211 0.285270
vn -0.958116 -0.025211 0.285270
vn -0.951899 -0.021668 0.305645
vn -0.953161 -0.022369 0.301634
vn -0.476639 -0.033524 0.878460
vn -0.476639 -0.033524 0.878460
vn -0.453179 -0.035736 0.890703
vn -0.459205 -0.035173 0.887634
vn 0.201511 -0.025659 0.979150
vn 0.201511 -0.025659 0.979150
vn 0.225790 -0.027814 0.973779
vn 0.230423 -0.028224 0.972681
vn 0.833616 -0.015588 0.552124
vn 0.833616 -0.015588 0.552124
vn 0.849001 -0.013230 0.528225
vn 0.850413 -0.013007 0.525955
vn 0.958067 -0.023736 -0.285559
vn 0.958067 -0.023736 -0.285559
vn 0.951758 -0.020082 -0.306192
vn 0.953060 -0.020815 -0.302067
vn 0.938723 -0.020556 -0.344059
vn 0.940553 -0.019472 -0.339088
vn 0.878425 -0.014685 0.477654
vn 0.880937 -0.015722 0.472973
vn 0.277826 -0.031730 0.960107
vn 0.285946 -0.032151 0.957706
vn -0.410236 -0.037691 0.911200
vn -0.418176 -0.037704 0.907583
vn -0.939092 -0.022212 0.342946
vn -0.940851 -0.021160 0.338160
vn -0.878960 -0.016572 -0.476607
vn -0.881406 -0.017575 -0.472032
vn -0.272525 -0.032678 -0.961594
vn -0.280321 -0.033104 -0.959335
vn 0.415910 -0.036441 -0.908675
vn 0.423142 -0.036458 -0.905330
vn 0.929254 -0.021993 -0.368787
vn 0.930881 -0.022424 -0.364635
vn 0.897848 -0.019758 0.439862
vn 0.900590 -0.019712 0.434223
vn 0.316111 -0.033294 0.948138
vn 0.324745 -0.033441 0.945210
vn -0.380528 -0.037044 0.924027
vn -0.388200 -0.037333 0.920818
vn -0.929835 -0.023615 0.367217
vn -0.931382 -0.024044 0.363248
vn -0.898527 -0.021609 -0.438387
vn -0.901204 -0.021558 -0.432859
vn -0.308430 -0.034248 -0.950630
vn -0.316548 -0.034405 -0.947953
vn 0.388855 -0.035777 -0.920604
vn 0.395659 -0.036068 -0.917689
vn 0.922064 -0.026731 -0.386114
vn 0.923699 -0.024578 -0.382329
vn 0.910192 -0.023457 0.413522
vn 0.911963 -0.025610 0.409472
vn 0.342648 -0.034254 0.938839
vn 0.349178 -0.034888 0.936407
vn -0.360071 -0.037220 0.932182
vn -0.366437 -0.036954 0.929709
vn -0.922860 -0.028338 0.384092
vn -0.924400 -0.026233 0.380521
vn -0.910987 -0.025315 -0.411658
vn -0.912739 -0.027396 -0.407623
vn -0.332736 -0.035229 -0.942362
vn -0.338572 -0.035878 -0.940256
vn 0.370857 -0.036002 -0.927992
vn 0.376290 -0.035709 -0.925813
vn 0.917405 -0.038163 -0.396121
vn 0.918444 -0.034371 -0.394056
vn 0.915273 -0.033957 0.401401
vn 0.915575 -0.037804 0.400368
vn 0.351618 -0.035772 0.935460
vn 0.346210 -0.036209 0.937458
vn -0.336334 -0.037689 0.940988
vn -0.347572 -0.037538 0.936902
vn -0.918377 -0.039974 0.393682
vn -0.919341 -0.036194 0.391792
vn -0.916191 -0.035886 -0.399131
vn -0.916528 -0.039673 -0.397997
vn -0.339599 -0.036829 -0.939849
vn -0.333083 -0.037377 -0.942156
vn 0.349545 -0.036461 -0.936210
vn 0.359638 -0.036334 -0.932384
vn 0.915978 -0.043267 -0.398889
vn 0.915978 -0.043267 -0.398889
vn 0.915978 -0.043267 0.398890
vn 0.915978 -0.043267 0.398890
vn 0.341944 -0.036553 0.939009
vn 0.341944 -0.036553 0.939009
vn -0.328048 -0.037797 0.943904
vn -0.328048 -0.037797 0.943905
vn -0.916999 -0.045262 0.396313
vn -0.916999 -0.045262 0.396313
vn -0.916999 -0.045262 -0.396312
vn -0.916999 -0.045262 -0.396312
vn -0.328048 -0.037797 -0.943904
vn -0.328049 -0.037797 -0.943904
vn 0.341944 -0.036553 -0.939009
vn 0.341944 -0.036553 -0.939009
vn -0.140029 0.963137 0.229693
vn -0.140029 0.963137 0.229693
vn -0.140029 0.963137 0.229693
vn -0.140029 0.963137 0.229693
vn -0.474062 0.872886 0.115475
vn -0.474062 0.872886 0.115475
vn -0.474062 0.872886 0.115475
vn -0.474062 0.872886 0.115475
vn -0.406601 0.871932 -0.272781
vn -0.406602 0.871932 -0.272781
vn -0.406601 0.871932 -0.272781
vn -0.406601 0.871932 -0.272781
vn -0.052359 0.962928 -0.264629
vn -0.052359 0.962928 -0.264629
vn -0.052359 0.962928 -0.264629
vn -0.052359 0.962928 -0.264629
vn 0.140000 0.963155 -0.229633
vn 0.140000 0.963155 -0.229634
vn 0.140000 0.963156 -0.229634
vn 0.140000 0.963155 -0.229633
vn 0.471448 0.874384 -0.114843
vn 0.471448 0.874384 -0.114843
vn 0.471448 0.874384 -0.114843
vn 0.471448 0.874384 -0.114843
vn 0.403636 0.873928 0.270789
vn 0.403637 0.873928 0.270789
vn 0.403636 0.873928 0.270789
vn 0.403636 0.873928 0.270789
vn 0.052219 0.963139 0.263887
vn 0.052219 0.963139 0.263887
vn 0.052219 0.963139 0.263887
vn 0.052219 0.963139 0.263887
s 1
g handpopus_geo hueso_geo
usemtl aiStandardSurface7SG
f 730/1575/1626 731/1576/1627 777/1577/1628 770/1578/1629
s 2
f 731/1576/1630 732/1579/1631 776/1580/1632 777/1577/1633
s 3
f 732/1579/1634 733/1581/1635 775/1582/1636 776/1580/1637
s 4
f 733/1581/1638 734/1583/1639 774/1584/1640 775/1582/1641
s 5
f 734/1583/1642 735/1585/1643 773/1586/1644 774/1584/1645
s 6
f 735/1585/1646 736/1587/1647 772/1588/1648 773/1586/1649
s 7
f 736/1587/1650 737/1589/1651 771/1590/1652 772/1588/1653
s 8
f 737/1589/1654 730/1591/1655 770/1592/1656 771/1590/1657
f 747/1593/1658 746/1594/1659 762/1595/1660 763/1596/1661
s 7
f 748/1597/1662 747/1593/1663 763/1596/1664 764/1598/1665
s 6
f 749/1599/1666 748/1597/1667 764/1598/1668 765/1600/1669
s 5
f 750/1601/1670 749/1599/1671 765/1600/1672 766/1602/1673
s 4
f 751/1603/1674 750/1601/1675 766/1602/1676 767/1604/1677
s 3
f 752/1605/1678 751/1603/1679 767/1604/1680 768/1606/1681
s 2
f 753/1607/1682 752/1605/1683 768/1606/1684 769/1608/1685
s 1
f 746/1609/1686 753/1607/1687 769/1608/1688 762/1610/1689
s 8
f 755/1611/1690 754/1612/1691 746/1594/1659 747/1593/1658
s 7
f 756/1613/1692 755/1611/1693 747/1593/1663 748/1597/1662
s 6
f 757/1614/1694 756/1613/1695 748/1597/1667 749/1599/1666
s 5
f 758/1615/1696 757/1614/1697 749/1599/1671 750/1601/1670
s 4
f 759/1616/1698 758/1615/1699 750/1601/1675 751/1603/1674
s 3
f 760/1617/1700 759/1616/1701 751/1603/1679 752/1605/1678
s 2
f 761/1618/1702 760/1617/1703 752/1605/1683 753/1607/1682
s 1
f 754/1619/1704 761/1618/1705 753/1607/1687 746/1609/1686
s 8
f 763/1596/1661 762/1595/1660 738/1620/1706 745/1621/1707
s 7
f 764/1598/1665 763/1596/1664 745/1621/1708 744/1622/1709
s 6
f 765/1600/1669 764/1598/1668 744/1622/1710 743/1623/1711
s 5
f 766/1602/1673 765/1600/1672 743/1623/1712 742/1624/1713
s 4
f 767/1604/1677 766/1602/1676 742/1624/1714 741/1625/1715
s 3
f 768/1606/1681 767/1604/1680 741/1625/1716 740/1626/1717
s 2
f 769/1608/1685 768/1606/1684 740/1626/1718 739/1627/1719
s 1
f 762/1610/1689 769/1608/1688 739/1627/1720 738/1628/1721
s 8
f 771/1590/1657 770/1592/1656 754/1612/1691 755/1611/1690
s 7
f 772/1588/1653 771/1590/1652 755/1611/1693 756/1613/1692
s 6
f 773/1586/1649 772/1588/1648 756/1613/1695 757/1614/1694
s 5
f 774/1584/1645 773/1586/1644 757/1614/1697 758/1615/1696
s 4
f 775/1582/1641 774/1584/1640 758/1615/1699 759/1616/1698
s 3
f 776/1580/1637 775/1582/1636 759/1616/1701 760/1617/1700
s 2
f 777/1577/1633 776/1580/1632 760/1617/1703 761/1618/1702
s 1
f 770/1578/1629 777/1577/1628 761/1618/1705 754/1619/1704
s 17
f 731/1629/1722 730/1630/1723 778/1631/1724 779/1632/1725
f 732/1633/1726 731/1634/1722 779/1635/1725 780/1636/1727
f 733/1637/1728 732/1638/1726 780/1639/1727 781/1640/1729
f 734/1641/1730 733/1642/1728 781/1643/1729 782/1644/1731
f 735/1645/1732 734/1646/1730 782/1647/1731 783/1648/1733
f 736/1649/1734 735/1650/1732 783/1651/1733 784/1652/1735
f 737/1653/1736 736/1654/1734 784/1655/1735 785/1656/1737
f 730/1657/1723 737/1658/1736 785/1659/1737 778/1660/1724
s 18
f 781/1640/1738 786/1661/1739 783/1648/1740 782/1644/1741
f 779/1632/1742 786/1661/1739 781/1640/1738 780/1636/1743
f 779/1632/1742 778/1660/1744 785/1656/1745 786/1661/1739
f 783/1648/1740 786/1661/1739 785/1656/1745 784/1652/1746
s 19
f 787/1662/1747 788/1663/1748 829/1664/1749 822/1665/1750
s 20
f 788/1663/1751 789/1666/1752 828/1667/1753 829/1664/1754
s 21
f 789/1666/1755 790/1668/1756 827/1669/1757 828/1667/1758
s 22
f 790/1668/1759 791/1670/1760 826/1671/1761 827/1669/1762
s 23
f 791/1670/1763 792/1672/1764 825/1673/1765 826/1671/1766
s 24
f 792/1672/1767 793/1674/1768 824/1675/1769 825/1673/1770
s 25
f 793/1674/1771 794/1676/1772 823/1677/1773 824/1675/1774
s 26
f 794/1676/1775 787/1678/1776 822/1679/1777 823/1677/1778
f 799/1680/1779 798/1681/1780 814/1682/1781 815/1683/1782
s 25
f 800/1684/1783 799/1680/1784 815/1683/1785 816/1685/1786
s 24
f 801/1686/1787 800/1684/1788 816/1685/1789 817/1687/1790
s 23
f 802/1688/1791 801/1686/1792 817/1687/1793 818/1689/1794
s 22
f 803/1690/1795 802/1688/1796 818/1689/1797 819/1691/1798
s 21
f 804/1692/1799 803/1690/1800 819/1691/1801 820/1693/1802
s 20
f 805/1694/1803 804/1692/1804 820/1693/1805 821/1695/1806
s 19
f 798/1696/1807 805/1694/1808 821/1695/1809 814/1697/1810
s 26
f 807/1698/1811 806/1699/1812 798/1681/1780 799/1680/1779
s 25
f 808/1700/1813 807/1698/1814 799/1680/1784 800/1684/1783
s 24
f 809/1701/1815 808/1700/1816 800/1684/1788 801/1686/1787
s 23
f 810/1702/1817 809/1701/1818 801/1686/1792 802/1688/1791
s 22
f 811/1703/1819 810/1702/1820 802/1688/1796 803/1690/1795
s 21
f 812/1704/1821 811/1703/1822 803/1690/1800 804/1692/1799
s 20
f 813/1705/1823 812/1704/1824 804/1692/1804 805/1694/1803
s 19
f 806/1706/1825 813/1705/1826 805/1694/1808 798/1696/1807
s 26
f 815/1683/1782 814/1682/1781 744/1707/1827 745/1708/1828
s 25
f 816/1685/1786 815/1683/1785 745/1708/1829 738/1709/1830
s 24
f 817/1687/1790 816/1685/1789 738/1709/1831 739/1710/1832
s 23
f 818/1689/1794 817/1687/1793 739/1710/1833 797/1711/1834
s 22
f 819/1691/1798 818/1689/1797 797/1711/1835 796/1712/1836
s 21
f 820/1693/1802 819/1691/1801 796/1712/1837 795/1713/1838
s 20
f 821/1695/1806 820/1693/1805 795/1713/1839 743/1714/1840
s 19
f 814/1697/1810 821/1695/1809 743/1714/1841 744/1715/1842
s 26
f 823/1677/1778 822/1679/1777 806/1699/1812 807/1698/1811
s 25
f 824/1675/1774 823/1677/1773 807/1698/1814 808/1700/1813
s 24
f 825/1673/1770 824/1675/1769 808/1700/1816 809/1701/1815
s 23
f 826/1671/1766 825/1673/1765 809/1701/1818 810/1702/1817
s 22
f 827/1669/1762 826/1671/1761 810/1702/1820 811/1703/1819
s 21
f 828/1667/1758 827/1669/1757 811/1703/1822 812/1704/1821
s 20
f 829/1664/1754 828/1667/1753 812/1704/1824 813/1705/1823
s 19
f 822/1665/1750 829/1664/1749 813/1705/1826 806/1706/1825
s 35
f 788/1716/1843 787/1717/1844 830/1718/1845 831/1719/1846
f 789/1720/1847 788/1721/1843 831/1722/1846 832/1723/1848
f 790/1724/1849 789/1725/1847 832/1726/1848 833/1727/1850
f 791/1728/1851 790/1729/1849 833/1730/1850 834/1731/1852
f 792/1732/1853 791/1733/1851 834/1734/1852 835/1735/1854
f 793/1736/1855 792/1737/1853 835/1738/1854 836/1739/1856
f 794/1740/1857 793/1741/1855 836/1742/1856 837/1743/1858
f 787/1744/1844 794/1745/1857 837/1746/1858 830/1747/1845
s 36
f 833/1727/1859 838/1748/1860 835/1735/1861 834/1731/1862
f 831/1719/1863 838/1748/1860 833/1727/1859 832/1723/1864
f 831/1719/1863 830/1747/1865 837/1743/1866 838/1748/1860
f 835/1735/1861 838/1748/1860 837/1743/1866 836/1739/1867
s 37
f 839/1749/1868 840/1750/1869 854/1751/1870 847/1752/1871
s 38
f 840/1750/1872 841/1753/1873 853/1754/1874 854/1751/1875
s 39
f 841/1753/1876 842/1755/1877 852/1756/1878 853/1754/1879
s 40
f 842/1755/1880 843/1757/1881 851/1758/1882 852/1756/1883
s 41
f 843/1757/1884 844/1759/1885 850/1760/1886 851/1758/1887
s 42
f 844/1759/1888 845/1761/1889 849/1762/1890 850/1760/1891
s 43
f 845/1761/1892 846/1763/1893 848/1764/1894 849/1762/1895
s 44
f 846/1763/1896 839/1765/1897 847/1766/1898 848/1764/1899
f 848/1764/1899 847/1766/1898 855/1767/1900 856/1768/1901
s 43
f 849/1762/1895 848/1764/1894 856/1768/1902 857/1769/1903
s 42
f 850/1760/1891 849/1762/1890 857/1769/1904 858/1770/1905
s 41
f 851/1758/1887 850/1760/1886 858/1770/1906 859/1771/1907
s 40
f 852/1756/1883 851/1758/1882 859/1771/1908 860/1772/1909
s 39
f 853/1754/1879 852/1756/1878 860/1772/1910 861/1773/1911
s 38
f 854/1751/1875 853/1754/1874 861/1773/1912 862/1774/1913
s 37
f 847/1752/1871 854/1751/1870 862/1774/1914 855/1775/1915
s 44
f 856/1768/1901 855/1767/1900 863/1776/1916 864/1777/1917
s 43
f 857/1769/1903 856/1768/1902 864/1777/1918 865/1778/1919
s 42
f 858/1770/1905 857/1769/1904 865/1778/1920 866/1779/1921
s 41
f 859/1771/1907 858/1770/1906 866/1779/1922 867/1780/1923
s 40
f 860/1772/1909 859/1771/1908 867/1780/1924 868/1781/1925
s 39
f 861/1773/1911 860/1772/1910 868/1781/1926 869/1782/1927
s 38
f 862/1774/1913 861/1773/1912 869/1782/1928 870/1783/1929
s 37
f 855/1775/1915 862/1774/1914 870/1783/1930 863/1784/1931
s 44
f 864/1777/1917 863/1776/1916 871/1785/1932 872/1786/1933
s 43
f 865/1778/1919 864/1777/1918 872/1786/1934 873/1787/1935
s 42
f 866/1779/1921 865/1778/1920 873/1787/1936 874/1788/1937
s 41
f 867/1780/1923 866/1779/1922 874/1788/1938 875/1789/1939
s 40
f 868/1781/1925 867/1780/1924 875/1789/1940 876/1790/1941
s 39
f 869/1782/1927 868/1781/1926 876/1790/1942 877/1791/1943
s 38
f 870/1783/1929 869/1782/1928 877/1791/1944 878/1792/1945
s 37
f 863/1784/1931 870/1783/1930 878/1792/1946 871/1793/1947
s 44
f 872/1786/1933 871/1785/1932 879/1794/1948 880/1795/1949
s 43
f 873/1787/1935 872/1786/1934 880/1795/1950 881/1796/1951
s 42
f 874/1788/1937 873/1787/1936 881/1796/1952 882/1797/1953
s 41
f 875/1789/1939 874/1788/1938 882/1797/1954 883/1798/1955
s 40
f 876/1790/1941 875/1789/1940 883/1798/1956 884/1799/1957
s 39
f 877/1791/1943 876/1790/1942 884/1799/1958 885/1800/1959
s 38
f 878/1792/1945 877/1791/1944 885/1800/1960 886/1801/1961
s 37
f 871/1793/1947 878/1792/1946 886/1801/1962 879/1802/1963
s 44
f 880/1795/1949 879/1794/1948 795/1803/1964 796/1804/1965
s 43
f 881/1796/1951 880/1795/1950 796/1804/1966 797/1805/1967
s 42
f 882/1797/1953 881/1796/1952 797/1805/1968 739/1806/1969
s 41
f 883/1798/1955 882/1797/1954 739/1806/1970 740/1807/1971
s 40
f 884/1799/1957 883/1798/1956 740/1807/1972 741/1808/1973
s 39
f 885/1800/1959 884/1799/1958 741/1808/1974 742/1809/1975
s 38
f 886/1801/1961 885/1800/1960 742/1809/1976 743/1810/1977
s 37
f 879/1802/1963 886/1801/1962 743/1810/1978 795/1811/1979
s off
f 840/1750/1980 839/1749/1981 887/1812/1982 888/1813/1983
f 839/1765/1984 846/1763/1985 889/1814/1986 887/1815/1987
f 846/1763/1988 845/1761/1989 890/1816/1990 889/1817/1991
f 845/1761/1992 844/1759/1993 891/1818/1994 890/1819/1995
f 844/1759/1996 843/1757/1997 892/1820/1998 891/1821/1999
f 843/1757/2000 842/1755/2001 893/1822/2002 892/1823/2003
f 842/1755/2004 841/1753/2005 894/1824/2006 893/1825/2007
f 841/1753/2008 840/1750/2009 888/1826/2010 894/1827/2011
g default
v 1.789146 11.062240 3.630104
v 2.304363 11.062240 3.352458
v 1.840395 13.218830 3.731943
v 2.355612 13.218831 3.454297
v 1.738072 13.502495 3.699799
v 2.327607 10.778575 3.227460
v 1.676853 10.778575 3.578146
v 2.042267 10.778575 3.482364
v 2.363520 12.140535 3.395521
v 2.103487 13.502495 3.604017
v 1.789325 12.140535 3.704949
v 2.388826 13.502495 3.349112
v 2.081824 12.140535 3.560967
v 2.065413 13.744575 3.528357
v 1.995685 10.536496 3.389796
v 2.428480 12.140535 3.259376
v 1.644289 12.140535 3.681970
v 1.916723 11.449447 3.600881
v 2.208082 11.449447 3.443870
v 2.241715 12.831624 3.510704
v 1.950356 12.831624 3.667716
v 1.931750 13.600226 3.679807
v 2.261957 13.600226 3.501862
v 2.207900 13.600226 3.394442
v 1.877692 13.600226 3.572389
v 1.813038 10.680843 3.443910
v 2.143245 10.680843 3.265964
v 2.197303 10.680843 3.373384
v 1.867095 10.680843 3.551329
v 2.393131 11.449447 3.318323
v 2.339074 11.449447 3.210902
v 2.372708 12.831624 3.277738
v 2.426764 12.831624 3.385158
v 1.657170 11.449447 3.578377
v 1.711226 11.449447 3.685797
v 1.744860 12.831624 3.752632
v 1.690803 12.831624 3.645212
v 2.062500 11.397982 3.522570
v 2.237097 12.140535 3.474123
v 2.098639 12.883087 3.594381
v 1.924042 12.140535 3.642828
v 2.097729 13.636792 3.592574
v 2.242502 13.706387 3.432143
v 2.041496 13.636792 3.480830
v 1.887705 13.706387 3.623341
v 1.975556 10.644279 3.349798
v 2.174116 10.574683 3.296250
v 2.031789 10.644279 3.461541
v 1.819319 10.574683 3.487447
v 2.384064 11.397982 3.237668
v 2.379091 12.140535 3.227785
v 2.420202 12.883087 3.309479
v 2.435323 12.140535 3.339528
v 1.652566 11.397982 3.631867
v 1.703826 12.140535 3.733727
v 1.688704 12.883087 3.703679
v 1.647592 12.140535 3.621983
v 1.890933 10.872313 3.567640
v 2.196549 10.872313 3.402945
v 2.327134 11.500911 3.373131
v 2.358264 12.780160 3.434989
v 2.254474 13.408757 3.518049
v 1.948857 13.408757 3.682744
v 1.823588 12.780160 3.723121
v 1.792459 11.500911 3.661264
v 2.397801 13.408757 3.423515
v 2.345823 13.408757 3.320228
v 1.739858 13.408757 3.646777
v 1.791836 13.408757 3.750064
v 2.287897 10.872313 3.205121
v 2.339876 10.872313 3.308411
v 1.733911 10.872313 3.634960
v 1.681933 10.872313 3.531673
v 1.048797 10.323918 3.691894
v 2.729130 10.323918 2.754521
v 1.125997 13.957152 3.845302
v 2.806330 13.957152 2.907929
v 0.776770 14.435044 3.713836
v 2.801732 9.846025 2.336292
v 0.682773 9.846025 3.527049
v 1.931626 9.846025 3.307985
v 2.869709 12.140535 2.789106
v 2.025625 14.435044 3.494773
v 0.998512 12.140535 3.836737
v 2.895729 14.435044 2.523080
v 2.006990 12.140535 3.457744
v 1.912473 15.102645 3.269923
v 1.795010 9.178425 3.036507
v 3.052747 12.140535 2.281319
v 0.501962 12.140535 3.721529
v 1.492712 10.976249 3.631984
v 2.438463 10.976249 3.118960
v 2.492735 13.304821 3.226805
v 1.546985 13.304821 3.739831
v 1.459459 14.774628 3.725396
v 2.529578 14.774628 3.140527
v 2.369496 14.774629 2.822419
v 1.299376 14.774629 3.407289
v 1.193443 9.506442 3.196783
v 2.263562 9.506442 2.611914
v 2.423645 9.506441 2.930021
v 1.353525 9.506441 3.514890
v 2.973604 10.976249 2.548551
v 2.813523 10.976249 2.230444
v 2.867794 13.304821 2.338290
v 3.027876 13.304821 2.656396
v 0.593755 10.976249 3.479435
v 0.753837 10.976249 3.797542
v 0.808109 13.304821 3.905387
v 0.648026 13.304821 3.587280
v 1.972122 10.889547 3.388455
v 2.502099 12.140535 3.156336
v 2.029441 13.391522 3.502357
v 1.486888 12.140535 3.709487
v 2.009147 14.903610 3.462029
v 2.469494 14.966198 2.920177
v 1.842621 14.903610 3.131119
v 1.320653 14.966198 3.550522
v 1.732155 9.377460 2.911605
v 2.356827 9.314873 2.696292
v 1.898680 9.377460 3.242515
v 1.207987 9.314873 3.326636
v 2.945914 10.889547 2.287706
v 2.908831 12.140535 2.214018
v 3.003232 13.391522 2.401608
v 3.075355 12.140535 2.544927
v 0.565652 10.889547 3.629410
v 0.695095 12.140535 3.886631
v 0.622971 13.391522 3.743310
v 0.528569 12.140535 3.555720
v 1.429612 10.003946 3.565130
v 2.421008 10.003946 3.025738
v 2.783341 11.062952 2.781492
v 2.834565 13.218119 2.883282
v 2.509455 14.277123 3.201494
v 1.518059 14.277123 3.740888
v 1.091262 13.218119 3.857033
v 1.040038 11.062952 3.755243
v 2.925267 14.277123 2.767657
v 2.771342 14.277123 2.461786
v 0.797330 14.277123 3.568810
v 0.951255 14.277123 3.874681
v 2.682895 10.003946 2.286029
v 2.836819 10.003946 2.591900
v 0.862808 10.003946 3.698924
v 0.708884 10.003946 3.393054
v -1.188934 10.323917 3.670907
v -2.821932 10.323917 2.647955
v -1.273436 13.957150 3.820141
v -2.906434 13.957150 2.797189
v -0.918309 14.435043 3.706862
v -2.874268 9.846025 2.226493
v -0.815421 9.846025 3.525157
v -2.052131 9.846025 3.241903
v -2.964001 12.140534 2.675241
v -2.155021 14.435043 3.423609
v -1.145699 12.140534 3.818167
v -2.977157 14.435043 2.408199
v -2.134624 12.140534 3.387587
v -2.031166 15.102645 3.204876
v -1.902592 9.178423 2.977810
v -3.122315 12.140534 2.158631
v -0.644219 12.140534 3.728731
v -1.629400 10.976248 3.588158
v -2.549211 10.976248 3.026949
v -2.608616 13.304820 3.131861
v -1.688805 13.304820 3.693071
v -1.600693 14.774627 3.683171
v -2.641252 14.774627 3.043787
v -2.466027 14.774627 2.734332
v -1.425470 14.774627 3.373718
v -1.309516 9.506441 3.168939
v -2.350073 9.506441 2.529554
v -2.525297 9.506440 2.839007
v -1.484740 9.506440 3.478392
v -3.056163 10.976248 2.429620
v -2.880939 10.976248 2.120166
v -2.940344 13.304820 2.225077
v -3.115567 13.304820 2.534531
v -0.724219 10.976248 3.482197
v -0.899443 10.976248 3.791650
v -0.958848 13.304820 3.896561
v -0.783623 13.304820 3.587108
v -2.096458 10.889547 3.320184
v -2.614569 12.140534 3.060995
v -2.159198 13.391521 3.430987
v -1.627321 12.140534 3.665867
v -2.136984 14.903609 3.391756
v -2.570614 14.966195 2.826809
v -1.954708 14.903609 3.069847
v -1.453629 14.966195 3.515677
v -1.833791 9.377459 2.856306
v -2.447290 9.314872 2.609014
v -2.016069 9.377459 3.178213
v -1.330305 9.314872 3.297882
v -3.015925 10.889547 2.170524
v -2.975334 12.140534 2.098841
v -3.078665 13.391521 2.281327
v -3.157610 12.140534 2.420748
v -0.703385 10.889547 3.633438
v -0.845072 12.140534 3.883662
v -0.766126 13.391521 3.744240
v -0.662795 12.140534 3.561754
v -1.563154 10.003945 3.524643
v -2.527281 10.003945 2.934742
v -2.877376 11.062951 2.672095
v -2.933445 13.218117 2.771116
v -2.624094 14.277122 3.105718
v -1.659967 14.277122 3.695619
v -1.239311 13.218117 3.833652
v -1.183241 11.062951 3.734630
v -3.018454 14.277122 2.650951
v -2.849971 14.277122 2.353400
v -0.931848 14.277122 3.560954
v -1.100332 14.277122 3.858503
v -2.753157 10.003945 2.182425
v -2.921641 10.003945 2.479975
v -1.003519 10.003945 3.687528
v -0.835035 10.003945 3.389978
v -1.905842 11.062239 3.584253
v -2.407017 11.062239 3.280355
v -1.961939 13.218829 3.683322
v -2.463114 13.218830 3.379424
v -1.858195 13.502494 3.656498
v -2.424202 10.778575 3.154311
v -1.791184 10.778575 3.538156
v -2.151518 10.778575 3.423630
v -2.468176 12.140534 3.320311
v -2.218529 13.502494 3.541973
v -1.909631 12.140534 3.658997
v -2.491212 13.502494 3.272654
v -2.194816 12.140534 3.500095
v -2.176852 13.744573 3.468371
v -2.100529 10.536495 3.333580
v -2.526487 12.140534 3.180981
v -1.763670 12.140534 3.643533
v -2.031849 11.449446 3.548481
v -2.315267 11.449446 3.376624
v -2.352081 12.831623 3.441641
v -2.068664 12.831623 3.613498
v -2.050664 13.600224 3.626535
v -2.371871 13.600224 3.431764
v -2.312701 13.600224 3.327266
v -1.991493 13.600224 3.522038
v -1.920723 10.680842 3.397054
v -2.241931 10.680842 3.202284
v -2.301101 10.680842 3.306781
v -1.979894 10.680842 3.501552
v -2.494026 11.449446 3.241680
v -2.434856 11.449446 3.137182
v -2.471671 12.831623 3.202200
v -2.530842 12.831623 3.306698
v -1.771538 11.449446 3.539402
v -1.830708 11.449446 3.643899
v -1.867524 12.831623 3.708916
v -1.808353 12.831623 3.604419
v -2.173665 11.397982 3.462742
v -2.345705 12.140534 3.405344
v -2.213222 12.883086 3.532600
v -2.041182 12.140534 3.589998
v -2.212226 13.636791 3.530842
v -2.349077 13.706387 3.363135
v -2.150674 13.636791 3.422138
v -2.003951 13.706387 3.572411
v -2.078497 10.644277 3.294670
v -2.274222 10.574682 3.230939
v -2.140048 10.644277 3.403373
v -1.929096 10.574682 3.440215
v -2.481080 11.397982 3.161592
v -2.475636 12.140534 3.151978
v -2.520637 12.883086 3.231451
v -2.537189 12.140534 3.260682
v -1.769520 11.397982 3.593063
v -1.825628 12.140534 3.692153
v -1.809077 12.883086 3.662922
v -1.764076 12.140534 3.583449
v -2.004488 10.872313 3.516612
v -2.301775 10.872313 3.336345
v -2.430756 11.500910 3.299828
v -2.464831 12.780159 3.360003
v -2.365178 13.408755 3.448319
v -2.067891 13.408755 3.628585
v -1.944728 12.780159 3.675378
v -1.910654 11.500910 3.615204
v -2.503764 13.408755 3.346503
v -2.446870 13.408755 3.246025
v -1.857420 13.408755 3.603450
v -1.914315 13.408755 3.703927
v -2.383466 10.872313 3.134051
v -2.440361 10.872313 3.234529
v -1.850911 10.872313 3.591954
v -1.794017 10.872313 3.491476
vt 0.375000 0.000000
vt 0.375000 1.000000
vt 0.625000 0.000000
vt 0.625000 1.000000
vt 0.375000 0.250000
vt 0.625000 0.250000
vt 0.500000 0.125000
vt 0.500000 0.375000
vt 0.500000 0.875000
vt 0.750000 0.125000
vt 0.250000 0.125000
vt 0.500000 0.000000
vt 0.500000 1.000000
vt 0.625000 0.125000
vt 0.500000 0.250000
vt 0.375000 0.125000
vt 0.625000 0.375000
vt 0.750000 0.250000
vt 0.375000 0.375000
vt 0.250000 0.250000
vt 0.625000 0.875000
vt 0.750000 0.000000
vt 0.375000 0.875000
vt 0.250000 0.000000
vt 0.437500 0.062500
vt 0.562500 0.062500
vt 0.562500 0.187500
vt 0.437500 0.187500
vt 0.437500 0.312500
vt 0.562500 0.312500
vt 0.562500 0.437500
vt 0.437500 0.437500
vt 0.437500 0.812500
vt 0.562500 0.812500
vt 0.562500 0.937500
vt 0.437500 0.937500
vt 0.687500 0.062500
vt 0.812500 0.062500
vt 0.812500 0.187500
vt 0.687500 0.187500
vt 0.187500 0.062500
vt 0.312500 0.062500
vt 0.312500 0.187500
vt 0.187500 0.187500
vt 0.500000 0.062500
vt 0.562500 0.125000
vt 0.500000 0.187500
vt 0.437500 0.125000
vt 0.500000 0.312500
vt 0.562500 0.375000
vt 0.500000 0.437500
vt 0.437500 0.375000
vt 0.500000 0.812500
vt 0.562500 0.875000
vt 0.500000 0.937500
vt 0.437500 0.875000
vt 0.750000 0.062500
vt 0.812500 0.125000
vt 0.750000 0.187500
vt 0.687500 0.125000
vt 0.250000 0.062500
vt 0.312500 0.125000
vt 0.250000 0.187500
vt 0.187500 0.125000
vt 0.437500 0.000000
vt 0.437500 1.000000
vt 0.562500 0.000000
vt 0.562500 1.000000
vt 0.625000 0.062500
vt 0.625000 0.187500
vt 0.562500 0.250000
vt 0.437500 0.250000
vt 0.375000 0.187500
vt 0.375000 0.062500
vt 0.625000 0.312500
vt 0.687500 0.250000
vt 0.625000 0.437500
vt 0.812500 0.250000
vt 0.375000 0.437500
vt 0.187500 0.250000
vt 0.375000 0.312500
vt 0.312500 0.250000
vt 0.625000 0.812500
vt 0.812500 0.000000
vt 0.625000 0.937500
vt 0.687500 0.000000
vt 0.375000 0.937500
vt 0.312500 0.000000
vt 0.375000 0.812500
vt 0.187500 0.000000
vt 0.375000 0.000000
vt 0.437500 0.000000
vt 0.437500 0.062500
vt 0.375000 0.062500
vt 0.500000 0.000000
vt 0.500000 0.062500
vt 0.500000 0.125000
vt 0.437500 0.125000
vt 0.375000 0.125000
vt 0.562500 0.000000
vt 0.562500 0.062500
vt 0.625000 0.000000
vt 0.625000 0.062500
vt 0.625000 0.125000
vt 0.562500 0.125000
vt 0.562500 0.187500
vt 0.500000 0.187500
vt 0.625000 0.187500
vt 0.625000 0.250000
vt 0.562500 0.250000
vt 0.500000 0.250000
vt 0.437500 0.187500
vt 0.375000 0.187500
vt 0.437500 0.250000
vt 0.375000 0.250000
vt 0.437500 0.312500
vt 0.375000 0.312500
vt 0.500000 0.312500
vt 0.500000 0.375000
vt 0.437500 0.375000
vt 0.375000 0.375000
vt 0.562500 0.312500
vt 0.625000 0.312500
vt 0.625000 0.375000
vt 0.562500 0.375000
vt 0.562500 0.437500
vt 0.500000 0.437500
vt 0.625000 0.437500
vt 0.437500 0.437500
vt 0.375000 0.437500
vt 0.437500 0.812500
vt 0.500000 0.812500
vt 0.500000 0.875000
vt 0.437500 0.875000
vt 0.375000 0.812500
vt 0.375000 0.875000
vt 0.562500 0.812500
vt 0.625000 0.812500
vt 0.625000 0.875000
vt 0.562500 0.875000
vt 0.562500 0.937500
vt 0.500000 0.937500
vt 0.625000 0.937500
vt 0.625000 1.000000
vt 0.562500 1.000000
vt 0.500000 1.000000
vt 0.437500 0.937500
vt 0.375000 0.937500
vt 0.437500 1.000000
vt 0.375000 1.000000
vt 0.687500 0.000000
vt 0.687500 0.062500
vt 0.750000 0.000000
vt 0.750000 0.062500
vt 0.750000 0.125000
vt 0.687500 0.125000
vt 0.812500 0.000000
vt 0.812500 0.062500
vt 0.812500 0.125000
vt 0.812500 0.187500
vt 0.750000 0.187500
vt 0.812500 0.250000
vt 0.750000 0.250000
vt 0.687500 0.187500
vt 0.687500 0.250000
vt 0.187500 0.000000
vt 0.250000 0.000000
vt 0.250000 0.062500
vt 0.187500 0.062500
vt 0.250000 0.125000
vt 0.187500 0.125000
vt 0.312500 0.000000
vt 0.312500 0.062500
vt 0.312500 0.125000
vt 0.312500 0.187500
vt 0.250000 0.187500
vt 0.312500 0.250000
vt 0.250000 0.250000
vt 0.187500 0.187500
vt 0.187500 0.250000
vt 0.375000 0.000000
vt 0.375000 0.062500
vt 0.437500 0.062500
vt 0.437500 0.000000
vt 0.500000 0.062500
vt 0.500000 0.000000
vt 0.437500 0.125000
vt 0.500000 0.125000
vt 0.375000 0.125000
vt 0.562500 0.062500
vt 0.562500 0.000000
vt 0.625000 0.062500
vt 0.625000 0.000000
vt 0.562500 0.125000
vt 0.625000 0.125000
vt 0.500000 0.187500
vt 0.562500 0.187500
vt 0.625000 0.187500
vt 0.562500 0.250000
vt 0.625000 0.250000
vt 0.500000 0.250000
vt 0.375000 0.187500
vt 0.437500 0.187500
vt 0.437500 0.250000
vt 0.375000 0.250000
vt 0.375000 0.312500
vt 0.437500 0.312500
vt 0.500000 0.312500
vt 0.437500 0.375000
vt 0.500000 0.375000
vt 0.375000 0.375000
vt 0.562500 0.312500
vt 0.625000 0.312500
vt 0.562500 0.375000
vt 0.625000 0.375000
vt 0.500000 0.437500
vt 0.562500 0.437500
vt 0.625000 0.437500
vt 0.375000 0.437500
vt 0.437500 0.437500
vt 0.437500 0.812500
vt 0.437500 0.875000
vt 0.500000 0.875000
vt 0.500000 0.812500
vt 0.375000 0.812500
vt 0.375000 0.875000
vt 0.562500 0.812500
vt 0.562500 0.875000
vt 0.625000 0.875000
vt 0.625000 0.812500
vt 0.500000 0.937500
vt 0.562500 0.937500
vt 0.625000 0.937500
vt 0.562500 1.000000
vt 0.625000 1.000000
vt 0.500000 1.000000
vt 0.375000 0.937500
vt 0.437500 0.937500
vt 0.437500 1.000000
vt 0.375000 1.000000
vt 0.687500 0.062500
vt 0.687500 0.000000
vt 0.750000 0.062500
vt 0.750000 0.000000
vt 0.687500 0.125000
vt 0.750000 0.125000
vt 0.812500 0.062500
vt 0.812500 0.000000
vt 0.812500 0.125000
vt 0.750000 0.187500
vt 0.812500 0.187500
vt 0.750000 0.250000
vt 0.812500 0.250000
vt 0.687500 0.187500
vt 0.687500 0.250000
vt 0.187500 0.000000
vt 0.187500 0.062500
vt 0.250000 0.062500
vt 0.250000 0.000000
vt 0.187500 0.125000
vt 0.250000 0.125000
vt 0.312500 0.062500
vt 0.312500 0.000000
vt 0.312500 0.125000
vt 0.250000 0.187500
vt 0.312500 0.187500
vt 0.312500 0.250000
vt 0.250000 0.250000
vt 0.187500 0.187500
vt 0.187500 0.250000
vt 0.375000 0.000000
vt 0.375000 0.062500
vt 0.437500 0.062500
vt 0.437500 0.000000
vt 0.500000 0.062500
vt 0.500000 0.000000
vt 0.437500 0.125000
vt 0.500000 0.125000
vt 0.375000 0.125000
vt 0.562500 0.062500
vt 0.562500 0.000000
vt 0.625000 0.062500
vt 0.625000 0.000000
vt 0.562500 0.125000
vt 0.625000 0.125000
vt 0.500000 0.187500
vt 0.562500 0.187500
vt 0.625000 0.187500
vt 0.562500 0.250000
vt 0.625000 0.250000
vt 0.500000 0.250000
vt 0.375000 0.187500
vt 0.437500 0.187500
vt 0.437500 0.250000
vt 0.375000 0.250000
vt 0.375000 0.312500
vt 0.437500 0.312500
vt 0.500000 0.312500
vt 0.437500 0.375000
vt 0.500000 0.375000
vt 0.375000 0.375000
vt 0.562500 0.312500
vt 0.625000 0.312500
vt 0.562500 0.375000
vt 0.625000 0.375000
vt 0.500000 0.437500
vt 0.562500 0.437500
vt 0.625000 0.437500
vt 0.375000 0.437500
vt 0.437500 0.437500
vt 0.437500 0.812500
vt 0.437500 0.875000
vt 0.500000 0.875000
vt 0.500000 0.812500
vt 0.375000 0.812500
vt 0.375000 0.875000
vt 0.562500 0.812500
vt 0.562500 0.875000
vt 0.625000 0.875000
vt 0.625000 0.812500
vt 0.500000 0.937500
vt 0.562500 0.937500
vt 0.625000 0.937500
vt 0.562500 1.000000
vt 0.625000 1.000000
vt 0.500000 1.000000
vt 0.375000 0.937500
vt 0.437500 0.937500
vt 0.437500 1.000000
vt 0.375000 1.000000
vt 0.687500 0.062500
vt 0.687500 0.000000
vt 0.750000 0.062500
vt 0.750000 0.000000
vt 0.687500 0.125000
vt 0.750000 0.125000
vt 0.812500 0.062500
vt 0.812500 0.000000
vt 0.812500 0.125000
vt 0.750000 0.187500
vt 0.812500 0.187500
vt 0.750000 0.250000
vt 0.812500 0.250000
vt 0.687500 0.187500
vt 0.687500 0.250000
vt 0.187500 0.000000
vt 0.187500 0.062500
vt 0.250000 0.062500
vt 0.250000 0.000000
vt 0.187500 0.125000
vt 0.250000 0.125000
vt 0.312500 0.062500
vt 0.312500 0.000000
vt 0.312500 0.125000
vt 0.250000 0.187500
vt 0.312500 0.187500
vt 0.312500 0.250000
vt 0.250000 0.250000
vt 0.187500 0.187500
vt 0.187500 0.250000
vn 0.383766 -0.073115 0.920531
vn 0.434371 -0.087193 0.896504
vn 0.441256 -0.063815 0.895109
vn 0.381794 -0.063285 0.922078
vn 0.472047 -0.099143 0.875981
vn 0.473364 -0.065760 0.878409
vn 0.473701 -0.054029 0.879027
vn 0.440266 -0.054047 0.896239
vn 0.380164 -0.053886 0.923348
vn 0.509848 -0.087014 0.855852
vn 0.504922 -0.063689 0.860812
vn 0.557384 -0.072733 0.827063
vn 0.559734 -0.062938 0.826279
vn 0.561665 -0.053578 0.825628
vn 0.506395 -0.053933 0.860614
vn 0.503197 -0.038358 0.863320
vn 0.474129 -0.033232 0.879828
vn 0.560102 -0.041164 0.827401
vn 0.559157 -0.021494 0.828783
vn 0.510101 -0.000450 0.860115
vn 0.474334 0.012782 0.880252
vn 0.444295 -0.038424 0.895056
vn 0.382514 -0.041403 0.923022
vn 0.437782 -0.000452 0.899081
vn 0.384187 -0.021635 0.923002
vn 0.221827 0.306490 0.925665
vn -0.214878 0.102651 0.971231
vn 0.447974 0.326435 0.832322
vn 0.005121 0.999952 0.008361
vn -0.406906 0.883739 0.231155
vn -0.801121 0.414794 0.431453
vn 0.647965 0.303242 0.698702
vn 0.920394 0.101109 0.377693
vn 0.822431 0.413183 -0.391009
vn 0.429611 0.882150 -0.192994
vn -0.175916 0.377009 -0.909351
vn -0.428099 0.428419 -0.795732
vn 0.360161 0.140423 -0.922261
vn -0.659593 0.372512 -0.652819
vn -0.961185 0.137788 -0.239037
vn -0.675273 -0.311144 -0.668727
vn -0.440578 -0.368166 -0.818746
vn 0.004162 -0.999972 0.006187
vn -0.406850 -0.884996 0.226396
vn -0.967216 -0.082459 -0.240194
vn -0.801332 -0.420610 0.425387
vn -0.180728 -0.315067 -0.931703
vn 0.362824 -0.083682 -0.928093
vn 0.817726 -0.418990 -0.394678
vn 0.426046 -0.883267 -0.195765
vn 0.633499 -0.366243 0.681576
vn 0.436372 -0.390153 0.810778
vn 0.914055 -0.161478 0.372060
vn 0.215523 -0.369940 0.903711
vn -0.215654 -0.164567 0.962502
vn 0.929768 -0.075206 0.360382
vn 0.892310 -0.063606 -0.446921
vn 0.893523 -0.000312 -0.449017
vn 0.914098 -0.041112 0.403405
vn 0.508842 -0.013024 -0.860762
vn 0.522610 0.027423 -0.852131
vn 0.507940 0.068851 -0.858637
vn 0.894034 0.062663 -0.443596
vn 0.932945 -0.000179 0.360020
vn -0.890620 -0.063623 0.450275
vn -0.995981 -0.012791 -0.088650
vn -0.892786 -0.000332 0.450481
vn -0.996978 0.026741 -0.072937
vn -0.234074 -0.077250 0.969145
vn -0.186784 -0.042251 0.981492
vn -0.236560 -0.000221 0.971617
vn -0.888966 0.062745 0.453655
vn -0.993839 0.067209 -0.088136
vn 0.220856 -0.089538 0.971188
vn 0.358009 -0.107228 0.927541
vn 0.362614 -0.071647 0.929181
vn 0.219377 -0.070356 0.973100
vn 0.474836 -0.116559 0.872322
vn 0.476230 -0.073841 0.876215
vn 0.476997 -0.051301 0.877407
vn 0.356078 -0.051486 0.933037
vn 0.216355 -0.050639 0.975001
vn 0.598313 -0.106677 0.794130
vn 0.598219 -0.070703 0.798208
vn 0.724490 -0.086927 0.683782
vn 0.726746 -0.068173 0.683515
vn 0.729754 -0.049022 0.681951
vn 0.606744 -0.050845 0.793269
vn 0.598333 -0.020324 0.800990
vn 0.477459 -0.016285 0.878503
vn 0.728045 -0.021762 0.685184
vn 0.727085 0.013714 0.686410
vn 0.601318 0.030373 0.798432
vn 0.477719 0.039234 0.877636
vn 0.364765 -0.020385 0.930877
vn 0.220109 -0.022540 0.975215
vn 0.359977 0.030071 0.932476
vn 0.221814 0.013980 0.974989
vn 0.149997 0.369830 0.916911
vn -0.226847 0.195282 0.954152
vn 0.439377 0.395835 0.806389
vn 0.020406 0.999240 0.033210
vn -0.390730 0.886643 0.247375
vn -0.774811 0.497942 0.389514
vn 0.695130 0.362410 0.620849
vn 0.925211 0.189070 0.328994
vn 0.770687 0.496069 -0.399947
vn 0.444495 0.880128 -0.166732
vn -0.229162 0.537365 -0.811618
vn -0.387422 0.589673 -0.708654
vn 0.155669 0.276389 -0.948355
vn -0.574738 0.531504 -0.622237
vn -0.884288 0.266453 -0.383454
vn -0.593239 -0.483897 -0.643359
vn -0.401893 -0.546149 -0.734985
vn 0.018493 -0.999396 0.029433
vn -0.389681 -0.888719 0.241511
vn -0.894926 -0.214114 -0.391487
vn -0.773056 -0.502054 0.387720
vn -0.237678 -0.489305 -0.839101
vn 0.154550 -0.221594 -0.962814
vn 0.768407 -0.499808 -0.399678
vn 0.438975 -0.882488 -0.168870
vn 0.678571 -0.418981 0.603321
vn 0.426356 -0.453925 0.782414
vn 0.916179 -0.239337 0.321455
vn 0.144141 -0.427230 0.892579
vn -0.228072 -0.248092 0.941506
vn 0.951435 -0.096363 0.292378
vn 0.887643 -0.117155 -0.445383
vn 0.892479 -0.000584 -0.451089
vn 0.951038 -0.035439 0.307036
vn 0.373750 -0.057577 -0.925741
vn 0.397805 0.030729 -0.916955
vn 0.369998 0.118745 -0.921412
vn 0.890105 0.115472 -0.440884
vn 0.954598 0.032730 0.296095
vn -0.886466 -0.117209 0.447706
vn -0.977002 -0.054845 -0.206056
vn -0.893138 -0.000650 0.449782
vn -0.982661 0.028998 -0.183128
vn -0.276586 -0.101826 0.955579
vn -0.261252 -0.037554 0.964540
vn -0.275493 0.034567 0.960681
vn -0.884262 0.115723 0.452425
vn -0.971934 0.112578 -0.206570
vn -0.270499 -0.089471 0.958554
vn -0.269123 -0.070301 0.960537
vn -0.409640 -0.071562 0.909436
vn -0.404962 -0.107103 0.908039
vn -0.520118 -0.073732 0.850906
vn -0.518532 -0.116384 0.847101
vn -0.403322 -0.051425 0.913612
vn -0.520941 -0.051226 0.852054
vn -0.266205 -0.050600 0.962587
vn -0.637641 -0.070589 0.767093
vn -0.637539 -0.106506 0.763021
vn -0.759859 -0.068060 0.646515
vn -0.757625 -0.086792 0.646894
vn -0.645884 -0.050761 0.761746
vn -0.762779 -0.048940 0.644805
vn -0.521457 -0.016265 0.853123
vn -0.637892 -0.020290 0.769858
vn -0.761234 -0.021722 0.648113
vn -0.640745 0.030324 0.767155
vn -0.760340 0.013701 0.649381
vn -0.521671 0.039170 0.852247
vn -0.269961 -0.022520 0.962608
vn -0.411867 -0.020360 0.911017
vn -0.407174 0.030037 0.912857
vn -0.271649 0.013974 0.962295
vn 0.177534 0.195359 0.964529
vn -0.196948 0.369608 0.908076
vn -0.479820 0.395319 0.783260
vn 0.377572 0.886974 0.265927
vn -0.022109 0.999243 0.032022
vn 0.754417 0.498466 0.427068
vn -0.725224 0.361919 0.585717
vn -0.940138 0.188962 0.283608
vn -0.435487 0.880289 -0.188264
vn -0.749915 0.496524 -0.437140
vn 0.423074 0.589112 -0.688445
vn 0.270584 0.537002 -0.799008
vn -0.106531 0.276546 -0.955078
vn 0.901896 0.266310 -0.340093
vn 0.605333 0.530908 -0.593050
vn 0.624830 -0.483319 -0.613181
vn 0.376817 -0.889041 0.260030
vn -0.020021 -0.999397 0.028359
vn 0.438840 -0.545588 -0.713970
vn 0.912901 -0.214012 -0.347578
vn 0.752747 -0.502581 0.425187
vn 0.280489 -0.488948 -0.825988
vn -0.429892 -0.882636 -0.190123
vn -0.747654 -0.500254 -0.436761
vn -0.104675 -0.221718 -0.969476
vn -0.465633 -0.453372 0.760026
vn -0.707857 -0.418442 0.569073
vn -0.930762 -0.239191 0.276531
vn 0.179393 -0.248205 0.951952
vn -0.189868 -0.426987 0.884100
vn -0.964502 -0.096278 0.245900
vn -0.864751 -0.117317 -0.488306
vn -0.964828 -0.035406 0.260486
vn -0.869307 -0.000584 -0.494273
vn -0.325884 -0.057636 -0.943652
vn -0.350402 0.030771 -0.936094
vn -0.867434 0.115631 -0.483930
vn -0.322347 0.118874 -0.939128
vn -0.967836 0.032698 0.249449
vn 0.985823 -0.054818 -0.158584
vn 0.863454 -0.117373 0.490582
vn 0.990364 0.028986 -0.135425
vn 0.870016 -0.000652 0.493023
vn 0.227111 -0.101905 0.968523
vn 0.211325 -0.037585 0.976693
vn 0.861018 0.115891 0.495193
vn 0.225775 0.034590 0.973565
vn 0.980790 0.112515 -0.159344
vn -0.430274 -0.073028 0.899740
vn -0.428392 -0.063207 0.901380
vn -0.486246 -0.063727 0.871495
vn -0.479457 -0.087076 0.873235
vn -0.517375 -0.065663 0.853236
vn -0.515941 -0.098987 0.850886
vn -0.485317 -0.053973 0.872671
vn -0.517741 -0.053952 0.853834
vn -0.426828 -0.053820 0.902730
vn -0.547909 -0.063594 0.834117
vn -0.552565 -0.086887 0.828929
vn -0.600740 -0.062839 0.796971
vn -0.598441 -0.072624 0.797868
vn -0.549365 -0.053852 0.833845
vn -0.602632 -0.053493 0.796224
vn -0.518208 -0.033188 0.854611
vn -0.546317 -0.038300 0.836702
vn -0.601162 -0.041096 0.798070
vn -0.553030 -0.000447 0.833161
vn -0.600293 -0.021453 0.799493
vn -0.518434 0.012747 0.855022
vn -0.429153 -0.041350 0.902285
vn -0.489268 -0.038371 0.871289
vn -0.482986 -0.000449 0.875628
vn -0.430814 -0.021602 0.902182
vn 0.164754 0.102693 0.980974
vn -0.269109 0.306223 0.913131
vn -0.489733 0.325983 0.808638
vn 0.394619 0.884007 0.250614
vn -0.005556 0.999952 0.008060
vn 0.778691 0.415365 0.470226
vn -0.682122 0.302778 0.665609
vn -0.937709 0.101053 0.332401
vn -0.419315 0.882318 -0.213750
vn -0.802066 0.413642 -0.430803
vn 0.468065 0.427914 -0.773179
vn 0.222488 0.376772 -0.899190
vn -0.312465 0.140566 -0.939472
vn 0.971609 0.137757 -0.192350
vn 0.691400 0.372003 -0.619338
vn 0.707814 -0.310700 -0.634402
vn 0.394793 -0.885263 0.245861
vn -0.004511 -0.999972 0.005937
vn 0.481662 -0.367701 -0.795486
vn 0.977685 -0.082460 -0.193218
vn 0.779205 -0.421169 0.464173
vn 0.228434 -0.314858 -0.921240
vn -0.415651 -0.883422 -0.216333
vn -0.797186 -0.419442 -0.434237
vn -0.314828 -0.083765 -0.945445
vn -0.477080 -0.389646 0.787763
vn -0.666857 -0.365712 0.649274
vn -0.931111 -0.161359 0.327103
vn 0.165947 -0.164646 0.972293
vn -0.261702 -0.369636 0.891561
vn -0.946195 -0.075125 0.314756
vn -0.869349 -0.063698 -0.490077
vn -0.932685 -0.041064 0.358346
vn -0.870451 -0.000311 -0.492256
vn -0.464471 -0.013038 -0.885492
vn -0.478690 0.027466 -0.877555
vn -0.871234 0.062753 -0.486840
vn -0.463677 0.068947 -0.883317
vn -0.949342 -0.000184 0.314245
vn 0.999098 -0.012789 -0.040499
vn 0.867494 -0.063715 0.493350
vn 0.999336 0.026739 -0.024758
vn 0.869644 -0.000333 0.493680
vn 0.183886 -0.077301 0.979903
vn 0.135979 -0.042275 0.989810
vn 0.865673 0.062840 0.496651
vn 0.186256 -0.000229 0.982501
vn 0.996934 0.067194 -0.040085
s 1
g handpopus_geo ojos_geo
usemtl aiStandardSurface3SG
f 895/1828/2012 952/1892/2013 912/1852/2014 959/1901/2015
f 952/1892/2013 902/1839/2016 932/1872/2017 912/1852/2014
f 912/1852/2014 932/1872/2017 907/1834/2018 935/1875/2019
f 959/1901/2015 912/1852/2014 935/1875/2019 905/1843/2020
f 902/1839/2016 953/1894/2021 913/1853/2022 932/1872/2017
f 953/1894/2021 896/1830/2023 954/1896/2024 913/1853/2022
f 913/1853/2022 954/1896/2024 903/1841/2025 933/1873/2026
f 932/1872/2017 913/1853/2022 933/1873/2026 907/1834/2018
f 907/1834/2018 933/1873/2026 914/1854/2027 934/1874/2028
f 933/1873/2026 903/1841/2025 955/1897/2029 914/1854/2027
f 914/1854/2027 955/1897/2029 898/1833/2030 956/1898/2031
f 934/1874/2028 914/1854/2027 956/1898/2031 904/1842/2032
f 905/1843/2020 935/1875/2019 915/1855/2033 958/1900/2034
f 935/1875/2019 907/1834/2018 934/1874/2028 915/1855/2033
f 915/1855/2033 934/1874/2028 904/1842/2032 957/1899/2035
f 958/1900/2034 915/1855/2033 957/1899/2035 897/1832/2036
f 897/1832/2036 957/1899/2035 916/1856/2037 963/1908/2038
f 957/1899/2035 904/1842/2032 936/1876/2039 916/1856/2037
f 916/1856/2037 936/1876/2039 908/1835/2040 939/1879/2041
f 963/1908/2038 916/1856/2037 939/1879/2041 899/1846/2042
f 904/1842/2032 956/1898/2031 917/1857/2043 936/1876/2039
f 956/1898/2031 898/1833/2030 960/1902/2044 917/1857/2043
f 917/1857/2043 960/1902/2044 906/1844/2045 937/1877/2046
f 936/1876/2039 917/1857/2043 937/1877/2046 908/1835/2040
f 908/1835/2040 937/1877/2046 918/1858/2047 938/1878/2048
f 937/1877/2046 906/1844/2045 961/1904/2049 918/1858/2047
f 899/1846/2042 939/1879/2041 919/1859/2050 962/1906/2051
f 939/1879/2041 908/1835/2040 938/1878/2048 919/1859/2050
f 920/1860/2052 940/1880/2053 909/1836/2054 943/1883/2055
f 967/1916/2056 920/1860/2052 943/1883/2055 901/1850/2057
f 921/1861/2058 964/1910/2059 900/1848/2060 941/1881/2061
f 940/1880/2053 921/1861/2058 941/1881/2061 909/1836/2054
f 909/1836/2054 941/1881/2061 922/1862/2062 942/1882/2063
f 941/1881/2061 900/1848/2060 965/1912/2064 922/1862/2062
f 922/1862/2062 965/1912/2064 896/1831/2023 953/1895/2021
f 942/1882/2063 922/1862/2062 953/1895/2021 902/1840/2016
f 901/1850/2057 943/1883/2055 923/1863/2065 966/1914/2066
f 943/1883/2055 909/1836/2054 942/1882/2063 923/1863/2065
f 923/1863/2065 942/1882/2063 902/1840/2016 952/1893/2013
f 966/1914/2066 923/1863/2065 952/1893/2013 895/1829/2012
f 896/1830/2023 965/1913/2064 924/1864/2067 954/1896/2024
f 965/1913/2064 900/1849/2060 944/1884/2068 924/1864/2067
f 924/1864/2067 944/1884/2068 910/1837/2069 947/1887/2070
f 954/1896/2024 924/1864/2067 947/1887/2070 903/1841/2025
f 900/1849/2060 964/1911/2059 925/1865/2071 944/1884/2068
f 944/1884/2068 925/1865/2071 945/1885/2072 910/1837/2069
f 910/1837/2069 945/1885/2072 926/1866/2073 946/1886/2074
f 946/1886/2074 926/1866/2073 961/1905/2049 906/1845/2045
f 903/1841/2025 947/1887/2070 927/1867/2075 955/1897/2029
f 947/1887/2070 910/1837/2069 946/1886/2074 927/1867/2075
f 927/1867/2075 946/1886/2074 906/1845/2045 960/1903/2044
f 955/1897/2029 927/1867/2075 960/1903/2044 898/1833/2030
f 967/1917/2056 901/1851/2057 948/1888/2076 928/1868/2077
f 928/1868/2077 948/1888/2076 911/1838/2078 951/1891/2079
f 901/1851/2057 966/1915/2066 929/1869/2080 948/1888/2076
f 966/1915/2066 895/1828/2012 959/1901/2015 929/1869/2080
f 929/1869/2080 959/1901/2015 905/1843/2020 949/1889/2081
f 948/1888/2076 929/1869/2080 949/1889/2081 911/1838/2078
f 911/1838/2078 949/1889/2081 930/1870/2082 950/1890/2083
f 949/1889/2081 905/1843/2020 958/1900/2034 930/1870/2082
f 930/1870/2082 958/1900/2034 897/1832/2036 963/1909/2038
f 950/1890/2083 930/1870/2082 963/1909/2038 899/1847/2042
f 951/1891/2079 911/1838/2078 950/1890/2083 931/1871/2084
f 931/1871/2084 950/1890/2083 899/1847/2042 962/1907/2051
s 4
usemtl aiStandardSurface2SG
f 968/1918/2085 1025/1919/2086 985/1920/2087 1032/1921/2088
f 1025/1919/2086 975/1922/2089 1005/1923/2090 985/1920/2087
f 985/1920/2087 1005/1923/2090 980/1924/2091 1008/1925/2092
f 1032/1921/2088 985/1920/2087 1008/1925/2092 978/1926/2093
f 975/1922/2089 1026/1927/2094 986/1928/2095 1005/1923/2090
f 1026/1927/2094 969/1929/2096 1027/1930/2097 986/1928/2095
f 986/1928/2095 1027/1930/2097 976/1931/2098 1006/1932/2099
f 1005/1923/2090 986/1928/2095 1006/1932/2099 980/1924/2091
f 980/1924/2091 1006/1932/2099 987/1933/2100 1007/1934/2101
f 1006/1932/2099 976/1931/2098 1028/1935/2102 987/1933/2100
f 987/1933/2100 1028/1935/2102 971/1936/2103 1029/1937/2104
f 1007/1934/2101 987/1933/2100 1029/1937/2104 977/1938/2105
f 978/1926/2093 1008/1925/2092 988/1939/2106 1031/1940/2107
f 1008/1925/2092 980/1924/2091 1007/1934/2101 988/1939/2106
f 988/1939/2106 1007/1934/2101 977/1938/2105 1030/1941/2108
f 1031/1940/2107 988/1939/2106 1030/1941/2108 970/1942/2109
f 970/1942/2109 1030/1941/2108 989/1943/2110 1036/1944/2111
f 1030/1941/2108 977/1938/2105 1009/1945/2112 989/1943/2110
f 989/1943/2110 1009/1945/2112 981/1946/2113 1012/1947/2114
f 1036/1944/2111 989/1943/2110 1012/1947/2114 972/1948/2115
f 977/1938/2105 1029/1937/2104 990/1949/2116 1009/1945/2112
f 1029/1937/2104 971/1936/2103 1033/1950/2117 990/1949/2116
f 990/1949/2116 1033/1950/2117 979/1951/2118 1010/1952/2119
f 1009/1945/2112 990/1949/2116 1010/1952/2119 981/1946/2113
f 981/1946/2113 1010/1952/2119 991/1953/2120 1011/1954/2121
f 1010/1952/2119 979/1951/2118 1034/1955/2122 991/1953/2120
f 972/1948/2115 1012/1947/2114 992/1956/2123 1035/1957/2124
f 1012/1947/2114 981/1946/2113 1011/1954/2121 992/1956/2123
f 993/1958/2125 1013/1959/2126 982/1960/2127 1016/1961/2128
f 1040/1962/2129 993/1958/2125 1016/1961/2128 974/1963/2130
f 994/1964/2131 1037/1965/2132 973/1966/2133 1014/1967/2134
f 1013/1959/2126 994/1964/2131 1014/1967/2134 982/1960/2127
f 982/1960/2127 1014/1967/2134 995/1968/2135 1015/1969/2136
f 1014/1967/2134 973/1966/2133 1038/1970/2137 995/1968/2135
f 995/1968/2135 1038/1970/2137 969/1971/2096 1026/1972/2094
f 1015/1969/2136 995/1968/2135 1026/1972/2094 975/1973/2089
f 974/1963/2130 1016/1961/2128 996/1974/2138 1039/1975/2139
f 1016/1961/2128 982/1960/2127 1015/1969/2136 996/1974/2138
f 996/1974/2138 1015/1969/2136 975/1973/2089 1025/1976/2086
f 1039/1975/2139 996/1974/2138 1025/1976/2086 968/1977/2085
f 969/1929/2096 1038/1978/2137 997/1979/2140 1027/1930/2097
f 1038/1978/2137 973/1980/2133 1017/1981/2141 997/1979/2140
f 997/1979/2140 1017/1981/2141 983/1982/2142 1020/1983/2143
f 1027/1930/2097 997/1979/2140 1020/1983/2143 976/1931/2098
f 973/1980/2133 1037/1984/2132 998/1985/2144 1017/1981/2141
f 1017/1981/2141 998/1985/2144 1018/1986/2145 983/1982/2142
f 983/1982/2142 1018/1986/2145 999/1987/2146 1019/1988/2147
f 1019/1988/2147 999/1987/2146 1034/1989/2122 979/1990/2118
f 976/1931/2098 1020/1983/2143 1000/1991/2148 1028/1935/2102
f 1020/1983/2143 983/1982/2142 1019/1988/2147 1000/1991/2148
f 1000/1991/2148 1019/1988/2147 979/1990/2118 1033/1992/2117
f 1028/1935/2102 1000/1991/2148 1033/1992/2117 971/1936/2103
f 1040/1993/2129 974/1994/2130 1021/1995/2149 1001/1996/2150
f 1001/1996/2150 1021/1995/2149 984/1997/2151 1024/1998/2152
f 974/1994/2130 1039/1999/2139 1002/2000/2153 1021/1995/2149
f 1039/1999/2139 968/1918/2085 1032/1921/2088 1002/2000/2153
f 1002/2000/2153 1032/1921/2088 978/1926/2093 1022/2001/2154
f 1021/1995/2149 1002/2000/2153 1022/2001/2154 984/1997/2151
f 984/1997/2151 1022/2001/2154 1003/2002/2155 1023/2003/2156
f 1022/2001/2154 978/1926/2093 1031/1940/2107 1003/2002/2155
f 1003/2002/2155 1031/1940/2107 970/1942/2109 1036/2004/2111
f 1023/2003/2156 1003/2002/2155 1036/2004/2111 972/2005/2115
f 1024/1998/2152 984/1997/2151 1023/2003/2156 1004/2006/2157
f 1004/2006/2157 1023/2003/2156 972/2005/2115 1035/2007/2124
s 7
f 1041/2008/2158 1105/2009/2159 1058/2010/2160 1098/2011/2161
f 1098/2011/2161 1058/2010/2160 1078/2012/2162 1048/2013/2163
f 1058/2010/2160 1081/2014/2164 1053/2015/2165 1078/2012/2162
f 1105/2009/2159 1051/2016/2166 1081/2014/2164 1058/2010/2160
f 1048/2013/2163 1078/2012/2162 1059/2017/2167 1099/2018/2168
f 1099/2018/2168 1059/2017/2167 1100/2019/2169 1042/2020/2170
f 1059/2017/2167 1079/2021/2171 1049/2022/2172 1100/2019/2169
f 1078/2012/2162 1053/2015/2165 1079/2021/2171 1059/2017/2167
f 1053/2015/2165 1080/2023/2173 1060/2024/2174 1079/2021/2171
f 1079/2021/2171 1060/2024/2174 1101/2025/2175 1049/2022/2172
f 1060/2024/2174 1102/2026/2176 1044/2027/2177 1101/2025/2175
f 1080/2023/2173 1050/2028/2178 1102/2026/2176 1060/2024/2174
f 1051/2016/2166 1104/2029/2179 1061/2030/2180 1081/2014/2164
f 1081/2014/2164 1061/2030/2180 1080/2023/2173 1053/2015/2165
f 1061/2030/2180 1103/2031/2181 1050/2028/2178 1080/2023/2173
f 1104/2029/2179 1043/2032/2182 1103/2031/2181 1061/2030/2180
f 1043/2032/2182 1109/2033/2183 1062/2034/2184 1103/2031/2181
f 1103/2031/2181 1062/2034/2184 1082/2035/2185 1050/2028/2178
f 1062/2034/2184 1085/2036/2186 1054/2037/2187 1082/2035/2185
f 1109/2033/2183 1045/2038/2188 1085/2036/2186 1062/2034/2184
f 1050/2028/2178 1082/2035/2185 1063/2039/2189 1102/2026/2176
f 1102/2026/2176 1063/2039/2189 1106/2040/2190 1044/2027/2177
f 1063/2039/2189 1083/2041/2191 1052/2042/2192 1106/2040/2190
f 1082/2035/2185 1054/2037/2187 1083/2041/2191 1063/2039/2189
f 1054/2037/2187 1084/2043/2193 1064/2044/2194 1083/2041/2191
f 1083/2041/2191 1064/2044/2194 1107/2045/2195 1052/2042/2192
f 1045/2038/2188 1108/2046/2196 1065/2047/2197 1085/2036/2186
f 1085/2036/2186 1065/2047/2197 1084/2043/2193 1054/2037/2187
f 1066/2048/2198 1089/2049/2199 1055/2050/2200 1086/2051/2201
f 1113/2052/2202 1047/2053/2203 1089/2049/2199 1066/2048/2198
f 1067/2054/2204 1087/2055/2205 1046/2056/2206 1110/2057/2207
f 1086/2051/2201 1055/2050/2200 1087/2055/2205 1067/2054/2204
f 1055/2050/2200 1088/2058/2208 1068/2059/2209 1087/2055/2205
f 1087/2055/2205 1068/2059/2209 1111/2060/2210 1046/2056/2206
f 1068/2059/2209 1099/2061/2168 1042/2062/2170 1111/2060/2210
f 1088/2058/2208 1048/2063/2163 1099/2061/2168 1068/2059/2209
f 1047/2053/2203 1112/2064/2211 1069/2065/2212 1089/2049/2199
f 1089/2049/2199 1069/2065/2212 1088/2058/2208 1055/2050/2200
f 1069/2065/2212 1098/2066/2161 1048/2063/2163 1088/2058/2208
f 1112/2064/2211 1041/2067/2158 1098/2066/2161 1069/2065/2212
f 1042/2020/2170 1100/2019/2169 1070/2068/2213 1111/2069/2210
f 1111/2069/2210 1070/2068/2213 1090/2070/2214 1046/2071/2206
f 1070/2068/2213 1093/2072/2215 1056/2073/2216 1090/2070/2214
f 1100/2019/2169 1049/2022/2172 1093/2072/2215 1070/2068/2213
f 1046/2071/2206 1090/2070/2214 1071/2074/2217 1110/2075/2207
f 1090/2070/2214 1056/2073/2216 1091/2076/2218 1071/2074/2217
f 1056/2073/2216 1092/2077/2219 1072/2078/2220 1091/2076/2218
f 1092/2077/2219 1052/2079/2192 1107/2080/2195 1072/2078/2220
f 1049/2022/2172 1101/2025/2175 1073/2081/2221 1093/2072/2215
f 1093/2072/2215 1073/2081/2221 1092/2077/2219 1056/2073/2216
f 1073/2081/2221 1106/2082/2190 1052/2079/2192 1092/2077/2219
f 1101/2025/2175 1044/2027/2177 1106/2082/2190 1073/2081/2221
f 1113/2083/2202 1074/2084/2222 1094/2085/2223 1047/2086/2203
f 1074/2084/2222 1097/2087/2224 1057/2088/2225 1094/2085/2223
f 1047/2086/2203 1094/2085/2223 1075/2089/2226 1112/2090/2211
f 1112/2090/2211 1075/2089/2226 1105/2009/2159 1041/2008/2158
f 1075/2089/2226 1095/2091/2227 1051/2016/2166 1105/2009/2159
f 1094/2085/2223 1057/2088/2225 1095/2091/2227 1075/2089/2226
f 1057/2088/2225 1096/2092/2228 1076/2093/2229 1095/2091/2227
f 1095/2091/2227 1076/2093/2229 1104/2029/2179 1051/2016/2166
f 1076/2093/2229 1109/2094/2183 1043/2032/2182 1104/2029/2179
f 1096/2092/2228 1045/2095/2188 1109/2094/2183 1076/2093/2229
f 1097/2087/2224 1077/2096/2230 1096/2092/2228 1057/2088/2225
f 1077/2096/2230 1108/2097/2196 1045/2095/2188 1096/2092/2228
s 9
usemtl aiStandardSurface3SG
f 1114/2098/2231 1178/2099/2232 1131/2100/2233 1171/2101/2234
f 1171/2101/2234 1131/2100/2233 1151/2102/2235 1121/2103/2236
f 1131/2100/2233 1154/2104/2237 1126/2105/2238 1151/2102/2235
f 1178/2099/2232 1124/2106/2239 1154/2104/2237 1131/2100/2233
f 1121/2103/2236 1151/2102/2235 1132/2107/2240 1172/2108/2241
f 1172/2108/2241 1132/2107/2240 1173/2109/2242 1115/2110/2243
f 1132/2107/2240 1152/2111/2244 1122/2112/2245 1173/2109/2242
f 1151/2102/2235 1126/2105/2238 1152/2111/2244 1132/2107/2240
f 1126/2105/2238 1153/2113/2246 1133/2114/2247 1152/2111/2244
f 1152/2111/2244 1133/2114/2247 1174/2115/2248 1122/2112/2245
f 1133/2114/2247 1175/2116/2249 1117/2117/2250 1174/2115/2248
f 1153/2113/2246 1123/2118/2251 1175/2116/2249 1133/2114/2247
f 1124/2106/2239 1177/2119/2252 1134/2120/2253 1154/2104/2237
f 1154/2104/2237 1134/2120/2253 1153/2113/2246 1126/2105/2238
f 1134/2120/2253 1176/2121/2254 1123/2118/2251 1153/2113/2246
f 1177/2119/2252 1116/2122/2255 1176/2121/2254 1134/2120/2253
f 1116/2122/2255 1182/2123/2256 1135/2124/2257 1176/2121/2254
f 1176/2121/2254 1135/2124/2257 1155/2125/2258 1123/2118/2251
f 1135/2124/2257 1158/2126/2259 1127/2127/2260 1155/2125/2258
f 1182/2123/2256 1118/2128/2261 1158/2126/2259 1135/2124/2257
f 1123/2118/2251 1155/2125/2258 1136/2129/2262 1175/2116/2249
f 1175/2116/2249 1136/2129/2262 1179/2130/2263 1117/2117/2250
f 1136/2129/2262 1156/2131/2264 1125/2132/2265 1179/2130/2263
f 1155/2125/2258 1127/2127/2260 1156/2131/2264 1136/2129/2262
f 1127/2127/2260 1157/2133/2266 1137/2134/2267 1156/2131/2264
f 1156/2131/2264 1137/2134/2267 1180/2135/2268 1125/2132/2265
f 1118/2128/2261 1181/2136/2269 1138/2137/2270 1158/2126/2259
f 1158/2126/2259 1138/2137/2270 1157/2133/2266 1127/2127/2260
f 1139/2138/2271 1162/2139/2272 1128/2140/2273 1159/2141/2274
f 1186/2142/2275 1120/2143/2276 1162/2139/2272 1139/2138/2271
f 1140/2144/2277 1160/2145/2278 1119/2146/2279 1183/2147/2280
f 1159/2141/2274 1128/2140/2273 1160/2145/2278 1140/2144/2277
f 1128/2140/2273 1161/2148/2281 1141/2149/2282 1160/2145/2278
f 1160/2145/2278 1141/2149/2282 1184/2150/2283 1119/2146/2279
f 1141/2149/2282 1172/2151/2241 1115/2152/2243 1184/2150/2283
f 1161/2148/2281 1121/2153/2236 1172/2151/2241 1141/2149/2282
f 1120/2143/2276 1185/2154/2284 1142/2155/2285 1162/2139/2272
f 1162/2139/2272 1142/2155/2285 1161/2148/2281 1128/2140/2273
f 1142/2155/2285 1171/2156/2234 1121/2153/2236 1161/2148/2281
f 1185/2154/2284 1114/2157/2231 1171/2156/2234 1142/2155/2285
f 1115/2110/2243 1173/2109/2242 1143/2158/2286 1184/2159/2283
f 1184/2159/2283 1143/2158/2286 1163/2160/2287 1119/2161/2279
f 1143/2158/2286 1166/2162/2288 1129/2163/2289 1163/2160/2287
f 1173/2109/2242 1122/2112/2245 1166/2162/2288 1143/2158/2286
f 1119/2161/2279 1163/2160/2287 1144/2164/2290 1183/2165/2280
f 1163/2160/2287 1129/2163/2289 1164/2166/2291 1144/2164/2290
f 1129/2163/2289 1165/2167/2292 1145/2168/2293 1164/2166/2291
f 1165/2167/2292 1125/2169/2265 1180/2170/2268 1145/2168/2293
f 1122/2112/2245 1174/2115/2248 1146/2171/2294 1166/2162/2288
f 1166/2162/2288 1146/2171/2294 1165/2167/2292 1129/2163/2289
f 1146/2171/2294 1179/2172/2263 1125/2169/2265 1165/2167/2292
f 1174/2115/2248 1117/2117/2250 1179/2172/2263 1146/2171/2294
f 1186/2173/2275 1147/2174/2295 1167/2175/2296 1120/2176/2276
f 1147/2174/2295 1170/2177/2297 1130/2178/2298 1167/2175/2296
f 1120/2176/2276 1167/2175/2296 1148/2179/2299 1185/2180/2284
f 1185/2180/2284 1148/2179/2299 1178/2099/2232 1114/2098/2231
f 1148/2179/2299 1168/2181/2300 1124/2106/2239 1178/2099/2232
f 1167/2175/2296 1130/2178/2298 1168/2181/2300 1148/2179/2299
f 1130/2178/2298 1169/2182/2301 1149/2183/2302 1168/2181/2300
f 1168/2181/2300 1149/2183/2302 1177/2119/2252 1124/2106/2239
f 1149/2183/2302 1182/2184/2256 1116/2122/2255 1177/2119/2252
f 1169/2182/2301 1118/2185/2261 1182/2184/2256 1149/2183/2302
f 1170/2177/2297 1150/2186/2303 1169/2182/2301 1130/2178/2298
f 1150/2186/2303 1181/2187/2269 1118/2185/2261 1169/2182/2301
g default
v 1.042750 8.354376 3.756343
v 0.775178 9.203787 3.800255
v 0.778880 9.203914 3.394104
v 1.044634 8.354449 3.350181
v -0.009569 7.824529 3.909413
v 0.005375 8.877970 3.974474
v 0.005375 8.877970 3.568301
v -0.009569 7.824529 3.503239
v 1.061324 8.914544 3.355052
v 1.057651 8.914404 3.761203
v -0.002321 8.335466 3.962897
v 0.734745 8.666775 3.865755
v 0.750504 8.639650 3.864020
v -0.001566 8.388714 3.967786
v 0.704907 8.674397 3.872872
v -0.002321 8.335466 3.556723
v 0.737097 8.668727 3.459860
v 0.752853 8.641603 3.458125
v -0.001566 8.388714 3.561613
v 0.707275 8.676350 3.466977
v 0.575978 7.879230 3.828493
v 0.401618 8.370790 3.916410
v 0.394903 8.429796 3.924313
v 0.422209 9.129464 3.895424
v 0.425490 9.129585 3.489269
v 0.396903 8.429871 3.518151
v 0.403365 8.370856 3.510247
v 0.575978 7.879230 3.422319
v -0.010510 7.758212 3.698430
v 0.609572 7.818594 3.613248
v 1.073372 8.297662 3.531929
v 1.124420 8.957899 3.537769
v 0.784002 9.282814 3.585585
v 0.424015 9.202438 3.688132
v 0.006584 8.963226 3.771387
v -0.006946 8.009474 4.017514
v 0.470690 8.069272 3.951637
v 0.966724 8.476425 3.879460
v 0.916164 8.819898 3.864539
v 0.759653 9.017773 3.897374
v 0.405500 8.918658 3.992187
v 0.002008 8.640662 4.059155
v -0.002741 8.305865 3.747340
v 0.351838 8.360084 3.708542
v 0.713442 8.582932 3.666460
v 0.683900 8.604622 3.669564
v 0.676377 8.647487 3.668692
v 0.378003 8.445046 3.715208
v -0.002091 8.351671 3.751546
v -0.006447 8.044629 3.442513
v 0.460830 8.103997 3.380793
v 0.959130 8.493741 3.342457
v 0.897603 8.804298 3.347132
v 0.758632 8.980897 3.352027
v 0.405704 8.880537 3.419575
v 0.000401 8.527325 3.482783
v -1.046957 8.356888 3.755350
v -0.755466 9.202790 3.801836
v -0.758583 9.204949 3.395686
v -1.048547 8.357993 3.349188
v -1.049206 8.918668 3.354783
v -1.046109 8.916497 3.760933
v -0.729163 8.667607 3.864692
v -0.745688 8.640656 3.863190
v -0.699115 8.674908 3.871597
v -0.733176 8.667231 3.458624
v -0.749696 8.640280 3.457122
v -0.703148 8.674533 3.465529
v -0.593592 7.877295 3.828493
v -0.405463 8.366472 3.915475
v -0.397097 8.425335 3.923242
v -0.404635 9.124864 3.896649
v -0.407413 9.126650 3.490495
v -0.398791 8.426424 3.517080
v -0.406943 8.367424 3.509312
v -0.593592 7.877295 3.422319
v -0.628900 7.817029 3.613248
v -1.079029 8.301016 3.531232
v -1.111343 8.961700 3.537611
v -0.761750 9.282894 3.587554
v -0.404119 9.198661 3.689762
v -0.482929 8.066174 3.951637
v -0.967705 8.477427 3.877671
v -0.907429 8.820196 3.864025
v -0.745345 9.016289 3.898055
v -0.393962 8.913760 3.992432
v -0.355843 8.356506 3.707753
v -0.711150 8.582306 3.665619
v -0.680997 8.603674 3.668567
v -0.672262 8.646452 3.667380
v -0.379606 8.441103 3.714158
v -0.472067 8.100851 3.380696
v -0.958901 8.497106 3.340531
v -0.888557 8.806970 3.346580
v -0.744569 8.982109 3.352536
v -0.394664 8.877557 3.419677
vt 0.625000 0.000000
vt 0.375000 0.250000
vt 0.625000 0.250000
vt 0.625000 0.500000
vt 0.375000 0.750000
vt 0.625000 0.750000
vt 0.625000 1.000000
vt 0.875000 0.000000
vt 0.875000 0.250000
vt 0.500000 0.000000
vt 0.500000 1.000000
vt 0.500000 0.250000
vt 0.500000 0.500000
vt 0.500000 0.750000
vt 0.375000 0.125000
vt 0.375000 0.625000
vt 0.625000 0.625000
vt 0.875000 0.125000
vt 0.625000 0.125000
vt 0.500000 0.000000
vt 0.375000 0.125000
vt 0.500000 0.750000
vt 0.375000 0.750000
vt 0.375000 0.625000
vt 0.625000 0.000000
vt 0.625000 0.125000
vt 0.625000 0.625000
vt 0.500000 0.500000
vt 0.625000 0.500000
vt 0.500000 0.250000
vt 0.375000 0.250000
vt 0.437500 0.750000
vt 0.562500 1.000000
vt 0.437500 0.750000
vt 0.625000 0.062500
vt 0.562500 0.250000
vt 0.625000 0.062500
vt 0.437500 0.250000
vt 0.562500 0.500000
vt 0.437500 0.250000
vt 0.625000 0.562500
vt 0.562500 0.750000
vt 0.625000 0.562500
vt 0.500000 0.875000
vt 0.562500 0.875000
vt 0.625000 0.875000
vt 0.750000 0.000000
vt 0.750000 0.125000
vt 0.625000 0.375000
vt 0.750000 0.250000
vt 0.562500 0.375000
vt 0.500000 0.375000
vt 0.500000 0.750000
vt 0.437500 0.750000
vt 0.375000 0.750000
vt 0.375000 0.625000
vt 0.500000 0.000000
vt 0.625000 0.000000
vt 0.625000 0.062500
vt 0.625000 0.125000
vt 0.562500 0.187500
vt 0.531250 0.156250
vt 0.500000 0.125000
vt 0.437500 0.562500
vt 0.437500 0.062500
vt 0.500000 0.625000
vt 0.531250 0.656250
vt 0.562500 0.687500
vt 0.625000 0.625000
vt 0.625000 0.562500
vt 0.625000 0.500000
vt 0.375000 0.125000
vt 0.500000 0.500000
vt 0.375000 0.250000
vt 0.437500 0.250000
vt 0.500000 0.250000
vt 0.625000 0.000000
vt 0.750000 0.000000
vt 0.750000 0.125000
vt 0.625000 0.125000
vt 0.562500 0.375000
vt 0.500000 0.375000
vt 0.500000 0.250000
vt 0.562500 0.250000
vt 0.500000 1.000000
vt 0.500000 0.875000
vt 0.562500 0.875000
vt 0.562500 1.000000
vt 0.750000 0.250000
vt 0.625000 0.250000
vt 0.500000 0.750000
vt 0.437500 0.750000
vt 0.437500 0.750000
vt 0.500000 0.750000
vt 0.375000 0.750000
vt 0.375000 0.625000
vt 0.375000 0.625000
vt 0.375000 0.750000
vt 0.500000 0.000000
vt 0.625000 0.000000
vt 0.625000 0.000000
vt 0.500000 0.000000
vt 0.625000 0.062500
vt 0.625000 0.062500
vt 0.625000 0.125000
vt 0.625000 0.125000
vt 0.500000 0.500000
vt 0.625000 0.500000
vt 0.625000 0.500000
vt 0.500000 0.500000
vt 0.625000 0.625000
vt 0.625000 0.562500
vt 0.625000 0.562500
vt 0.625000 0.625000
vt 0.437500 0.250000
vt 0.437500 0.250000
vt 0.500000 0.250000
vt 0.375000 0.250000
vt 0.375000 0.125000
vt 0.375000 0.125000
vt 0.375000 0.250000
vt 0.625000 0.375000
vt 0.625000 0.875000
vt 0.625000 1.000000
vt 0.531250 0.656250
vt 0.562500 0.687500
vt 0.500000 0.625000
vt 0.437500 0.562500
vt 0.500000 0.125000
vt 0.437500 0.062500
vt 0.531250 0.156250
vt 0.562500 0.187500
vt 0.500000 0.750000
vt 0.562500 0.750000
vt 0.625000 0.750000
vt 0.875000 0.000000
vt 0.875000 0.125000
vt 0.875000 0.250000
vt 0.562500 0.500000
vt 0.437500 0.750000
vt 0.375000 0.750000
vt 0.375000 0.625000
vt 0.500000 0.000000
vt 0.625000 0.062500
vt 0.500000 0.250000
vt 0.437500 0.250000
vt 0.375000 0.250000
vt 0.375000 0.125000
vt 0.500000 0.500000
vt 0.625000 0.500000
vt 0.625000 0.562500
vt 0.625000 0.625000
vt 0.500000 0.250000
vt 0.625000 0.500000
vt 0.500000 0.500000
vt 0.500000 0.750000
vt 0.625000 0.000000
vt 0.625000 0.000000
vt 0.625000 0.125000
vt 0.500000 0.250000
vt 0.625000 0.500000
vt 0.500000 0.500000
vt 0.500000 0.750000
vt 0.625000 0.000000
vt 0.625000 0.000000
vt 0.625000 0.125000
vn 0.975369 -0.054587 0.213720
vn 0.998454 -0.054692 0.009886
vn 0.950549 0.310574 0.000038
vn 0.926435 0.261095 0.271197
vn -0.369862 0.929079 0.003747
vn -0.006352 0.999408 0.033798
vn -0.002594 0.932927 0.360055
vn -0.327173 0.885423 0.330127
vn 0.001895 -0.955571 0.294754
vn 0.001171 -0.999635 0.026980
vn 0.453248 -0.891383 0.001628
vn 0.441245 -0.845428 0.300924
vn 0.704235 0.709089 0.035296
vn 0.690277 0.657105 0.302872
vn 0.000323 -0.164815 0.986324
vn 0.224643 -0.185491 0.956624
vn 0.070868 0.141258 0.987433
vn 0.000334 0.155214 0.987881
vn 0.400367 -0.085780 0.912331
vn 0.490101 0.104872 0.865334
vn 0.042147 -0.039818 0.998318
vn 0.019749 0.104777 0.994300
vn 0.290777 0.182405 0.939243
vn 0.250180 -0.122940 0.960362
vn 0.235434 -0.182348 0.954631
vn 0.144032 0.082665 0.986114
vn 0.001164 -0.080238 0.996775
vn -0.002298 -0.212084 0.977249
vn 0.048325 0.083428 -0.995341
vn 0.011423 -0.114897 -0.993312
vn -0.128763 0.060418 -0.989833
vn -0.107918 -0.018259 -0.993992
vn -0.000036 0.060216 -0.998185
vn -0.140759 0.050008 -0.988780
vn -0.047777 -0.188067 -0.980994
vn 0.001469 -0.250849 -0.968025
vn -0.003137 0.260560 -0.965452
vn -0.304827 0.246164 -0.920046
vn -0.193953 0.013275 -0.980921
vn 0.002489 -0.131427 -0.991323
vn -0.184658 0.211952 -0.959676
vn -0.123192 0.028587 -0.991971
vn -0.228774 0.971282 -0.065366
vn -0.110355 0.935957 0.334373
vn 0.713564 -0.700214 -0.022955
vn 0.709850 -0.647777 0.276584
vn -0.005394 0.975016 0.222067
vn -0.135405 0.966165 0.219522
vn -0.163182 0.986504 -0.013460
vn -0.005252 0.999892 0.013689
vn -0.532440 0.793228 0.295460
vn -0.532440 0.793228 0.295460
vn -0.591215 0.806224 -0.021634
vn -0.586833 0.809422 0.021546
vn 0.852726 -0.480235 -0.205506
vn 0.852726 -0.480235 -0.205506
vn 0.886104 -0.463486 0.000542
vn 0.886500 -0.462680 0.006642
vn 0.995145 -0.045736 -0.087145
vn 0.995145 -0.045736 -0.087145
vn 0.999782 -0.016969 0.012157
vn 0.999794 -0.020309 0.000668
vn 0.576340 -0.778063 0.249901
vn 0.576340 -0.778063 0.249901
vn 0.574264 -0.818192 0.027967
vn 0.570528 -0.821144 -0.014820
vn 0.153181 -0.937534 0.312354
vn 0.005598 -0.948631 0.316336
vn 0.004514 -0.999699 0.024110
vn 0.123172 -0.992089 -0.024269
vn 0.001429 -0.948889 -0.315607
vn 0.393923 -0.854164 -0.339453
vn 0.649704 -0.687132 -0.325169
vn 0.967950 -0.051570 -0.245792
vn 0.914353 0.261296 -0.309327
vn 0.635223 0.692460 -0.342039
vn -0.422817 0.844294 -0.329232
vn -0.289170 0.893134 -0.344516
vn -0.002576 0.929738 -0.368213
vn -0.000065 -0.489068 0.872246
vn 0.345262 -0.421361 0.838599
vn 0.524872 -0.292111 0.799488
vn 0.608149 0.185857 0.771759
vn 0.279328 0.387722 0.878435
vn 0.054523 0.409855 0.910519
vn -0.002594 0.376397 0.926455
vn 0.005106 -0.929536 -0.368697
vn 0.077362 -0.927108 -0.366723
vn 0.522086 -0.804047 -0.284489
vn 0.522086 -0.804047 -0.284489
vn 0.992714 0.014412 0.119629
vn 0.992714 0.014412 0.119629
vn 0.879868 -0.425016 0.212589
vn 0.879868 -0.425016 0.212589
vn -0.592863 0.751248 -0.290067
vn -0.592863 0.751248 -0.290067
vn -0.180787 0.956800 -0.227706
vn -0.004115 0.972889 -0.231238
vn -0.255712 0.345239 -0.903007
vn -0.002744 0.385495 -0.922706
vn -0.393404 0.209850 -0.895096
vn -0.446549 -0.200169 -0.872082
vn -0.080419 -0.273227 -0.958582
vn -0.001105 -0.282141 -0.959372
vn 0.002131 -0.287360 -0.957820
vn -0.976661 -0.027273 0.213048
vn -0.919382 0.285630 0.270465
vn -0.942276 0.334838 0.000178
vn -0.999612 -0.026399 0.008865
vn 0.374204 0.927319 0.007122
vn 0.326924 0.883314 0.335973
vn -0.446507 -0.841918 0.302994
vn -0.461758 -0.887005 0.001278
vn -0.678287 0.669600 0.302592
vn -0.690620 0.722248 0.037443
vn -0.072161 0.144459 0.986876
vn -0.225663 -0.180644 0.957311
vn -0.401382 -0.074359 0.912887
vn -0.020037 0.104806 0.994291
vn -0.042769 -0.043176 0.998152
vn -0.486613 0.115901 0.865895
vn -0.253301 -0.120697 0.959828
vn -0.290644 0.184778 0.938820
vn -0.236736 -0.178149 0.955102
vn -0.146480 0.082394 0.985776
vn -0.048750 0.088337 -0.994897
vn 0.106629 -0.017481 -0.994145
vn 0.127967 0.056300 -0.990179
vn -0.012957 -0.116726 -0.993080
vn 0.046849 -0.190352 -0.980597
vn 0.141476 0.042141 -0.989044
vn 0.193383 0.009826 -0.981074
vn 0.306427 0.241038 -0.920871
vn 0.188941 0.211856 -0.958863
vn 0.123508 0.027587 -0.991960
vn 0.238905 0.969145 -0.060686
vn 0.119208 0.933081 0.339336
vn -0.722647 -0.632805 0.278098
vn -0.727175 -0.686001 -0.024876
vn 0.154243 0.987952 -0.012675
vn 0.125233 0.967239 0.220827
vn 0.547165 0.783165 0.295405
vn 0.600570 0.799325 0.019877
vn 0.604728 0.796058 -0.024419
vn 0.547165 0.783165 0.295405
vn -0.865158 -0.459815 -0.200179
vn -0.898072 -0.439653 0.013119
vn -0.897702 -0.440550 0.006785
vn -0.865158 -0.459815 -0.200179
vn -0.996397 -0.015997 -0.083296
vn -0.999944 0.009439 0.004797
vn -0.999780 0.012833 0.016567
vn -0.996396 -0.015997 -0.083296
vn -0.590404 -0.766538 0.252670
vn -0.583472 -0.812023 -0.013378
vn -0.587507 -0.808669 0.029831
vn -0.590404 -0.766538 0.252670
vn -0.144608 -0.938588 0.313274
vn -0.113485 -0.993201 -0.025959
vn -0.399460 -0.850457 -0.342279
vn -0.661851 -0.673800 -0.328552
vn -0.906950 0.287857 -0.307539
vn -0.968771 -0.023735 -0.246820
vn -0.622574 0.706469 -0.336605
vn 0.426523 0.842325 -0.329494
vn 0.299257 0.890907 -0.341659
vn -0.350074 -0.412287 0.841111
vn -0.529020 -0.277693 0.801888
vn -0.605245 0.199178 0.770718
vn -0.273932 0.391378 0.878513
vn -0.051910 0.407494 0.911732
vn -0.067822 -0.927057 -0.368734
vn -0.532694 -0.797491 -0.283276
vn -0.532694 -0.797491 -0.283276
vn -0.991410 0.043556 0.123326
vn -0.991410 0.043556 0.123326
vn -0.889652 -0.400290 0.219742
vn -0.889652 -0.400290 0.219742
vn 0.603489 0.740860 -0.294834
vn 0.603489 0.740860 -0.294834
vn 0.173381 0.958228 -0.227460
vn 0.257172 0.339245 -0.904862
vn 0.397945 0.200483 -0.895235
vn 0.444589 -0.208187 -0.871206
vn 0.080878 -0.270522 -0.959310
vn 0.004611 -0.279069 -0.960260
s 1
g handpopus_geo boca_geo
usemtl aiStandardSurface6SG
f 1187/2188/2304 1217/2234/2305 1218/2235/2306 1196/2206/2307
s 2
f 1220/2238/2308 1221/2239/2309 1192/2199/2310 1210/2223/2311
s 3
f 1191/2198/2312 1215/2231/2313 1216/2232/2314 1207/2220/2315
s 1
f 1196/2206/2307 1218/2235/2306 1219/2237/2316 1188/2190/2317
s 4
f 1222/2240/2318 1223/2241/2319 1208/2221/2320 1197/2209/2321
f 1224/2242/2322 1225/2243/2323 1198/2211/2324 1199/2210/2325
f 1225/2244/2323 1226/2245/2326 1201/2212/2327 1198/2207/2324
f 1209/2222/2328 1227/2246/2329 1228/2247/2330 1200/2213/2331
s 6
f 1195/2200/2332 1190/2191/2333 1238/2258/2334 1239/2260/2335
f 1236/2256/2336 1237/2257/2337 1214/2230/2338 1194/2204/2339
f 1193/2340/2340 1211/2225/2341 1241/2262/2342 1242/2263/2343
f 1189/2189/2344 1195/2202/2332 1239/2259/2335 1240/2261/2345
s 4
f 1208/2221/2320 1223/2241/2319 1224/2242/2322 1199/2210/2325
f 1226/2245/2326 1227/2246/2329 1209/2222/2328 1201/2212/2327
s 2
f 1219/2236/2346 1220/2238/2308 1210/2223/2311 1188/2190/2347
s 6
f 1240/2261/2345 1241/2262/2342 1211/2225/2341 1189/2189/2344
f 1190/2191/2333 1214/2230/2338 1237/2257/2337 1238/2258/2334
s 3
f 1207/2220/2315 1216/2232/2314 1217/2233/2348 1187/2194/2349
s 9
f 1197/2209/2350 1208/2221/2351 1234/2254/2352 1235/2255/2353
s 10
f 1208/2221/2354 1199/2210/2355 1233/2253/2356 1234/2254/2357
s 11
f 1199/2210/2358 1198/2211/2359 1232/2251/2360 1233/2253/2361
s 12
f 1198/2207/2362 1201/2212/2363 1231/2250/2364 1232/2252/2365
s 13
f 1201/2212/2366 1209/2222/2367 1230/2249/2368 1231/2250/2369
s 14
f 1209/2222/2370 1200/2213/2371 1229/2248/2372 1230/2249/2373
s 3
f 1216/2232/2314 1215/2231/2313 1194/2201/2374 1214/2229/2375
f 1217/2233/2348 1216/2232/2314 1214/2229/2375 1190/2193/2376
s 1
f 1218/2235/2306 1217/2234/2305 1190/2195/2377 1195/2205/2378
f 1219/2237/2316 1218/2235/2306 1195/2205/2378 1189/2196/2379
s 2
f 1211/2226/2380 1220/2238/2308 1219/2236/2346 1189/2341/2381
f 1193/2342/2382 1221/2239/2309 1220/2238/2308 1211/2226/2380
s 4
f 1191/2343/2383 1207/2219/2384 1223/2241/2319 1222/2240/2318
f 1224/2242/2322 1223/2241/2319 1207/2219/2384 1187/2192/2385
f 1187/2192/2385 1196/2203/2386 1225/2243/2323 1224/2242/2322
f 1196/2197/2386 1188/2344/2387 1226/2245/2326 1225/2244/2323
f 1188/2345/2387 1210/2224/2388 1227/2246/2329 1226/2245/2326
f 1228/2247/2330 1227/2246/2329 1210/2224/2388 1192/2346/2389
s 14
f 1230/2249/2373 1229/2248/2372 1205/2217/2390 1212/2227/2391
s 13
f 1231/2250/2369 1230/2249/2368 1212/2227/2392 1206/2218/2393
s 12
f 1232/2252/2365 1231/2250/2364 1206/2218/2394 1203/2208/2395
s 11
f 1233/2253/2361 1232/2251/2360 1203/2215/2396 1204/2216/2397
s 10
f 1234/2254/2357 1233/2253/2356 1204/2216/2398 1213/2228/2399
s 9
f 1235/2255/2353 1234/2254/2352 1213/2228/2400 1202/2214/2401
s 6
f 1213/2228/2402 1237/2257/2337 1236/2256/2336 1202/2214/2403
f 1238/2258/2334 1237/2257/2337 1213/2228/2402 1204/2216/2404
f 1239/2260/2335 1238/2258/2334 1204/2216/2404 1203/2215/2405
f 1240/2261/2345 1239/2259/2335 1203/2208/2405 1206/2218/2406
f 1212/2227/2407 1241/2262/2342 1240/2261/2345 1206/2218/2406
f 1242/2263/2343 1241/2262/2342 1212/2227/2407 1205/2217/2408
s 15
f 1243/2264/2409 1248/2267/2410 1265/2266/2411 1264/2265/2412
s 2
f 1267/2268/2413 1258/2271/2414 1192/2270/2310 1221/2269/2309
s 3
f 1191/2272/2312 1255/2275/2415 1263/2274/2416 1215/2273/2313
s 15
f 1248/2267/2410 1244/2277/2417 1266/2276/2418 1265/2266/2411
s 4
f 1222/2278/2318 1197/2281/2321 1256/2280/2419 1268/2279/2420
f 1269/2282/2421 1250/2285/2422 1249/2284/2423 1270/2283/2424
f 1270/2286/2424 1249/2289/2423 1251/2288/2425 1271/2287/2426
f 1257/2290/2427 1200/2293/2331 1228/2292/2330 1272/2291/2428
s 6
f 1247/2294/2429 1280/2297/2430 1279/2296/2431 1246/2295/2432
f 1236/2298/2336 1194/2301/2339 1262/2300/2433 1278/2299/2434
f 1193/2347/2340 1242/2304/2343 1282/2303/2435 1259/2302/2436
f 1245/2305/2437 1281/2308/2438 1280/2307/2430 1247/2306/2429
s 4
f 1256/2280/2419 1250/2285/2422 1269/2282/2421 1268/2279/2420
f 1271/2287/2426 1251/2288/2425 1257/2290/2427 1272/2291/2428
s 2
f 1266/2309/2439 1244/2277/2440 1258/2271/2414 1267/2268/2413
s 6
f 1281/2308/2438 1245/2305/2437 1259/2302/2436 1282/2303/2435
f 1246/2295/2432 1279/2296/2431 1278/2299/2434 1262/2300/2433
s 3
f 1255/2275/2415 1243/2311/2441 1264/2310/2442 1263/2274/2416
s 9
f 1197/2281/2350 1235/2313/2353 1277/2312/2443 1256/2280/2444
s 17
f 1256/2280/2445 1277/2312/2446 1276/2314/2447 1250/2285/2448
s 18
f 1250/2285/2449 1276/2314/2450 1275/2315/2451 1249/2284/2452
s 19
f 1249/2289/2453 1275/2317/2454 1274/2316/2455 1251/2288/2456
s 20
f 1251/2288/2457 1274/2316/2458 1273/2318/2459 1257/2290/2460
s 14
f 1257/2290/2461 1273/2318/2462 1229/2319/2372 1200/2293/2371
s 3
f 1263/2274/2416 1262/2321/2463 1194/2320/2374 1215/2273/2313
f 1264/2310/2442 1246/2322/2464 1262/2321/2463 1263/2274/2416
s 15
f 1265/2266/2411 1247/2324/2465 1246/2323/2466 1264/2265/2412
f 1266/2276/2418 1245/2325/2467 1247/2324/2465 1265/2266/2411
s 2
f 1259/2326/2468 1245/2348/2469 1266/2309/2439 1267/2268/2413
f 1193/2349/2382 1259/2326/2468 1267/2268/2413 1221/2269/2309
s 4
f 1191/2350/2383 1222/2278/2318 1268/2279/2420 1255/2327/2470
f 1269/2282/2421 1243/2328/2471 1255/2327/2470 1268/2279/2420
f 1243/2328/2471 1269/2282/2421 1270/2283/2424 1248/2329/2472
f 1248/2330/2472 1270/2286/2424 1271/2287/2426 1244/2351/2473
f 1244/2352/2473 1271/2287/2426 1272/2291/2428 1258/2331/2474
f 1228/2292/2330 1192/2353/2389 1258/2331/2474 1272/2291/2428
s 14
f 1273/2318/2462 1260/2333/2475 1205/2332/2390 1229/2319/2372
s 20
f 1274/2316/2458 1254/2334/2476 1260/2333/2477 1273/2318/2459
s 19
f 1275/2317/2454 1252/2335/2478 1254/2334/2479 1274/2316/2455
s 18
f 1276/2314/2450 1253/2337/2480 1252/2336/2481 1275/2315/2451
s 17
f 1277/2312/2446 1261/2338/2482 1253/2337/2483 1276/2314/2447
s 9
f 1235/2313/2353 1202/2339/2401 1261/2338/2484 1277/2312/2443
s 6
f 1261/2338/2485 1202/2339/2403 1236/2298/2336 1278/2299/2434
f 1279/2296/2431 1253/2337/2486 1261/2338/2485 1278/2299/2434
f 1280/2297/2430 1252/2336/2487 1253/2337/2486 1279/2296/2431
f 1281/2308/2438 1254/2334/2488 1252/2335/2487 1280/2307/2430
f 1260/2333/2489 1254/2334/2488 1281/2308/2438 1282/2303/2435
f 1242/2304/2343 1205/2332/2408 1260/2333/2489 1282/2303/2435
